# Blender 4.5.3 LTS
# www.blender.org
mtllib Sweater.mtl
o Sweater
v -0.189872 1.384899 0.002766
v -0.142056 1.511927 0.042860
v -0.119087 1.476164 0.068378
v -0.084478 1.478931 0.075019
v 0.063998 1.475522 0.079323
v 0.147817 1.369218 0.058136
v 0.174239 1.464214 0.048925
v 0.168367 1.350360 0.011209
v 0.193159 1.373194 -0.082102
v 0.069291 1.597645 -0.089769
v -0.069242 1.597374 -0.090136
v -0.179480 1.356770 -0.074621
v 0.513982 1.061926 0.017570
v 0.220529 1.449655 -0.104749
v -0.184417 1.372212 -0.012115
v -0.184755 1.357446 -0.008287
v -0.187106 1.361331 0.011328
v -0.181366 1.363055 0.033588
v -0.183942 1.383201 0.031266
v -0.186200 1.402399 0.032834
v -0.194111 1.403286 0.015876
v -0.205397 1.398974 0.012479
v -0.200194 1.381615 -0.000364
v -0.194042 1.368660 -0.013453
v -0.147577 1.482052 0.055528
v -0.132463 1.479082 0.062332
v -0.124831 1.498370 0.055092
v -0.115461 1.512031 0.049899
v -0.127254 1.529011 0.036492
v -0.161304 1.509236 0.041074
v -0.162706 1.481609 0.050458
v -0.151018 1.541252 0.024858
v -0.166251 1.535353 0.027272
v -0.136713 1.549890 0.019859
v -0.117642 1.462949 0.074892
v -0.102339 1.469928 0.075666
v -0.110494 1.485520 0.066298
v -0.135135 1.458760 0.069795
v -0.098840 1.449404 0.085221
v -0.081487 1.453272 0.086523
v -0.059812 1.452884 0.088738
v -0.059086 1.473019 0.080553
v -0.053328 1.490638 0.073207
v -0.073227 1.499216 0.066741
v -0.100654 1.497273 0.062383
v -0.089597 1.511493 0.057039
v 0.053227 1.448833 0.090799
v 0.072293 1.444931 0.091016
v 0.084853 1.467262 0.080362
v 0.035163 1.469449 0.082743
v 0.030996 1.448610 0.089793
v 0.057869 1.493970 0.071955
v 0.034709 1.486080 0.076229
v 0.102715 1.487747 0.067416
v 0.088918 1.496928 0.065571
v 0.078936 1.507754 0.061844
v 0.147213 1.357002 0.057818
v 0.155122 1.358892 0.044644
v 0.152864 1.375437 0.051495
v 0.139158 1.378311 0.070560
v 0.134448 1.363095 0.073371
v 0.145071 1.392500 0.065739
v 0.198538 1.459961 0.039951
v 0.204520 1.485969 0.038281
v 0.184477 1.493621 0.041333
v 0.158560 1.479093 0.052388
v 0.144292 1.458068 0.065895
v 0.155915 1.442793 0.061756
v 0.170932 1.500792 0.042392
v 0.161533 1.346611 0.028944
v 0.161461 1.330882 0.027129
v 0.167259 1.329989 0.009691
v 0.166535 1.372528 0.025500
v 0.160456 1.364619 0.034870
v 0.173740 1.341626 -0.013912
v 0.176744 1.354372 -0.017869
v 0.175025 1.364249 0.001327
v 0.172652 1.327088 -0.012681
v 0.174296 1.381220 0.017285
v 0.186816 1.371198 -0.065864
v 0.188973 1.353954 -0.071084
v 0.192456 1.355325 -0.085350
v 0.191628 1.355990 -0.099342
v 0.194094 1.371511 -0.097925
v 0.197936 1.391368 -0.101251
v 0.196313 1.392198 -0.085471
v 0.057575 1.611061 -0.079349
v 0.076850 1.612865 -0.066704
v 0.089715 1.604423 -0.072905
v 0.067811 1.574830 -0.108562
v 0.045970 1.577626 -0.106142
v 0.045095 1.597826 -0.091973
v 0.043186 1.609393 -0.083046
v -0.055782 1.611079 -0.079771
v -0.041261 1.609184 -0.083151
v -0.044159 1.597113 -0.092304
v -0.045614 1.577963 -0.105593
v -0.067848 1.575730 -0.108068
v -0.089317 1.604727 -0.074144
v -0.074260 1.613778 -0.067542
v -0.176387 1.369324 -0.056478
v -0.180522 1.377657 -0.068184
v -0.181452 1.370791 -0.088226
v -0.180655 1.335766 -0.081044
v -0.179116 1.338213 -0.059821
v -0.176794 1.355188 -0.052998
v -0.173056 1.351610 -0.107098
v -0.171929 1.332207 -0.104300
v -0.172587 1.369523 -0.111941
v -0.174913 1.364823 -0.045939
v 0.503386 1.071815 0.020023
v 0.494926 1.078678 0.001413
v 0.538320 1.024657 0.027935
v 0.540175 1.023456 0.022111
v 0.542031 1.022255 0.016286
v 0.483074 1.091386 0.007261
v 0.485367 1.090649 -0.001056
v 0.487991 1.091930 -0.009168
v 0.209733 1.455380 -0.108023
v 0.215558 1.479782 -0.107348
v 0.233392 1.468731 -0.099198
v 0.216907 1.428037 -0.101001
v 0.205413 1.433435 -0.103279
v 0.240240 1.434169 -0.101362
v 0.232935 1.417209 -0.099180
v 0.250061 1.451454 -0.095845
v 0.257557 1.466114 -0.085302
v 0.273410 1.444661 -0.085089
v 0.265863 1.431854 -0.094486
v 0.256835 1.417438 -0.099222
v 0.239763 1.485122 -0.089341
v 0.244683 1.500250 -0.076290
v 0.263685 1.477581 -0.071319
v 0.224089 1.501125 -0.102846
v 0.228408 1.521346 -0.091110
v 0.229468 1.537151 -0.073052
v 0.248845 1.512391 -0.061282
v 0.210459 1.504497 -0.104157
v 0.213022 1.522955 -0.090515
v 0.214401 1.539399 -0.073242
v 0.215429 1.551566 -0.052212
v 0.229724 1.547282 -0.051404
v 0.198651 1.525924 -0.091723
v 0.200589 1.543267 -0.074168
v 0.202173 1.556876 -0.053214
v 0.201977 1.562009 -0.028685
v 0.215267 1.555756 -0.028154
v 0.187234 1.548119 -0.077152
v 0.188845 1.561791 -0.055288
v 0.188460 1.568093 -0.030387
v 0.183917 1.562877 -0.006277
v 0.197711 1.556249 -0.004811
v 0.175480 1.566935 -0.058831
v 0.174627 1.573202 -0.033717
v 0.169970 1.569307 -0.009314
v 0.162882 1.555975 0.011129
v 0.176822 1.550316 0.014394
v 0.160594 1.578375 -0.038198
v 0.156044 1.574442 -0.013634
v 0.149364 1.561740 0.007438
v 0.141442 1.543660 0.024278
v 0.154739 1.537115 0.027543
v 0.142698 1.580331 -0.017803
v 0.136266 1.567365 0.003429
v 0.128666 1.550348 0.021151
v 0.119125 1.532202 0.036339
v 0.131552 1.524249 0.038352
v 0.123655 1.573093 -0.000234
v 0.116483 1.557000 0.018204
v 0.107398 1.540160 0.034166
v 0.095420 1.523793 0.048816
v 0.106831 1.514536 0.051079
v 0.104772 1.563473 0.015545
v 0.096243 1.548229 0.032025
v 0.084692 1.533407 0.046106
v 0.069297 1.519708 0.057250
v 0.085247 1.555909 0.029855
v 0.074117 1.543174 0.043098
v 0.060004 1.531684 0.052656
v 0.043918 1.523233 0.059891
v 0.051044 1.508948 0.065971
v 0.064011 1.552416 0.039832
v 0.050917 1.543703 0.047996
v 0.036292 1.536397 0.054139
v 0.022511 1.532660 0.056577
v 0.027356 1.517908 0.063203
v 0.041396 1.557212 0.044671
v 0.028008 1.551399 0.049881
v 0.018436 1.548545 0.050064
v 0.006950 1.546342 0.049622
v 0.008725 1.530631 0.057593
v -0.004267 1.545841 0.049133
v -0.005619 1.529630 0.057874
v -0.006769 1.514821 0.064482
v 0.010264 1.515417 0.064282
v -0.008226 1.499039 0.070845
v 0.011532 1.499274 0.070862
v 0.031526 1.502434 0.069713
v 0.011728 1.483149 0.076852
v -0.010174 1.482933 0.076880
v -0.012387 1.466434 0.082702
v 0.010719 1.466460 0.082649
v -0.014405 1.448754 0.088405
v 0.008093 1.447973 0.088442
v -0.016097 1.429582 0.094114
v 0.005125 1.428075 0.094027
v 0.026043 1.427101 0.095760
v 0.002249 1.407073 0.098870
v 0.021709 1.405168 0.100159
v 0.040297 1.402877 0.102443
v 0.045660 1.425598 0.098072
v 0.058017 1.399467 0.104063
v 0.064114 1.422292 0.099277
v 0.074952 1.394752 0.104168
v 0.081390 1.416896 0.099087
v 0.089840 1.438444 0.090985
v 0.101552 1.458959 0.080489
v 0.097731 1.409303 0.096799
v 0.106015 1.429648 0.089252
v 0.117088 1.449573 0.079918
v 0.130993 1.469289 0.067487
v 0.116906 1.478640 0.067821
v 0.121157 1.418597 0.086072
v 0.131239 1.438075 0.077655
v 0.134435 1.405926 0.078598
v 0.143687 1.423623 0.072027
v 0.152854 1.405473 0.059804
v 0.163178 1.418231 0.052312
v 0.176847 1.429412 0.043542
v 0.157878 1.385392 0.045366
v 0.165655 1.394873 0.038539
v 0.175797 1.402606 0.031667
v 0.185933 1.407082 0.024994
v 0.191951 1.432242 0.034991
v 0.182098 1.387914 0.010519
v 0.190764 1.384374 0.011581
v 0.195618 1.403096 0.025168
v 0.180878 1.374348 -0.005332
v 0.189739 1.371060 -0.004343
v 0.189600 1.362141 -0.020289
v 0.198623 1.356612 -0.018912
v 0.198554 1.365400 -0.002684
v 0.200626 1.379125 0.012594
v 0.180813 1.365941 -0.021280
v 0.180927 1.361863 -0.036906
v 0.189797 1.357408 -0.035716
v 0.178732 1.350621 -0.036570
v 0.177336 1.338016 -0.035539
v 0.183470 1.337863 -0.054802
v 0.183393 1.351426 -0.054485
v 0.182657 1.363594 -0.051436
v 0.191357 1.358251 -0.049683
v 0.196015 1.365542 -0.061992
v 0.201306 1.375507 -0.072663
v 0.210869 1.368355 -0.072191
v 0.204811 1.358130 -0.061217
v 0.200181 1.351676 -0.048575
v 0.213849 1.349463 -0.061134
v 0.209373 1.343583 -0.047867
v 0.207696 1.343840 -0.033033
v 0.198594 1.351487 -0.034370
v 0.207600 1.348977 -0.017157
v 0.217513 1.334985 -0.031746
v 0.217275 1.339781 -0.015389
v 0.218615 1.347229 0.001416
v 0.208386 1.357490 -0.000691
v 0.223871 1.358243 0.016365
v 0.211764 1.370272 0.014414
v 0.232137 1.370804 0.027415
v 0.218561 1.385983 0.026576
v 0.205979 1.396930 0.025061
v 0.228194 1.402134 0.033173
v 0.214242 1.417668 0.032432
v 0.202543 1.426772 0.033270
v 0.224852 1.437920 0.034526
v 0.210744 1.451871 0.036315
v 0.236530 1.455174 0.031520
v 0.220272 1.474516 0.033513
v 0.247116 1.467611 0.023920
v 0.230151 1.492189 0.024999
v 0.210547 1.509611 0.030284
v 0.238529 1.505165 0.012473
v 0.216896 1.529674 0.016045
v 0.203932 1.536624 0.016077
v 0.194954 1.517106 0.031427
v 0.190787 1.543892 0.016112
v 0.181323 1.523818 0.031366
v 0.167979 1.530529 0.029967
v 0.157861 1.508297 0.041665
v 0.145589 1.488297 0.053425
v 0.144621 1.516391 0.040447
v 0.132133 1.497216 0.053333
v 0.119093 1.505855 0.052548
v 0.211017 1.549622 -0.004264
v 0.222905 1.543670 -0.003762
v 0.227647 1.549942 -0.027315
v 0.244701 1.514738 -0.004025
v 0.247864 1.518968 -0.023035
v 0.249578 1.518481 -0.042899
v 0.267963 1.488974 -0.019756
v 0.269590 1.489404 -0.037911
v 0.267963 1.485481 -0.055092
v 0.285118 1.462379 -0.036565
v 0.283583 1.460217 -0.054537
v 0.279381 1.454285 -0.071459
v 0.296165 1.438555 -0.054837
v 0.293396 1.433490 -0.071072
v 0.288310 1.424431 -0.084461
v 0.308243 1.415616 -0.070322
v 0.302394 1.406494 -0.082405
v 0.294196 1.394977 -0.091255
v 0.280553 1.412279 -0.092995
v 0.283587 1.382416 -0.096051
v 0.270945 1.398986 -0.097203
v 0.271394 1.370197 -0.095676
v 0.260076 1.386177 -0.097305
v 0.247369 1.402811 -0.098376
v 0.248599 1.373784 -0.091939
v 0.237489 1.387545 -0.092528
v 0.225542 1.399341 -0.092165
v 0.228332 1.372824 -0.082871
v 0.218214 1.382664 -0.082344
v 0.207305 1.389616 -0.083481
v 0.212983 1.408060 -0.093487
v 0.201653 1.412926 -0.096321
v 0.201513 1.413132 -0.108419
v 0.203000 1.435753 -0.114351
v 0.204715 1.459173 -0.117575
v 0.194017 1.415884 -0.118559
v 0.192414 1.439459 -0.120639
v 0.191852 1.463727 -0.121577
v 0.194348 1.487428 -0.117863
v 0.207340 1.483484 -0.114159
v 0.177721 1.444481 -0.122023
v 0.177500 1.468515 -0.121872
v 0.179002 1.491896 -0.119233
v 0.181873 1.512488 -0.108874
v 0.196429 1.507687 -0.106112
v 0.161247 1.474245 -0.123153
v 0.162756 1.497392 -0.120039
v 0.166415 1.518273 -0.111834
v 0.170200 1.536901 -0.098541
v 0.184614 1.530962 -0.094540
v 0.145337 1.503772 -0.123139
v 0.149385 1.524532 -0.115165
v 0.154349 1.543206 -0.102816
v 0.158893 1.559242 -0.085405
v 0.173595 1.553569 -0.080958
v 0.130881 1.531121 -0.118536
v 0.136459 1.549850 -0.106675
v 0.142413 1.565767 -0.089967
v 0.147029 1.578244 -0.068472
v 0.161551 1.572103 -0.063353
v 0.116622 1.557415 -0.109868
v 0.123890 1.573752 -0.093913
v 0.130831 1.585568 -0.072880
v 0.132929 1.590762 -0.047391
v 0.146965 1.584330 -0.043005
v 0.100468 1.584271 -0.094940
v 0.112322 1.594006 -0.075387
v 0.117938 1.597364 -0.050630
v 0.116719 1.592014 -0.024903
v 0.129731 1.586406 -0.021703
v 0.102549 1.604987 -0.050849
v 0.104309 1.597735 -0.025984
v 0.099726 1.583869 -0.005319
v 0.111501 1.578601 -0.003279
v 0.090008 1.611759 -0.047249
v 0.093167 1.603573 -0.024982
v 0.088771 1.588712 -0.006269
v 0.082784 1.575008 0.011942
v 0.093415 1.569626 0.013350
v 0.077767 1.610966 -0.021790
v 0.073408 1.596670 -0.004681
v 0.067656 1.583211 0.010789
v 0.060576 1.572154 0.024126
v 0.074623 1.563010 0.027714
v 0.052126 1.564177 0.035262
v 0.075718 1.620370 -0.041598
v 0.065300 1.623585 -0.058915
v 0.051308 1.623490 -0.069296
v 0.038164 1.622882 -0.073488
v 0.026734 1.608175 -0.085119
v 0.024190 1.622469 -0.075076
v 0.009720 1.607438 -0.085537
v 0.008675 1.622357 -0.076415
v -0.007671 1.607416 -0.085586
v -0.007327 1.622303 -0.076665
v -0.024647 1.607966 -0.085004
v -0.022915 1.621930 -0.075129
v -0.036680 1.621976 -0.073002
v -0.047917 1.622881 -0.070087
v -0.063705 1.624408 -0.059321
v -0.086551 1.613463 -0.049294
v -0.072313 1.622291 -0.043840
v -0.090403 1.606903 -0.030214
v -0.075985 1.615130 -0.025224
v -0.088584 1.594366 -0.011679
v -0.073327 1.602058 -0.008821
v -0.084393 1.580824 0.006151
v -0.068671 1.588466 0.005960
v -0.077720 1.568498 0.021345
v -0.062497 1.576990 0.018838
v -0.068684 1.557604 0.033503
v -0.054987 1.567749 0.030189
v -0.058088 1.549188 0.043239
v -0.046629 1.561261 0.040390
v -0.045207 1.541517 0.050462
v -0.035030 1.554775 0.045303
v -0.032544 1.536376 0.054445
v -0.025140 1.550571 0.047234
v -0.019588 1.532258 0.056705
v -0.014107 1.547070 0.048544
v -0.039341 1.521910 0.060441
v -0.023626 1.517300 0.063351
v -0.046299 1.506746 0.066675
v -0.027710 1.501547 0.069896
v -0.031830 1.485339 0.076469
v -0.035514 1.468649 0.082861
v -0.037112 1.450879 0.089354
v -0.058614 1.432648 0.096238
v -0.037501 1.431462 0.095614
v -0.057483 1.411807 0.101975
v -0.037678 1.410717 0.100837
v -0.017711 1.408913 0.099185
v -0.038322 1.388935 0.104443
v -0.019433 1.387205 0.103047
v -0.000466 1.385239 0.102629
v -0.021358 1.365181 0.106087
v -0.003048 1.363267 0.105749
v 0.015081 1.360893 0.106237
v 0.018156 1.382949 0.103413
v 0.032759 1.358023 0.107247
v 0.036165 1.380316 0.105082
v 0.049915 1.354628 0.107804
v 0.053423 1.376803 0.106232
v 0.066822 1.350927 0.107810
v 0.070245 1.372556 0.106388
v 0.083516 1.347191 0.106004
v 0.086723 1.367774 0.104062
v 0.091275 1.388484 0.101536
v 0.102665 1.361572 0.098105
v 0.107087 1.380465 0.095709
v 0.113279 1.399614 0.091991
v 0.121180 1.371607 0.085683
v 0.127071 1.388941 0.083013
v 0.116289 1.354351 0.086343
v 0.130304 1.347608 0.073895
v 0.113319 1.337426 0.087542
v 0.126453 1.332195 0.073384
v 0.141594 1.328485 0.060039
v 0.144609 1.343231 0.059939
v 0.153828 1.328964 0.044107
v 0.154809 1.343866 0.043803
v 0.138495 1.313182 0.059286
v 0.152347 1.313334 0.043727
v 0.160979 1.314644 0.026776
v 0.150027 1.297432 0.043422
v 0.160113 1.297812 0.026931
v 0.166908 1.297784 0.009206
v 0.167058 1.314177 0.009204
v 0.172324 1.296255 -0.010747
v 0.172405 1.312079 -0.011653
v 0.178048 1.294169 -0.031593
v 0.177695 1.309686 -0.032937
v 0.177340 1.324294 -0.034345
v 0.184620 1.307957 -0.052698
v 0.184063 1.323273 -0.053976
v 0.190391 1.306655 -0.070059
v 0.190105 1.322937 -0.071159
v 0.189577 1.338594 -0.071820
v 0.191922 1.322326 -0.086956
v 0.192238 1.338795 -0.086922
v 0.187354 1.322476 -0.101652
v 0.190059 1.339324 -0.101249
v 0.175694 1.324579 -0.112181
v 0.179205 1.341567 -0.112579
v 0.183447 1.358181 -0.111980
v 0.187988 1.374406 -0.111728
v 0.163193 1.346068 -0.117381
v 0.167632 1.363327 -0.118116
v 0.172665 1.380826 -0.118867
v 0.177331 1.399764 -0.119872
v 0.192913 1.393402 -0.115238
v 0.148084 1.368883 -0.121076
v 0.152228 1.387983 -0.121707
v 0.157171 1.407097 -0.122295
v 0.159856 1.427765 -0.123288
v 0.178963 1.421033 -0.120841
v 0.129898 1.393681 -0.128361
v 0.134726 1.414019 -0.129190
v 0.138951 1.435093 -0.129498
v 0.141661 1.457765 -0.129436
v 0.161017 1.450565 -0.123938
v 0.114317 1.420478 -0.137304
v 0.118445 1.442425 -0.136941
v 0.121299 1.465380 -0.136188
v 0.123823 1.488423 -0.133226
v 0.142904 1.481172 -0.127757
v 0.099551 1.449260 -0.142888
v 0.101889 1.472216 -0.140584
v 0.104069 1.495190 -0.136672
v 0.106757 1.517474 -0.130379
v 0.126763 1.510611 -0.127396
v 0.082974 1.477250 -0.141769
v 0.083941 1.500554 -0.137207
v 0.085668 1.523610 -0.131025
v 0.089096 1.545911 -0.123273
v 0.110849 1.538437 -0.121743
v 0.064280 1.503965 -0.134497
v 0.064767 1.527996 -0.128725
v 0.066287 1.551668 -0.120763
v 0.093929 1.566250 -0.111410
v 0.045113 1.530909 -0.125595
v 0.045378 1.555054 -0.117802
v 0.026951 1.532467 -0.122013
v 0.027240 1.556263 -0.114446
v 0.027934 1.578267 -0.105069
v 0.027857 1.595892 -0.093851
v 0.010115 1.555722 -0.109629
v 0.010165 1.577012 -0.102084
v 0.010057 1.594115 -0.093878
v -0.007997 1.576687 -0.101915
v -0.008016 1.593715 -0.093691
v -0.026482 1.577558 -0.103550
v -0.026075 1.595056 -0.093920
v -0.007842 1.556028 -0.109514
v -0.025948 1.556347 -0.112630
v -0.044758 1.556157 -0.116249
v -0.025445 1.532988 -0.118853
v -0.043702 1.532567 -0.123483
v -0.063490 1.530473 -0.127735
v -0.065779 1.553507 -0.119923
v -0.084817 1.526514 -0.130481
v -0.088834 1.547622 -0.122299
v -0.094070 1.567079 -0.110861
v -0.100780 1.584076 -0.095237
v -0.110956 1.539644 -0.121273
v -0.116908 1.557353 -0.109904
v -0.124458 1.572707 -0.094640
v -0.132115 1.583983 -0.074893
v -0.112158 1.593545 -0.076742
v -0.137199 1.548469 -0.107556
v -0.143614 1.563515 -0.091577
v -0.148869 1.575608 -0.070791
v -0.150733 1.582424 -0.046603
v -0.135097 1.589750 -0.051048
v -0.160068 1.556033 -0.087967
v -0.164257 1.568779 -0.066732
v -0.166148 1.576542 -0.042230
v -0.163702 1.574030 -0.017318
v -0.148410 1.580273 -0.021876
v -0.178964 1.563168 -0.063878
v -0.181226 1.570863 -0.039129
v -0.179225 1.568160 -0.013828
v -0.173318 1.555778 0.008828
v -0.158118 1.561929 0.005282
v -0.195900 1.564904 -0.038166
v -0.194233 1.561289 -0.012728
v -0.189083 1.549614 0.010253
v -0.182940 1.530010 0.027750
v -0.208669 1.554455 -0.013167
v -0.204478 1.542799 0.009722
v -0.199638 1.524197 0.026381
v -0.195521 1.501361 0.036429
v -0.178616 1.505861 0.039255
v -0.219172 1.535932 0.007926
v -0.215512 1.518054 0.023938
v -0.211206 1.495975 0.033336
v -0.207471 1.472396 0.037866
v -0.193079 1.476421 0.041977
v -0.232904 1.502846 0.018226
v -0.229231 1.483417 0.027516
v -0.223555 1.462471 0.032280
v -0.216768 1.440435 0.030329
v -0.202644 1.448301 0.034133
v -0.247731 1.462434 0.024017
v -0.239957 1.445080 0.029337
v -0.231333 1.427178 0.028952
v -0.223303 1.408349 0.022601
v -0.210777 1.418716 0.022922
v -0.255041 1.423709 0.029556
v -0.244771 1.409246 0.030027
v -0.234979 1.394186 0.024573
v -0.226070 1.378784 0.014038
v -0.216342 1.390530 0.012071
v -0.256305 1.389086 0.030924
v -0.245827 1.377405 0.025695
v -0.235651 1.365551 0.016052
v -0.226696 1.353027 0.003223
v -0.218301 1.364558 0.000868
v -0.256590 1.359928 0.025858
v -0.246098 1.350626 0.016961
v -0.236867 1.340957 0.005417
v -0.230700 1.332085 -0.006515
v -0.220646 1.343050 -0.009125
v -0.257421 1.335502 0.017708
v -0.248403 1.327707 0.007158
v -0.242309 1.320227 -0.004137
v -0.238690 1.313749 -0.015686
v -0.227352 1.325205 -0.017933
v -0.260591 1.313664 0.008576
v -0.254407 1.307559 -0.002359
v -0.250680 1.301881 -0.013782
v -0.248772 1.297666 -0.026483
v -0.236632 1.309350 -0.027823
v -0.267071 1.293769 -0.001115
v -0.263262 1.289187 -0.012573
v -0.261187 1.285764 -0.025303
v -0.261658 1.284746 -0.038569
v -0.248664 1.296119 -0.039504
v -0.276361 1.276103 -0.012322
v -0.274467 1.273591 -0.024614
v -0.274489 1.272516 -0.037484
v -0.276685 1.273349 -0.050530
v -0.264185 1.286094 -0.051642
v -0.286819 1.259912 -0.023821
v -0.286781 1.259165 -0.036283
v -0.288884 1.260018 -0.048986
v -0.293033 1.262557 -0.061189
v -0.280726 1.276224 -0.063057
v -0.299414 1.245625 -0.035298
v -0.301784 1.246773 -0.047029
v -0.305902 1.249032 -0.058270
v -0.311560 1.252541 -0.069012
v -0.299136 1.266895 -0.071867
v -0.315248 1.233199 -0.044905
v -0.318957 1.235157 -0.055345
v -0.324319 1.238532 -0.065725
v -0.331483 1.244108 -0.075278
v -0.318981 1.258433 -0.078389
v -0.332230 1.221111 -0.052435
v -0.337280 1.224763 -0.061880
v -0.344069 1.229854 -0.071284
v -0.352614 1.236720 -0.079768
v -0.340282 1.251730 -0.083421
v -0.350621 1.210917 -0.057753
v -0.356679 1.215792 -0.066289
v -0.364812 1.222244 -0.074625
v -0.374905 1.230335 -0.081089
v -0.362787 1.245299 -0.086394
v -0.369643 1.201858 -0.061879
v -0.377144 1.208069 -0.069370
v -0.386876 1.215980 -0.075463
v -0.398374 1.225663 -0.079552
v -0.386449 1.240029 -0.084536
v -0.390293 1.194555 -0.064034
v -0.399398 1.202340 -0.069773
v -0.410424 1.212195 -0.073239
v -0.422223 1.223881 -0.071232
v -0.410238 1.237759 -0.076276
v -0.412405 1.189104 -0.064229
v -0.422818 1.198899 -0.067225
v -0.434481 1.210186 -0.066438
v -0.445083 1.221436 -0.059511
v -0.433034 1.235664 -0.064148
v -0.435559 1.185525 -0.062111
v -0.446681 1.196455 -0.061322
v -0.456919 1.206997 -0.054452
v -0.464803 1.215752 -0.043684
v -0.453106 1.230564 -0.048356
v -0.459093 1.182660 -0.056396
v -0.468904 1.192638 -0.050046
v -0.476849 1.201225 -0.039821
v -0.481817 1.207769 -0.026717
v -0.469873 1.222347 -0.030357
v -0.481055 1.178086 -0.045416
v -0.488418 1.186294 -0.035485
v -0.493118 1.192744 -0.022939
v -0.494596 1.196940 -0.008816
v -0.483602 1.212055 -0.011940
v -0.499713 1.171039 -0.030547
v -0.504321 1.177682 -0.019001
v -0.505737 1.182098 -0.005647
v -0.503628 1.183799 0.008132
v -0.493087 1.198863 0.005796
v -0.515623 1.162827 -0.014920
v -0.517341 1.167709 -0.002280
v -0.515656 1.169964 0.011097
v -0.510328 1.168985 0.023392
v -0.498991 1.183166 0.021195
v -0.527565 1.152608 0.001540
v -0.525874 1.155021 0.013962
v -0.521131 1.154733 0.025795
v -0.513822 1.151822 0.035705
v -0.503241 1.166010 0.034548
v -0.535837 1.140285 0.016981
v -0.531619 1.140474 0.028054
v -0.524910 1.137994 0.037578
v -0.516885 1.133221 0.044477
v -0.504858 1.146656 0.042383
v -0.542868 1.126600 0.030776
v -0.536685 1.124648 0.039835
v -0.528849 1.120160 0.046420
v -0.520448 1.113768 0.048746
v -0.508421 1.126832 0.047906
v -0.548272 1.111048 0.042693
v -0.539950 1.107260 0.048404
v -0.531047 1.101791 0.051291
v -0.523221 1.095590 0.050224
v -0.512901 1.107191 0.048513
v -0.550430 1.094125 0.052234
v -0.541003 1.090000 0.055232
v -0.532463 1.084483 0.054000
v -0.525976 1.079015 0.050423
v -0.516953 1.089684 0.046790
v -0.521171 1.073916 0.045936
v -0.539266 1.042532 0.074700
v -0.534667 1.038279 0.066430
v -0.532520 1.034956 0.058544
v -0.532877 1.032912 0.051878
v -0.533253 1.030781 0.044931
v -0.534698 1.028781 0.038979
v -0.536210 1.026742 0.032887
v -0.537919 1.025126 0.026683
v -0.539660 1.023577 0.020455
v -0.541788 1.022304 0.013675
v -0.544062 1.021423 0.007070
v -0.548827 1.021753 0.000412
v -0.555752 1.023689 -0.004470
v -0.564731 1.026874 -0.006758
v -0.573233 1.030225 -0.006961
v -0.581417 1.033897 -0.004593
v -0.588812 1.037735 0.000232
v -0.595523 1.041782 0.007535
v -0.598386 1.044899 0.017873
v -0.599028 1.047671 0.029646
v -0.597551 1.050211 0.042557
v -0.592277 1.051494 0.055153
v -0.583398 1.051510 0.066008
v -0.572554 1.051331 0.075110
v -0.560566 1.050340 0.080919
v -0.546672 1.046729 0.080466
v -0.558860 1.096568 0.046388
v -0.554979 1.112781 0.034054
v -0.565499 1.097298 0.037834
v -0.559123 1.112225 0.023766
v -0.569541 1.096386 0.027883
v -0.559454 1.108934 0.013617
v -0.570565 1.093999 0.017383
v -0.558030 1.104778 0.003888
v -0.568664 1.090480 0.007667
v -0.554458 1.099616 -0.004566
v -0.564709 1.086072 -0.000273
v -0.549094 1.093875 -0.010825
v -0.559642 1.081220 -0.006468
v -0.542692 1.087804 -0.014741
v -0.553759 1.076075 -0.010606
v -0.536192 1.081555 -0.016951
v -0.547811 1.070724 -0.013382
v -0.529829 1.075238 -0.016853
v -0.541832 1.064990 -0.013867
v -0.524171 1.069659 -0.014431
v -0.536492 1.060243 -0.009823
v -0.518918 1.065852 -0.009976
v -0.531483 1.057921 -0.004138
v -0.513963 1.063247 -0.005015
v -0.527183 1.056556 0.001219
v -0.510123 1.062161 0.000483
v -0.523689 1.055636 0.006587
v -0.507015 1.061750 0.006024
v -0.520666 1.054900 0.011633
v -0.504358 1.061733 0.011546
v -0.518125 1.053638 0.016784
v -0.502123 1.062670 0.017314
v -0.515341 1.053461 0.022313
v -0.501615 1.065102 0.022603
v -0.513324 1.054556 0.027645
v -0.502954 1.068732 0.027312
v -0.514011 1.059143 0.031772
v -0.505401 1.073988 0.032916
v -0.515350 1.064349 0.036224
v -0.508039 1.079018 0.038058
v -0.517651 1.069212 0.041214
v -0.511777 1.084060 0.042841
v -0.498351 1.090294 0.035942
v -0.502175 1.095444 0.041070
v -0.506803 1.100901 0.045509
v -0.490919 1.107418 0.039579
v -0.494899 1.113081 0.044727
v -0.500723 1.119782 0.047924
v -0.481248 1.125173 0.042278
v -0.487579 1.132494 0.045508
v -0.495833 1.140030 0.045814
v -0.474836 1.144535 0.042654
v -0.483802 1.152684 0.043561
v -0.493559 1.160103 0.040890
v -0.472187 1.165608 0.042216
v -0.482091 1.173408 0.039283
v -0.491522 1.179489 0.032071
v -0.470779 1.187572 0.039255
v -0.480185 1.193707 0.030788
v -0.488263 1.197925 0.019750
v -0.469074 1.208065 0.029170
v -0.477581 1.212723 0.017997
v -0.482420 1.213912 0.003416
v -0.465714 1.226633 0.015040
v -0.470671 1.228284 0.000548
v -0.471944 1.226693 -0.015231
v -0.458809 1.242381 -0.002565
v -0.459891 1.240931 -0.018527
v -0.458078 1.237111 -0.034264
v -0.448413 1.255758 -0.021997
v -0.446309 1.251759 -0.038051
v -0.441029 1.245066 -0.052401
v -0.433902 1.265947 -0.041632
v -0.428741 1.259359 -0.056246
v -0.420623 1.249597 -0.068083
v -0.416384 1.273488 -0.060254
v -0.408543 1.263774 -0.072769
v -0.398486 1.251971 -0.082129
v -0.396152 1.277826 -0.076558
v -0.386215 1.266260 -0.086178
v -0.374422 1.255154 -0.089146
v -0.373923 1.281459 -0.089086
v -0.362228 1.271019 -0.092819
v -0.350506 1.260755 -0.089985
v -0.350128 1.286825 -0.092881
v -0.338544 1.276731 -0.090490
v -0.328042 1.266887 -0.085750
v -0.326450 1.292151 -0.092061
v -0.315811 1.281571 -0.088445
v -0.306644 1.272982 -0.081304
v -0.303366 1.296296 -0.090727
v -0.294233 1.287737 -0.083560
v -0.286533 1.281004 -0.074295
v -0.281352 1.301924 -0.084243
v -0.273560 1.294142 -0.075817
v -0.268112 1.289202 -0.064091
v -0.260380 1.307202 -0.076062
v -0.254869 1.301629 -0.064851
v -0.251105 1.297990 -0.052505
v -0.242050 1.314262 -0.065431
v -0.238427 1.309749 -0.053252
v -0.236443 1.307825 -0.040418
v -0.226602 1.321367 -0.053732
v -0.224765 1.318871 -0.041451
v -0.225009 1.320220 -0.029288
v -0.213587 1.329404 -0.042332
v -0.213865 1.330270 -0.030982
v -0.216576 1.335506 -0.020104
v -0.203092 1.339583 -0.032501
v -0.206669 1.344961 -0.022450
v -0.211830 1.353172 -0.011839
v -0.197533 1.353597 -0.025079
v -0.203243 1.362170 -0.013812
v -0.209880 1.375000 -0.000450
v -0.188074 1.360412 -0.025873
v -0.183384 1.355503 -0.035168
v -0.174491 1.362659 -0.035990
v -0.179056 1.365365 -0.025490
v -0.193030 1.348000 -0.033781
v -0.193143 1.348607 -0.043885
v -0.184106 1.357395 -0.044962
v -0.202920 1.339383 -0.043188
v -0.205206 1.343455 -0.054291
v -0.195865 1.353563 -0.054330
v -0.215350 1.332579 -0.054059
v -0.218938 1.339070 -0.065505
v -0.209202 1.350872 -0.065240
v -0.229922 1.326862 -0.065464
v -0.235667 1.334621 -0.076457
v -0.224684 1.348321 -0.077093
v -0.247728 1.320811 -0.075926
v -0.255765 1.328826 -0.084743
v -0.244008 1.343268 -0.085960
v -0.268252 1.315119 -0.084584
v -0.278341 1.324978 -0.090583
v -0.266334 1.338290 -0.091404
v -0.290793 1.311152 -0.090545
v -0.301763 1.321802 -0.094100
v -0.290089 1.336021 -0.094336
v -0.314059 1.306963 -0.094754
v -0.325716 1.317956 -0.094999
v -0.314180 1.332987 -0.095146
v -0.337810 1.302587 -0.093415
v -0.349487 1.312524 -0.091743
v -0.337609 1.328100 -0.091805
v -0.362063 1.296889 -0.091544
v -0.371022 1.306098 -0.081838
v -0.359742 1.321420 -0.084390
v -0.383341 1.291460 -0.078733
v -0.390352 1.300704 -0.065989
v -0.377047 1.314082 -0.067719
v -0.403769 1.287581 -0.063873
v -0.408688 1.294650 -0.049252
v -0.395787 1.308689 -0.052175
v -0.421304 1.280105 -0.045453
v -0.423979 1.284476 -0.030018
v -0.411230 1.298983 -0.034128
v -0.436551 1.270284 -0.025762
v -0.436098 1.272211 -0.009482
v -0.424046 1.286995 -0.014046
v -0.447489 1.257118 -0.005752
v -0.443748 1.256354 0.009819
v -0.431957 1.271099 0.005510
v -0.454417 1.241203 0.012451
v -0.446884 1.237217 0.024829
v -0.435930 1.252339 0.021985
v -0.457975 1.222531 0.027025
v -0.448041 1.216137 0.035008
v -0.436936 1.230913 0.032573
v -0.459230 1.201695 0.037301
v -0.448461 1.193513 0.040470
v -0.437114 1.208195 0.037706
v -0.460404 1.179232 0.042108
v -0.450862 1.170310 0.040374
v -0.438355 1.184694 0.039541
v -0.462963 1.156920 0.040328
v -0.455665 1.149003 0.035687
v -0.443235 1.162138 0.035203
v -0.467792 1.136618 0.038864
v -0.462530 1.129448 0.034299
v -0.450249 1.142225 0.030165
v -0.477145 1.118469 0.037793
v -0.474841 1.113365 0.032158
v -0.459383 1.123615 0.029539
v -0.488309 1.102606 0.033668
v -0.486226 1.098252 0.027472
v -0.473117 1.108493 0.026041
v -0.495824 1.085764 0.030146
v -0.493609 1.081894 0.024664
v -0.485338 1.095293 0.021670
v -0.484567 1.092642 0.015655
v -0.471483 1.102182 0.013857
v -0.472273 1.105324 0.019931
v -0.491973 1.079000 0.019179
v -0.491688 1.076313 0.013071
v -0.484690 1.090656 0.009380
v -0.484585 1.088803 0.003066
v -0.471758 1.099392 0.000823
v -0.471105 1.099659 0.007470
v -0.493367 1.074819 0.007127
v -0.495866 1.074300 0.001269
v -0.485913 1.088106 -0.002735
v -0.487681 1.087990 -0.009289
v -0.474300 1.099584 -0.012464
v -0.472846 1.099465 -0.005863
v -0.498425 1.074021 -0.004710
v -0.502132 1.075073 -0.010013
v -0.490653 1.088925 -0.014936
v -0.494749 1.090641 -0.019897
v -0.481519 1.103810 -0.025424
v -0.477249 1.101251 -0.019554
v -0.506930 1.077621 -0.014426
v -0.512138 1.081359 -0.017919
v -0.500015 1.094094 -0.023325
v -0.506584 1.098585 -0.026110
v -0.493943 1.111629 -0.034179
v -0.486896 1.107087 -0.030967
v -0.518222 1.086698 -0.019509
v -0.524883 1.092781 -0.020092
v -0.513566 1.104770 -0.026465
v -0.521033 1.111866 -0.025320
v -0.509600 1.125290 -0.033385
v -0.501681 1.117729 -0.034990
v -0.531932 1.099448 -0.019274
v -0.538589 1.106510 -0.015452
v -0.527943 1.119544 -0.021700
v -0.533368 1.127089 -0.014895
v -0.522396 1.141240 -0.020461
v -0.516681 1.133412 -0.028535
v -0.543543 1.112894 -0.008735
v -0.547076 1.118796 -0.000492
v -0.536651 1.133223 -0.005590
v -0.537368 1.137680 0.005549
v -0.526114 1.147778 -0.010254
v -0.547972 1.123305 0.009609
v -0.546445 1.125939 0.020297
v -0.511453 1.156132 -0.025924
v -0.492950 1.163077 -0.039888
v -0.504854 1.148059 -0.034324
v -0.484431 1.154414 -0.045552
v -0.497109 1.139654 -0.040002
v -0.475448 1.145927 -0.046592
v -0.488581 1.131972 -0.041139
v -0.467015 1.138430 -0.042818
v -0.480350 1.125591 -0.038962
v -0.460246 1.132625 -0.037025
v -0.473550 1.120810 -0.033734
v -0.454822 1.128239 -0.030600
v -0.468448 1.117039 -0.027463
v -0.450344 1.124910 -0.023971
v -0.464050 1.113701 -0.021135
v -0.446420 1.122188 -0.017316
v -0.460499 1.111131 -0.014223
v -0.442972 1.120232 -0.010246
v -0.457781 1.109327 -0.007605
v -0.439811 1.119321 -0.003211
v -0.455540 1.107711 0.000175
v -0.437236 1.118824 0.002589
v -0.453853 1.106227 0.006212
v -0.438807 1.122482 0.008141
v -0.454529 1.109766 0.012628
v -0.440945 1.126772 0.014101
v -0.455380 1.113754 0.018675
v -0.443556 1.131415 0.019362
v -0.457032 1.118219 0.024370
v -0.446290 1.136427 0.024770
v -0.430368 1.145045 0.016586
v -0.433342 1.149713 0.022643
v -0.437607 1.155380 0.028901
v -0.420118 1.162923 0.021348
v -0.424329 1.168848 0.027859
v -0.430074 1.175915 0.034474
v -0.411033 1.182469 0.024254
v -0.417729 1.190496 0.030620
v -0.426617 1.199481 0.036298
v -0.406141 1.204335 0.026263
v -0.415309 1.214166 0.033281
v -0.425975 1.223234 0.035914
v -0.403993 1.228101 0.030281
v -0.414869 1.237900 0.032347
v -0.425709 1.245852 0.028937
v -0.404008 1.251822 0.027184
v -0.414848 1.260742 0.025077
v -0.424579 1.267129 0.017414
v -0.403561 1.274490 0.019762
v -0.412707 1.281753 0.012520
v -0.419634 1.285718 0.000682
v -0.400342 1.295201 0.007709
v -0.406844 1.299508 -0.004449
v -0.410835 1.300704 -0.018885
v -0.394192 1.312912 -0.007770
v -0.397753 1.314915 -0.022304
v -0.399208 1.314200 -0.037566
v -0.384680 1.328371 -0.022866
v -0.384300 1.326457 -0.038376
v -0.381401 1.321149 -0.053558
v -0.371989 1.339312 -0.038923
v -0.370061 1.334877 -0.054746
v -0.366340 1.328794 -0.070514
v -0.360988 1.350015 -0.057201
v -0.355620 1.343626 -0.071710
v -0.347716 1.336686 -0.083473
v -0.344947 1.359891 -0.073131
v -0.337181 1.352624 -0.084887
v -0.326658 1.343559 -0.092875
v -0.325849 1.369036 -0.086565
v -0.315067 1.358964 -0.092329
v -0.302727 1.347811 -0.094400
v -0.302460 1.374499 -0.092724
v -0.291028 1.361940 -0.095486
v -0.278640 1.349417 -0.095425
v -0.279015 1.376322 -0.096811
v -0.267123 1.363625 -0.097258
v -0.254993 1.352945 -0.092571
v -0.255687 1.380308 -0.098693
v -0.244223 1.369056 -0.094877
v -0.233436 1.358669 -0.087173
v -0.232908 1.386584 -0.096779
v -0.223493 1.374300 -0.087745
v -0.215110 1.361425 -0.076398
v -0.212754 1.387932 -0.087666
v -0.205970 1.373411 -0.076306
v -0.200150 1.361699 -0.064665
v -0.195797 1.382825 -0.077337
v -0.190713 1.370780 -0.064902
v -0.185738 1.362592 -0.054481
v -0.184964 1.389706 -0.079286
v -0.189356 1.405485 -0.089333
v -0.183500 1.405909 -0.107111
v -0.182970 1.387406 -0.099618
v -0.201448 1.397897 -0.087963
v -0.207857 1.416322 -0.097455
v -0.194704 1.425148 -0.098821
v -0.221137 1.403426 -0.096989
v -0.230099 1.418552 -0.103117
v -0.214987 1.435583 -0.104847
v -0.243568 1.399565 -0.100862
v -0.253238 1.412694 -0.101167
v -0.239028 1.433975 -0.103613
v -0.266573 1.393086 -0.099246
v -0.276243 1.406845 -0.095890
v -0.262145 1.426763 -0.097149
v -0.289646 1.389629 -0.093914
v -0.298002 1.401933 -0.086434
v -0.284332 1.420109 -0.088345
v -0.312071 1.385591 -0.086242
v -0.319311 1.394284 -0.076135
v -0.304439 1.411884 -0.075593
v -0.333507 1.376873 -0.075770
v -0.337606 1.382441 -0.062200
v -0.324199 1.400482 -0.063342
v -0.350666 1.366203 -0.059962
v -0.352917 1.371059 -0.044533
v -0.338606 1.385704 -0.047342
v -0.363121 1.355099 -0.041292
v -0.361894 1.357253 -0.024972
v -0.350610 1.372682 -0.028072
v -0.372039 1.341510 -0.023064
v -0.369381 1.340436 -0.007968
v -0.357496 1.355844 -0.009589
v -0.381376 1.325617 -0.008660
v -0.376008 1.320481 0.002956
v -0.364816 1.335808 0.004820
v -0.387805 1.307418 0.003967
v -0.379716 1.299434 0.012474
v -0.368448 1.312774 0.012212
v -0.391823 1.287233 0.015732
v -0.382151 1.277063 0.018486
v -0.370563 1.289655 0.018591
v -0.393306 1.264587 0.021614
v -0.382556 1.252931 0.019783
v -0.371742 1.265454 0.018063
v -0.393107 1.240837 0.025200
v -0.382265 1.228284 0.020327
v -0.371836 1.240439 0.015500
v -0.394063 1.216788 0.023532
v -0.386740 1.206724 0.014645
v -0.374418 1.217897 0.012111
v -0.398794 1.195125 0.018912
v -0.394233 1.187702 0.012082
v -0.381939 1.199427 0.007038
v -0.406817 1.175582 0.017985
v -0.404033 1.169691 0.011413
v -0.390974 1.181514 0.006002
v -0.417392 1.158111 0.014490
v -0.415515 1.153985 0.007576
v -0.402523 1.165602 0.004014
v -0.427841 1.140760 0.010856
v -0.425864 1.137053 0.004539
v -0.414344 1.150552 0.000838
v -0.413176 1.147170 -0.006086
v -0.400343 1.158538 -0.009928
v -0.401120 1.161779 -0.002969
v -0.424124 1.133680 -0.001546
v -0.426228 1.132841 -0.008829
v -0.414153 1.145646 -0.013676
v -0.416168 1.145372 -0.021158
v -0.402987 1.157192 -0.025470
v -0.401090 1.157118 -0.017694
v -0.429222 1.133024 -0.015586
v -0.432747 1.134151 -0.022568
v -0.419051 1.146119 -0.028403
v -0.422300 1.147469 -0.035519
v -0.408150 1.159733 -0.040592
v -0.404987 1.157581 -0.033248
v -0.436296 1.135672 -0.029512
v -0.440964 1.138952 -0.036013
v -0.426760 1.150538 -0.042262
v -0.432384 1.155549 -0.048357
v -0.418130 1.168268 -0.053918
v -0.412375 1.163083 -0.047598
v -0.446610 1.143893 -0.042009
v -0.453462 1.150582 -0.047616
v -0.439599 1.162961 -0.053416
v -0.448667 1.172287 -0.056714
v -0.425876 1.175848 -0.059083
v -0.462051 1.159149 -0.051931
v -0.471774 1.168773 -0.051206
v -0.404055 1.181341 -0.058832
v -0.383423 1.188586 -0.057190
v -0.397942 1.175943 -0.052127
v -0.378746 1.184530 -0.049433
v -0.393627 1.172085 -0.044863
v -0.375469 1.181841 -0.041670
v -0.390415 1.169429 -0.037297
v -0.373291 1.180345 -0.033876
v -0.388202 1.168229 -0.029731
v -0.371478 1.179320 -0.025656
v -0.386557 1.167868 -0.021679
v -0.370475 1.179420 -0.017566
v -0.385404 1.168412 -0.013562
v -0.372835 1.183649 -0.011653
v -0.386849 1.172362 -0.007097
v -0.375314 1.188249 -0.005478
v -0.388481 1.176554 -0.000004
v -0.378360 1.193625 0.000615
v -0.361620 1.199309 -0.008234
v -0.365293 1.204752 -0.001811
v -0.369202 1.210622 0.004889
v -0.351188 1.215491 -0.001688
v -0.356679 1.222091 0.004325
v -0.363144 1.229995 0.010014
v -0.344623 1.234543 0.004516
v -0.351951 1.242580 0.009842
v -0.361045 1.253158 0.014393
v -0.340127 1.254545 0.015118
v -0.349513 1.265064 0.019602
v -0.360367 1.277766 0.021350
v -0.337544 1.278004 0.024537
v -0.348880 1.290386 0.023870
v -0.359468 1.302555 0.019575
v -0.337986 1.304535 0.022938
v -0.348932 1.316529 0.020695
v -0.358095 1.327631 0.014603
v -0.337669 1.330966 0.023048
v -0.345051 1.342319 0.014814
v -0.351422 1.351004 0.003613
v -0.331154 1.355199 0.014115
v -0.337751 1.364498 0.001398
v -0.344794 1.370540 -0.012898
v -0.325962 1.377313 0.000411
v -0.333239 1.384569 -0.014791
v -0.337607 1.387050 -0.031210
v -0.321191 1.398280 -0.016027
v -0.325258 1.402381 -0.032534
v -0.325588 1.402630 -0.048445
v -0.313674 1.421336 -0.032006
v -0.312772 1.422123 -0.047822
v -0.309339 1.418676 -0.062608
v -0.296843 1.442326 -0.046274
v -0.293659 1.438274 -0.062003
v -0.290125 1.431045 -0.076461
v -0.278277 1.461858 -0.063289
v -0.274597 1.452671 -0.077629
v -0.269411 1.440641 -0.089235
v -0.256835 1.476967 -0.080408
v -0.253304 1.463734 -0.091713
v -0.247081 1.448988 -0.099486
v -0.235838 1.487164 -0.097387
v -0.231580 1.471918 -0.104063
v -0.224325 1.454483 -0.107036
v -0.213035 1.489916 -0.113219
v -0.206513 1.468424 -0.111309
v -0.200772 1.445428 -0.107488
v -0.195845 1.471046 -0.118616
v -0.190119 1.447593 -0.116410
v -0.185626 1.426397 -0.112742
v -0.176614 1.453224 -0.124898
v -0.172010 1.431995 -0.124220
v -0.171048 1.410791 -0.122380
v -0.155681 1.438899 -0.127948
v -0.153608 1.416684 -0.126663
v -0.153748 1.394508 -0.123897
v -0.171815 1.390020 -0.117689
v -0.154145 1.373402 -0.120757
v -0.135078 1.400169 -0.127680
v -0.134912 1.378704 -0.125120
v -0.134341 1.358107 -0.122491
v -0.154099 1.353335 -0.117525
v -0.133463 1.338182 -0.120575
v -0.153115 1.334005 -0.114177
v -0.132480 1.318838 -0.119663
v -0.151366 1.315483 -0.110974
v -0.169356 1.313763 -0.101787
v -0.149660 1.297189 -0.108393
v -0.167501 1.296126 -0.099074
v -0.179486 1.298718 -0.083509
v -0.180558 1.316682 -0.084369
v -0.182802 1.303652 -0.063935
v -0.181162 1.321344 -0.063499
v -0.182407 1.306603 -0.043242
v -0.180126 1.323965 -0.042828
v -0.178327 1.338951 -0.041540
v -0.176353 1.353335 -0.038455
v -0.182269 1.324969 -0.024296
v -0.180844 1.339941 -0.024379
v -0.179788 1.354406 -0.025001
v -0.185516 1.341680 -0.005998
v -0.186381 1.325182 -0.004577
v -0.186379 1.324123 0.016314
v -0.186372 1.342622 0.014854
v -0.179348 1.324394 0.034963
v -0.180326 1.343473 0.034778
v -0.166082 1.325650 0.049478
v -0.167402 1.345023 0.049717
v -0.169120 1.365126 0.049606
v -0.171601 1.385486 0.048357
v -0.152816 1.348273 0.061889
v -0.155055 1.368249 0.061489
v -0.158005 1.388909 0.060419
v -0.160942 1.409124 0.058954
v -0.174497 1.405316 0.047333
v -0.140799 1.372613 0.072986
v -0.143901 1.392865 0.071692
v -0.147153 1.413369 0.069863
v -0.149613 1.434384 0.067257
v -0.163291 1.430842 0.057602
v -0.129480 1.397712 0.082933
v -0.132587 1.418410 0.080109
v -0.134759 1.438811 0.076184
v -0.150498 1.457272 0.063311
v -0.115958 1.424102 0.087909
v -0.116996 1.444044 0.081807
v -0.097368 1.429122 0.092475
v -0.113474 1.403622 0.092065
v -0.095472 1.409173 0.098115
v -0.076719 1.411658 0.101121
v -0.078636 1.431989 0.094852
v -0.093459 1.388549 0.102880
v -0.075416 1.390229 0.105322
v -0.057056 1.390067 0.105770
v -0.075343 1.368300 0.108474
v -0.057592 1.367732 0.108284
v -0.039588 1.366674 0.107096
v -0.058946 1.345674 0.110419
v -0.041282 1.344601 0.109469
v -0.023424 1.343271 0.108930
v -0.043100 1.323004 0.111770
v -0.025419 1.321773 0.111712
v -0.007655 1.320204 0.111801
v -0.005496 1.341518 0.108794
v 0.010112 1.318186 0.112002
v 0.012364 1.339217 0.109134
v 0.027854 1.315621 0.112133
v 0.030036 1.336430 0.109655
v 0.045518 1.312634 0.111412
v 0.047389 1.333251 0.109593
v 0.063050 1.309751 0.110273
v 0.064524 1.330013 0.109068
v 0.080550 1.307390 0.108376
v 0.081642 1.327173 0.107341
v 0.097371 1.305848 0.103617
v 0.097665 1.324477 0.101464
v 0.099367 1.343032 0.100089
v 0.111670 1.320488 0.089172
v 0.111401 1.303554 0.091346
v 0.122226 1.300369 0.074788
v 0.123863 1.316482 0.073728
v 0.135382 1.298398 0.058743
v 0.121630 1.283851 0.076621
v 0.133079 1.282176 0.059296
v 0.146588 1.281417 0.043341
v 0.131328 1.265872 0.060367
v 0.143539 1.265209 0.043422
v 0.156170 1.264694 0.027615
v 0.158504 1.281213 0.027305
v 0.165453 1.264410 0.010234
v 0.166301 1.281169 0.009558
v 0.171757 1.263587 -0.008790
v 0.172112 1.280151 -0.009876
v 0.177952 1.261620 -0.028648
v 0.178086 1.278166 -0.030183
v 0.184272 1.259189 -0.048135
v 0.184765 1.275708 -0.049760
v 0.184820 1.292018 -0.051261
v 0.189790 1.273290 -0.067702
v 0.190305 1.290107 -0.068763
v 0.189988 1.271680 -0.084631
v 0.190730 1.288853 -0.085346
v 0.191359 1.305700 -0.086186
v 0.184063 1.288700 -0.099729
v 0.184734 1.305832 -0.100196
v 0.170942 1.290288 -0.108695
v 0.172821 1.307523 -0.110012
v 0.154301 1.293154 -0.113172
v 0.156879 1.310750 -0.114528
v 0.159683 1.328333 -0.116109
v 0.137931 1.312954 -0.117917
v 0.140836 1.331623 -0.118981
v 0.143895 1.350693 -0.120137
v 0.121345 1.332235 -0.126057
v 0.123386 1.352406 -0.126556
v 0.125631 1.372954 -0.127743
v 0.107233 1.354242 -0.138884
v 0.108301 1.376237 -0.138511
v 0.110695 1.398632 -0.137430
v 0.094937 1.380496 -0.147790
v 0.095463 1.403591 -0.146220
v 0.097292 1.426588 -0.144850
v 0.081275 1.407597 -0.151018
v 0.081565 1.431142 -0.148280
v 0.082047 1.454294 -0.145468
v 0.065491 1.432619 -0.145841
v 0.064548 1.456387 -0.142945
v 0.064252 1.480054 -0.139380
v 0.047205 1.456965 -0.137940
v 0.046097 1.481548 -0.135287
v 0.045430 1.506244 -0.131258
v 0.028367 1.482718 -0.132004
v 0.027381 1.507695 -0.127901
v 0.011477 1.483216 -0.126338
v 0.010564 1.508063 -0.122114
v 0.010145 1.532431 -0.116211
v -0.007044 1.508429 -0.120676
v -0.007584 1.532741 -0.115394
v -0.024754 1.508723 -0.123993
v -0.006194 1.483792 -0.124891
v -0.023966 1.484233 -0.127899
v -0.041900 1.484283 -0.132785
v -0.042739 1.508443 -0.128876
v -0.060778 1.483456 -0.137298
v -0.061946 1.507059 -0.133307
v -0.080645 1.481489 -0.140075
v -0.082367 1.504237 -0.136017
v -0.101413 1.477817 -0.139593
v -0.103559 1.499446 -0.135704
v -0.106650 1.520333 -0.129793
v -0.124008 1.493475 -0.132550
v -0.127103 1.513022 -0.126992
v -0.131543 1.531481 -0.118938
v -0.146587 1.505730 -0.124546
v -0.150746 1.524340 -0.117632
v -0.155227 1.540836 -0.104816
v -0.168048 1.517356 -0.115421
v -0.171016 1.533515 -0.101563
v -0.174948 1.549238 -0.084679
v -0.186117 1.528010 -0.099290
v -0.189543 1.543633 -0.082789
v -0.193206 1.557890 -0.062630
v -0.204938 1.539192 -0.082126
v -0.207973 1.552926 -0.062676
v -0.210362 1.558985 -0.038750
v -0.223534 1.547691 -0.062243
v -0.224342 1.552678 -0.038591
v -0.222216 1.547994 -0.014068
v -0.242205 1.525182 -0.033925
v -0.241172 1.524253 -0.014121
v -0.237127 1.517546 0.004240
v -0.260960 1.496772 -0.013351
v -0.257688 1.489830 0.002288
v -0.253329 1.477669 0.014797
v -0.278800 1.457855 0.002562
v -0.272430 1.447518 0.014053
v -0.264513 1.436346 0.023529
v -0.286420 1.420637 0.014641
v -0.277469 1.411533 0.025397
v -0.267044 1.400916 0.030705
v -0.287966 1.389566 0.025175
v -0.278132 1.379795 0.031052
v -0.267374 1.369571 0.031225
v -0.289331 1.361827 0.030490
v -0.278967 1.352211 0.030752
v -0.268155 1.343540 0.025936
v -0.291646 1.335765 0.031150
v -0.280495 1.327564 0.025870
v -0.269460 1.320230 0.018427
v -0.292674 1.312501 0.023835
v -0.281578 1.305277 0.017735
v -0.272611 1.298845 0.009456
v -0.293961 1.290820 0.015840
v -0.285689 1.284530 0.008830
v -0.280049 1.279760 -0.000913
v -0.298622 1.269794 0.008540
v -0.292614 1.265101 -0.000611
v -0.288916 1.262018 -0.011884
v -0.305953 1.251159 -0.001704
v -0.301796 1.248135 -0.012193
v -0.299322 1.245994 -0.023347
v -0.315031 1.234321 -0.013545
v -0.312270 1.231921 -0.023606
v -0.312788 1.231906 -0.034230
v -0.326024 1.217250 -0.023512
v -0.326736 1.217514 -0.032778
v -0.329172 1.219142 -0.042595
v -0.341459 1.203536 -0.031103
v -0.343506 1.205185 -0.040044
v -0.346409 1.207533 -0.048948
v -0.358225 1.192324 -0.037432
v -0.360604 1.194251 -0.045631
v -0.364390 1.197456 -0.053758
v -0.356711 1.191019 -0.028869
v -0.340644 1.203013 -0.022372
v -0.356048 1.190856 -0.020720
v -0.343601 1.206414 -0.015684
v -0.358648 1.194845 -0.014667
v -0.346993 1.210390 -0.008402
v -0.329007 1.219983 -0.015513
v -0.333011 1.223423 -0.007868
v -0.338299 1.228128 -0.000978
v -0.319280 1.237434 -0.004685
v -0.325161 1.241224 0.002831
v -0.332020 1.246537 0.009315
v -0.311748 1.255103 0.007278
v -0.318669 1.260066 0.014901
v -0.327382 1.267731 0.021117
v -0.306225 1.275771 0.015545
v -0.315619 1.283512 0.020067
v -0.326427 1.293107 0.022690
v -0.304269 1.298313 0.020741
v -0.315733 1.307429 0.023807
v -0.327297 1.318536 0.024856
v -0.304425 1.321011 0.027921
v -0.315434 1.331587 0.028781
v -0.324232 1.343822 0.024122
v -0.302020 1.345860 0.030736
v -0.310971 1.356758 0.025105
v -0.318449 1.367781 0.013646
v -0.298957 1.372157 0.024710
v -0.306997 1.381978 0.013550
v -0.314362 1.390810 -0.000669
v -0.296609 1.398770 0.013851
v -0.303416 1.407041 -0.000645
v -0.309337 1.414978 -0.016088
v -0.293511 1.429303 0.001658
v -0.298063 1.437242 -0.013378
v -0.299646 1.442572 -0.029766
v -0.282150 1.465300 -0.012401
v -0.282337 1.468437 -0.029373
v -0.280834 1.467288 -0.046807
v -0.262871 1.498924 -0.030752
v -0.261304 1.495434 -0.049268
v -0.259117 1.487800 -0.066212
v -0.240878 1.520594 -0.053966
v -0.238859 1.511972 -0.071967
v -0.237297 1.500391 -0.086677
v -0.221202 1.536305 -0.082774
v -0.219276 1.522306 -0.098947
v -0.217602 1.507606 -0.109908
v -0.202267 1.524551 -0.098497
v -0.199974 1.509625 -0.110047
v -0.199534 1.493079 -0.118278
v -0.183785 1.512247 -0.112601
v -0.183961 1.495324 -0.122157
v -0.182058 1.475006 -0.125123
v -0.165830 1.499393 -0.124484
v -0.163862 1.480807 -0.127627
v -0.160285 1.460719 -0.128493
v -0.143895 1.486986 -0.128399
v -0.141263 1.467136 -0.130703
v -0.138227 1.445115 -0.131180
v -0.121691 1.472860 -0.135475
v -0.119651 1.450767 -0.136826
v -0.117862 1.428072 -0.136444
v -0.136122 1.422524 -0.130278
v -0.116688 1.405517 -0.135186
v -0.098657 1.433039 -0.142564
v -0.097706 1.410551 -0.143091
v -0.097419 1.388068 -0.143626
v -0.116295 1.383731 -0.134218
v -0.097739 1.366444 -0.143584
v -0.116482 1.362591 -0.133576
v -0.097807 1.345396 -0.143061
v -0.116277 1.342104 -0.133275
v -0.098250 1.324712 -0.144506
v -0.115709 1.322124 -0.133089
v -0.098286 1.304118 -0.144232
v -0.115365 1.302513 -0.133302
v -0.130917 1.299833 -0.118466
v -0.115427 1.283049 -0.133353
v -0.130017 1.281278 -0.117788
v -0.148077 1.279483 -0.106172
v -0.129474 1.262808 -0.117345
v -0.146264 1.261672 -0.103886
v -0.164995 1.260290 -0.094173
v -0.166362 1.278104 -0.096785
v -0.178871 1.261771 -0.080367
v -0.178937 1.280467 -0.082238
v -0.184427 1.266337 -0.061669
v -0.183500 1.285423 -0.063177
v -0.185125 1.270132 -0.042110
v -0.183971 1.289035 -0.043000
v -0.186028 1.271758 -0.022481
v -0.185374 1.290493 -0.023388
v -0.184147 1.307977 -0.024016
v -0.187462 1.289769 -0.003613
v -0.187178 1.307800 -0.004186
v -0.185211 1.287543 0.017398
v -0.185993 1.305756 0.016761
v -0.176942 1.287222 0.035429
v -0.178297 1.305638 0.035110
v -0.163139 1.288653 0.049706
v -0.164724 1.306976 0.049381
v -0.147872 1.291393 0.062538
v -0.149350 1.309844 0.062138
v -0.150933 1.328677 0.062020
v -0.134791 1.313760 0.075340
v -0.136210 1.332911 0.074510
v -0.138216 1.352618 0.073856
v -0.123222 1.338040 0.088346
v -0.124336 1.357851 0.086400
v -0.126460 1.377718 0.084749
v -0.109755 1.363696 0.098685
v -0.110828 1.383652 0.095652
v -0.092984 1.367620 0.106456
v -0.109657 1.343397 0.101389
v -0.093709 1.346290 0.109257
v -0.076504 1.346478 0.111211
v -0.095059 1.325207 0.111945
v -0.078081 1.325030 0.113560
v -0.060659 1.324064 0.112544
v -0.079687 1.303949 0.115587
v -0.062377 1.302934 0.114491
v -0.044879 1.301861 0.113950
v -0.064029 1.282232 0.116354
v -0.046563 1.281153 0.116147
v -0.028899 1.280134 0.117122
v -0.027249 1.300736 0.114448
v -0.011116 1.279011 0.117648
v -0.009538 1.299397 0.114744
v 0.006824 1.277602 0.117917
v 0.008272 1.297637 0.114936
v 0.024917 1.275704 0.117875
v 0.026180 1.295379 0.114901
v 0.043090 1.273336 0.116160
v 0.044138 1.292736 0.113792
v 0.061181 1.270968 0.113024
v 0.062051 1.290086 0.111632
v 0.079314 1.269201 0.109836
v 0.079865 1.288192 0.109175
v 0.097053 1.268497 0.105530
v 0.097359 1.287320 0.104877
v 0.111842 1.268242 0.095612
v 0.111575 1.286132 0.093646
v 0.121740 1.267035 0.078684
v 0.112054 1.249802 0.096740
v 0.122881 1.249965 0.080853
v 0.130461 1.249222 0.061745
v 0.123589 1.232321 0.082450
v 0.131549 1.232392 0.063688
v 0.139524 1.232099 0.044635
v 0.140957 1.248750 0.043763
v 0.151340 1.231422 0.028135
v 0.153712 1.248062 0.027928
v 0.162325 1.230534 0.011423
v 0.163889 1.247487 0.010799
v 0.170421 1.229410 -0.006837
v 0.171229 1.246633 -0.007787
v 0.177099 1.227495 -0.025862
v 0.177584 1.244769 -0.027214
v 0.182953 1.224864 -0.044665
v 0.183641 1.242179 -0.046378
v 0.186549 1.221912 -0.062593
v 0.187932 1.239185 -0.064291
v 0.188801 1.256342 -0.066196
v 0.186507 1.237057 -0.081622
v 0.188509 1.254237 -0.083334
v 0.178143 1.236795 -0.095643
v 0.180536 1.254036 -0.097372
v 0.182973 1.271384 -0.099248
v 0.166755 1.255764 -0.106077
v 0.169064 1.272912 -0.107799
v 0.148994 1.258239 -0.110569
v 0.151794 1.275520 -0.111814
v 0.129869 1.258038 -0.116109
v 0.132487 1.276228 -0.116095
v 0.135264 1.294473 -0.116988
v 0.115329 1.274519 -0.126707
v 0.117443 1.293432 -0.126526
v 0.119096 1.312678 -0.126154
v 0.104859 1.293579 -0.139897
v 0.105356 1.313106 -0.139368
v 0.105996 1.333241 -0.138821
v 0.093999 1.315589 -0.151054
v 0.094011 1.336230 -0.150095
v 0.093959 1.357690 -0.148518
v 0.080861 1.339081 -0.155646
v 0.080844 1.360907 -0.153920
v 0.081084 1.384120 -0.152960
v 0.066624 1.362511 -0.152549
v 0.066688 1.385575 -0.151083
v 0.066361 1.409012 -0.148850
v 0.051204 1.385736 -0.144236
v 0.050170 1.408858 -0.142193
v 0.048768 1.432559 -0.139829
v 0.033097 1.409090 -0.136566
v 0.031311 1.433017 -0.135931
v 0.029698 1.457664 -0.134446
v 0.013932 1.433771 -0.130259
v 0.012649 1.458320 -0.128827
v -0.004408 1.434849 -0.127531
v -0.005268 1.459141 -0.126822
v -0.022949 1.435682 -0.129873
v -0.023323 1.459805 -0.129753
v -0.041078 1.436096 -0.135033
v -0.041270 1.460099 -0.134754
v -0.059442 1.436224 -0.140171
v -0.059845 1.459788 -0.139523
v -0.078425 1.435817 -0.144542
v -0.079318 1.458614 -0.142867
v -0.099879 1.455489 -0.141640
v -0.059421 1.412905 -0.140684
v -0.078298 1.412904 -0.145125
v -0.059437 1.390096 -0.141027
v -0.078297 1.390064 -0.145938
v -0.059444 1.367854 -0.140992
v -0.078316 1.367779 -0.145935
v -0.059662 1.346322 -0.140935
v -0.078631 1.346418 -0.145640
v -0.060015 1.325295 -0.141138
v -0.078855 1.325403 -0.146952
v -0.060445 1.304710 -0.141058
v -0.079426 1.304480 -0.146585
v -0.060664 1.284482 -0.140867
v -0.079747 1.284004 -0.145929
v -0.098720 1.283795 -0.143795
v -0.080053 1.264024 -0.145303
v -0.099149 1.263929 -0.143640
v -0.115659 1.263743 -0.133436
v -0.099324 1.244155 -0.142670
v -0.116050 1.244661 -0.133437
v -0.129779 1.244534 -0.117378
v -0.116287 1.225544 -0.132392
v -0.130345 1.226347 -0.117375
v -0.143996 1.226210 -0.101549
v -0.144786 1.243974 -0.102228
v -0.160592 1.225260 -0.089059
v -0.162746 1.242746 -0.091232
v -0.175497 1.224856 -0.074872
v -0.177635 1.243352 -0.077587
v -0.182916 1.227500 -0.057409
v -0.184098 1.247079 -0.059629
v -0.185219 1.230873 -0.038604
v -0.185460 1.250676 -0.040456
v -0.186055 1.232527 -0.019645
v -0.186264 1.252427 -0.021216
v -0.185622 1.232539 -0.000127
v -0.186539 1.251924 -0.001409
v -0.187149 1.270996 -0.002450
v -0.182474 1.250329 0.018847
v -0.183922 1.269020 0.018082
v -0.173140 1.250527 0.036723
v -0.175122 1.268840 0.035988
v -0.159268 1.252328 0.050756
v -0.161300 1.270525 0.050165
v -0.144783 1.254752 0.064142
v -0.146367 1.273054 0.063285
v -0.133239 1.257734 0.079626
v -0.133578 1.276309 0.078004
v -0.134076 1.294980 0.076599
v -0.123375 1.280012 0.093984
v -0.122743 1.299146 0.092047
v -0.122658 1.318499 0.090251
v -0.111227 1.302868 0.105971
v -0.110277 1.323048 0.103896
v -0.096320 1.304278 0.113890
v -0.112295 1.283069 0.107919
v -0.097674 1.283945 0.115783
v -0.081207 1.283336 0.117348
v -0.099140 1.263996 0.117722
v -0.082758 1.263135 0.119184
v -0.065701 1.261912 0.118103
v -0.084312 1.243251 0.120975
v -0.067420 1.241840 0.119488
v -0.049889 1.240789 0.120040
v -0.048232 1.260820 0.118169
v -0.032005 1.240013 0.121946
v -0.030465 1.259935 0.119655
v -0.013845 1.239226 0.123129
v -0.012501 1.258969 0.120477
v 0.004508 1.238282 0.123419
v 0.005602 1.257796 0.120767
v 0.022986 1.236980 0.123088
v 0.023868 1.256225 0.120579
v 0.041487 1.235245 0.120849
v 0.042199 1.254195 0.118584
v 0.059788 1.233337 0.116424
v 0.060445 1.252093 0.114784
v 0.077916 1.231751 0.111490
v 0.078622 1.250473 0.110692
v 0.095978 1.230931 0.106465
v 0.096583 1.249578 0.106085
v 0.112324 1.231392 0.097539
v 0.095570 1.212460 0.106778
v 0.112439 1.213048 0.098045
v 0.125101 1.214496 0.083947
v 0.112718 1.194762 0.098373
v 0.126523 1.196504 0.085062
v 0.134659 1.197743 0.067171
v 0.132922 1.215063 0.065375
v 0.141305 1.197941 0.048149
v 0.140018 1.215102 0.046405
v 0.149219 1.197506 0.029792
v 0.149737 1.214565 0.028718
v 0.159106 1.196367 0.012599
v 0.160354 1.213440 0.011832
v 0.168197 1.194722 -0.004993
v 0.169368 1.212062 -0.005955
v 0.175792 1.192432 -0.023273
v 0.176557 1.210004 -0.024583
v 0.181045 1.189490 -0.041709
v 0.182167 1.207250 -0.043162
v 0.183576 1.186568 -0.059846
v 0.185079 1.204381 -0.061174
v 0.180735 1.184745 -0.077303
v 0.182576 1.202449 -0.078489
v 0.184333 1.219872 -0.079871
v 0.173532 1.202137 -0.092785
v 0.175662 1.219540 -0.094039
v 0.159218 1.203774 -0.101944
v 0.161642 1.221486 -0.102938
v 0.164285 1.238892 -0.104343
v 0.144627 1.222767 -0.108176
v 0.146660 1.240596 -0.109213
v 0.126282 1.221082 -0.116073
v 0.127899 1.239342 -0.115836
v 0.112411 1.218784 -0.129009
v 0.112995 1.236963 -0.128390
v 0.113922 1.255641 -0.127565
v 0.102854 1.236897 -0.142657
v 0.103488 1.255622 -0.141692
v 0.104037 1.274610 -0.140544
v 0.093026 1.257753 -0.152885
v 0.093152 1.276553 -0.151605
v 0.093758 1.295800 -0.151462
v 0.080013 1.278052 -0.157901
v 0.080642 1.297594 -0.158077
v 0.080702 1.317918 -0.157363
v 0.065886 1.298812 -0.156785
v 0.066307 1.319411 -0.155995
v 0.066475 1.340626 -0.154270
v 0.051630 1.320185 -0.149054
v 0.051650 1.341273 -0.147542
v 0.051613 1.363167 -0.145945
v 0.036014 1.341918 -0.139104
v 0.035552 1.363610 -0.138067
v 0.034649 1.385974 -0.137055
v 0.017762 1.364600 -0.131105
v 0.016642 1.386905 -0.130830
v 0.015317 1.409946 -0.130703
v -0.002698 1.388222 -0.127130
v -0.003634 1.411220 -0.127382
v -0.022249 1.389104 -0.128520
v -0.022678 1.412091 -0.129228
v -0.040959 1.389656 -0.134407
v -0.041024 1.412576 -0.134767
v -0.021795 1.366938 -0.128239
v -0.040836 1.367506 -0.134247
v -0.021487 1.345469 -0.128390
v -0.040854 1.345999 -0.134190
v -0.021483 1.324606 -0.128341
v -0.041043 1.325100 -0.134157
v -0.021540 1.304183 -0.128496
v -0.041277 1.304672 -0.134165
v -0.021614 1.284167 -0.128499
v -0.041422 1.284602 -0.134127
v -0.021651 1.264397 -0.128511
v -0.041482 1.264811 -0.134057
v -0.060785 1.264546 -0.140736
v -0.041465 1.245279 -0.133962
v -0.060864 1.244927 -0.140403
v -0.080286 1.244239 -0.144812
v -0.060778 1.225564 -0.140129
v -0.080301 1.224700 -0.144131
v -0.099584 1.224522 -0.141938
v -0.080317 1.205407 -0.143302
v -0.099831 1.205344 -0.140817
v -0.117142 1.206590 -0.131776
v -0.100116 1.186243 -0.139669
v -0.117776 1.187590 -0.131158
v -0.131641 1.189281 -0.117224
v -0.131070 1.207975 -0.117358
v -0.144273 1.189621 -0.102252
v -0.143900 1.208233 -0.101679
v -0.157328 1.189374 -0.087496
v -0.158810 1.207530 -0.087813
v -0.170483 1.188053 -0.072624
v -0.173425 1.206346 -0.073202
v -0.179343 1.188242 -0.054899
v -0.181579 1.207808 -0.055707
v -0.182945 1.190468 -0.035874
v -0.184364 1.210610 -0.036922
v -0.184237 1.192408 -0.016784
v -0.185281 1.212455 -0.018088
v -0.182957 1.193432 0.002721
v -0.184519 1.212963 0.001439
v -0.177039 1.194084 0.021718
v -0.178846 1.212952 0.020689
v -0.181023 1.231740 0.019932
v -0.168954 1.213835 0.038091
v -0.170961 1.232246 0.037324
v -0.155466 1.215803 0.052449
v -0.157332 1.234165 0.051568
v -0.142316 1.218004 0.066847
v -0.143616 1.236417 0.065506
v -0.133566 1.220638 0.083641
v -0.133459 1.239223 0.081654
v -0.126310 1.223369 0.100306
v -0.125394 1.242258 0.098355
v -0.124216 1.261155 0.096163
v -0.115185 1.244281 0.112151
v -0.113616 1.263630 0.109950
v -0.100627 1.244382 0.119767
v -0.117009 1.225058 0.114338
v -0.102182 1.224795 0.121539
v -0.085796 1.223522 0.122740
v -0.103441 1.205208 0.123187
v -0.087197 1.203853 0.124011
v -0.070408 1.202423 0.122219
v -0.068988 1.222117 0.120959
v -0.052837 1.201416 0.122861
v -0.051423 1.221027 0.121569
v -0.034799 1.200951 0.125890
v -0.033481 1.220431 0.124214
v -0.016203 1.200568 0.127642
v -0.015085 1.219790 0.125544
v 0.002644 1.199972 0.127971
v 0.003525 1.219015 0.125783
v 0.021629 1.199069 0.127431
v 0.022246 1.217943 0.125464
v 0.040503 1.197781 0.124862
v 0.040931 1.216443 0.122936
v 0.059004 1.196226 0.119768
v 0.059280 1.214691 0.118069
v 0.077225 1.194860 0.113495
v 0.077467 1.213195 0.112508
v 0.095386 1.194182 0.107068
v 0.077091 1.176683 0.114407
v 0.095353 1.176157 0.107456
v 0.112920 1.176756 0.098640
v 0.095326 1.158268 0.107857
v 0.113006 1.158839 0.099147
v 0.128380 1.160219 0.086980
v 0.127821 1.178345 0.086061
v 0.138199 1.161896 0.069942
v 0.136711 1.179944 0.068681
v 0.145314 1.162836 0.051684
v 0.143334 1.180482 0.049968
v 0.152121 1.162649 0.033460
v 0.150359 1.180223 0.031571
v 0.159405 1.161539 0.015489
v 0.158673 1.179054 0.013773
v 0.167175 1.159659 -0.002186
v 0.167367 1.177241 -0.003755
v 0.174027 1.157101 -0.020145
v 0.174854 1.174802 -0.021765
v 0.178587 1.153967 -0.038457
v 0.179814 1.171721 -0.040149
v 0.180208 1.150869 -0.056857
v 0.181895 1.168719 -0.058425
v 0.176881 1.148963 -0.074305
v 0.178659 1.166887 -0.075887
v 0.167357 1.148833 -0.088748
v 0.169366 1.166547 -0.090122
v 0.171469 1.184578 -0.091528
v 0.154241 1.168114 -0.099229
v 0.156871 1.186060 -0.100463
v 0.137133 1.168294 -0.106154
v 0.139625 1.186437 -0.106761
v 0.142110 1.204603 -0.107264
v 0.122382 1.184171 -0.116173
v 0.124352 1.202633 -0.116041
v 0.110966 1.182336 -0.130675
v 0.111549 1.200729 -0.129805
v 0.102180 1.182222 -0.144785
v 0.102476 1.200523 -0.144509
v 0.102511 1.218551 -0.143714
v 0.092107 1.201542 -0.156450
v 0.092223 1.220166 -0.155505
v 0.092610 1.239022 -0.154419
v 0.078739 1.221451 -0.161659
v 0.079093 1.240492 -0.160680
v 0.079480 1.259299 -0.158893
v 0.063993 1.241197 -0.159409
v 0.064432 1.260167 -0.157987
v 0.065068 1.279205 -0.157299
v 0.049923 1.260505 -0.152017
v 0.050417 1.279986 -0.151116
v 0.051143 1.299827 -0.150309
v 0.035288 1.280691 -0.141618
v 0.035763 1.300647 -0.140892
v 0.036028 1.320892 -0.140167
v 0.018496 1.301919 -0.132366
v 0.018651 1.322174 -0.131997
v 0.018449 1.343040 -0.131566
v -0.001204 1.323684 -0.127543
v -0.001314 1.344470 -0.127376
v -0.001846 1.365956 -0.127282
v -0.001168 1.303304 -0.127614
v 0.018312 1.281908 -0.132653
v -0.001226 1.283275 -0.127863
v 0.018218 1.262173 -0.133059
v -0.001225 1.263495 -0.127984
v 0.018301 1.242758 -0.133225
v -0.001205 1.244061 -0.128093
v -0.021610 1.244959 -0.128683
v -0.001202 1.224941 -0.128269
v -0.021568 1.225785 -0.128477
v -0.041385 1.226073 -0.133812
v -0.021497 1.206740 -0.128461
v -0.041249 1.206994 -0.133656
v -0.060646 1.206344 -0.139747
v -0.041005 1.187903 -0.133470
v -0.060474 1.187261 -0.139317
v -0.080434 1.186342 -0.142441
v -0.060254 1.168501 -0.138821
v -0.080331 1.167442 -0.141534
v -0.100175 1.167163 -0.138945
v -0.079933 1.148602 -0.140864
v -0.099745 1.148101 -0.137782
v -0.117600 1.148888 -0.129443
v -0.118085 1.168331 -0.130533
v -0.131840 1.150229 -0.116695
v -0.131931 1.169920 -0.117031
v -0.144355 1.150867 -0.102807
v -0.144520 1.170630 -0.102779
v -0.155701 1.150863 -0.088096
v -0.156626 1.170445 -0.088243
v -0.165671 1.150617 -0.071941
v -0.167966 1.169432 -0.072766
v -0.173899 1.150873 -0.053783
v -0.176658 1.169351 -0.054499
v -0.178817 1.152223 -0.034431
v -0.180893 1.171016 -0.035199
v -0.181593 1.154035 -0.014723
v -0.182890 1.172884 -0.015736
v -0.179473 1.155629 0.004969
v -0.181168 1.174302 0.003861
v -0.172962 1.157050 0.023552
v -0.175000 1.175517 0.022750
v -0.163052 1.158840 0.040419
v -0.164870 1.177207 0.039649
v -0.166931 1.195522 0.038881
v -0.152454 1.179208 0.054713
v -0.153607 1.197537 0.053283
v -0.141496 1.181278 0.070592
v -0.141871 1.199643 0.068717
v -0.134637 1.183518 0.088035
v -0.133910 1.202054 0.085810
v -0.128781 1.185423 0.104526
v -0.127376 1.204480 0.102444
v -0.118975 1.186229 0.117553
v -0.117878 1.205661 0.115916
v -0.104681 1.185700 0.124746
v -0.120117 1.166950 0.119241
v -0.105632 1.166216 0.125874
v -0.089529 1.164785 0.125795
v -0.088476 1.184288 0.125037
v -0.072922 1.163512 0.123609
v -0.071729 1.182953 0.123079
v -0.055336 1.162835 0.125277
v -0.054148 1.182039 0.124121
v -0.037034 1.162736 0.129383
v -0.035991 1.181739 0.127712
v -0.017998 1.162777 0.131715
v -0.017192 1.181563 0.129708
v 0.001401 1.162575 0.132034
v 0.001935 1.181170 0.130054
v 0.020891 1.162017 0.131521
v 0.021187 1.180457 0.129520
v 0.040210 1.161026 0.128503
v 0.040296 1.179339 0.126806
v 0.058900 1.159766 0.122685
v 0.058918 1.177958 0.121351
v 0.077103 1.158666 0.115329
v 0.058946 1.141642 0.123645
v 0.077171 1.140674 0.116039
v 0.095304 1.140332 0.108287
v 0.077360 1.122612 0.116636
v 0.095431 1.122330 0.108721
v 0.113160 1.122867 0.100065
v 0.113006 1.140863 0.099586
v 0.129394 1.124186 0.088987
v 0.128757 1.142186 0.088072
v 0.140168 1.125858 0.072584
v 0.139231 1.143824 0.071222
v 0.148190 1.127074 0.054726
v 0.146836 1.144992 0.053197
v 0.154926 1.127095 0.036791
v 0.153651 1.144834 0.035150
v 0.161497 1.125901 0.019061
v 0.160499 1.143733 0.017316
v 0.167949 1.124011 0.001395
v 0.167389 1.141908 -0.000447
v 0.173729 1.121395 -0.016469
v 0.173603 1.139303 -0.018380
v 0.177312 1.118190 -0.034807
v 0.177775 1.136126 -0.036674
v 0.177887 1.114911 -0.053234
v 0.178890 1.132956 -0.055120
v 0.173674 1.112749 -0.070648
v 0.174852 1.131023 -0.072443
v 0.163946 1.112433 -0.085049
v 0.165324 1.130795 -0.086867
v 0.149040 1.113253 -0.095117
v 0.150485 1.131707 -0.096593
v 0.151945 1.150240 -0.098028
v 0.133794 1.130864 -0.104865
v 0.135143 1.149458 -0.105519
v 0.119031 1.128161 -0.117003
v 0.119807 1.146773 -0.116579
v 0.121008 1.165673 -0.116457
v 0.109767 1.145339 -0.132027
v 0.110280 1.163723 -0.131266
v 0.101553 1.145373 -0.146047
v 0.101738 1.163806 -0.145185
v 0.091114 1.146505 -0.157376
v 0.091293 1.164741 -0.156581
v 0.091811 1.182959 -0.156491
v 0.077199 1.165498 -0.162121
v 0.077639 1.183748 -0.161981
v 0.078322 1.202417 -0.162401
v 0.062413 1.184490 -0.161641
v 0.063257 1.203124 -0.161469
v 0.063790 1.222165 -0.160804
v 0.049187 1.203638 -0.154492
v 0.049752 1.222304 -0.154045
v 0.049842 1.241297 -0.153066
v 0.034736 1.222602 -0.143634
v 0.034919 1.241652 -0.143006
v 0.034970 1.260951 -0.142371
v 0.018212 1.223736 -0.133509
v 0.034368 1.204078 -0.144034
v 0.018025 1.204958 -0.133989
v -0.001182 1.205962 -0.128451
v 0.018008 1.186214 -0.134215
v -0.001061 1.187201 -0.128559
v -0.021308 1.187865 -0.128636
v -0.000785 1.168431 -0.128403
v -0.020952 1.169062 -0.128359
v -0.040679 1.169149 -0.133219
v -0.020544 1.150295 -0.128224
v -0.040288 1.150415 -0.132969
v -0.059886 1.149747 -0.138194
v -0.039765 1.131590 -0.132727
v -0.059417 1.130905 -0.137659
v -0.079390 1.129712 -0.140043
v -0.058737 1.112082 -0.137254
v -0.078664 1.110674 -0.139291
v -0.098064 1.109772 -0.135715
v -0.098953 1.129031 -0.136586
v -0.115814 1.109847 -0.127645
v -0.116817 1.129360 -0.128498
v -0.130379 1.110586 -0.115219
v -0.131133 1.130316 -0.115956
v -0.142775 1.111318 -0.100954
v -0.143564 1.131024 -0.102047
v -0.153429 1.111945 -0.085555
v -0.154469 1.131333 -0.087022
v -0.162535 1.112635 -0.068764
v -0.163743 1.131628 -0.070372
v -0.170613 1.113598 -0.051002
v -0.171666 1.132308 -0.052436
v -0.176838 1.115093 -0.032101
v -0.177303 1.133657 -0.033316
v -0.180588 1.116886 -0.012467
v -0.180711 1.135545 -0.013566
v -0.177899 1.118442 0.006848
v -0.178356 1.137114 0.005949
v -0.170681 1.120113 0.025116
v -0.171564 1.138579 0.024324
v -0.160814 1.122076 0.042213
v -0.161736 1.140454 0.041276
v -0.150791 1.124022 0.059191
v -0.151023 1.142412 0.057631
v -0.151447 1.160849 0.056056
v -0.142197 1.144370 0.074683
v -0.141720 1.162876 0.072622
v -0.136681 1.146272 0.092247
v -0.135560 1.164924 0.090108
v -0.130973 1.147609 0.107994
v -0.129685 1.166455 0.106247
v -0.120666 1.147897 0.120243
v -0.131782 1.128835 0.109963
v -0.121601 1.129038 0.122122
v -0.107097 1.128053 0.128204
v -0.106400 1.147098 0.127130
v -0.091197 1.125951 0.127454
v -0.090390 1.145413 0.126652
v -0.074923 1.124824 0.124015
v -0.074018 1.144140 0.124404
v -0.056479 1.124984 0.125203
v -0.056286 1.143720 0.125886
v -0.037886 1.125327 0.130658
v -0.037705 1.143872 0.130245
v -0.018869 1.125691 0.134528
v -0.018561 1.144176 0.133278
v 0.000843 1.125859 0.135591
v 0.001008 1.144154 0.133895
v 0.020778 1.125475 0.134426
v 0.020734 1.143675 0.132989
v 0.040333 1.124594 0.130683
v 0.040202 1.142770 0.129769
v 0.059121 1.123521 0.124288
v 0.040627 1.106471 0.131312
v 0.059483 1.105358 0.124849
v 0.077734 1.104441 0.117112
v 0.059913 1.087180 0.125243
v 0.078202 1.086203 0.117498
v 0.096243 1.085784 0.109426
v 0.095755 1.104136 0.109065
v 0.113796 1.086151 0.100789
v 0.113352 1.104603 0.100413
v 0.129930 1.087450 0.090041
v 0.129608 1.105927 0.089641
v 0.142293 1.089369 0.075354
v 0.141231 1.107752 0.074136
v 0.151094 1.090808 0.058140
v 0.149586 1.109029 0.056450
v 0.157676 1.090900 0.040273
v 0.156208 1.109068 0.038561
v 0.163821 1.089722 0.022701
v 0.162583 1.107898 0.020866
v 0.169634 1.087736 0.005131
v 0.168722 1.105968 0.003276
v 0.174635 1.085051 -0.012582
v 0.174175 1.103328 -0.014531
v 0.177129 1.081666 -0.030841
v 0.177242 1.100063 -0.032846
v 0.177064 1.078188 -0.049116
v 0.177481 1.096698 -0.051199
v 0.172017 1.075856 -0.066264
v 0.172962 1.094332 -0.068614
v 0.161471 1.075444 -0.080868
v 0.162840 1.093863 -0.083215
v 0.146873 1.076322 -0.092258
v 0.148010 1.094948 -0.093774
v 0.131580 1.075115 -0.102865
v 0.131740 1.093726 -0.103651
v 0.132394 1.112332 -0.104279
v 0.118627 1.090623 -0.117143
v 0.118557 1.109490 -0.117184
v 0.109656 1.089043 -0.133266
v 0.109426 1.107956 -0.133008
v 0.109505 1.126717 -0.132637
v 0.101193 1.108157 -0.147503
v 0.101423 1.126801 -0.146919
v 0.091024 1.109222 -0.158938
v 0.091335 1.127972 -0.158671
v 0.076845 1.110076 -0.164432
v 0.076932 1.128727 -0.164280
v 0.076961 1.147198 -0.162969
v 0.061411 1.129148 -0.163332
v 0.061597 1.147668 -0.162330
v 0.061910 1.166090 -0.161735
v 0.047461 1.147696 -0.155357
v 0.047688 1.166312 -0.154827
v 0.048281 1.184992 -0.154626
v 0.033704 1.166513 -0.144653
v 0.033941 1.185352 -0.144349
v 0.018108 1.167395 -0.134257
v 0.033636 1.147798 -0.145152
v 0.018349 1.148599 -0.134248
v -0.000442 1.149629 -0.128341
v 0.018513 1.129860 -0.134702
v -0.000032 1.130843 -0.128547
v -0.020015 1.131564 -0.128334
v 0.000475 1.112119 -0.128720
v -0.019480 1.112866 -0.128314
v -0.039151 1.112950 -0.132572
v -0.018844 1.094169 -0.128411
v -0.038421 1.094177 -0.132391
v -0.057949 1.093180 -0.136679
v -0.037405 1.075176 -0.132185
v -0.056960 1.074259 -0.136066
v -0.076876 1.072584 -0.137529
v -0.077828 1.091605 -0.138369
v -0.096150 1.071359 -0.133438
v -0.097119 1.090527 -0.134565
v -0.113818 1.071109 -0.125214
v -0.114860 1.090420 -0.126531
v -0.128725 1.071605 -0.112928
v -0.129532 1.091042 -0.114128
v -0.141471 1.072402 -0.098526
v -0.142105 1.091804 -0.099776
v -0.152392 1.073370 -0.082692
v -0.152836 1.092624 -0.084112
v -0.161690 1.074537 -0.065779
v -0.162024 1.093596 -0.067294
v -0.169931 1.075877 -0.048192
v -0.170198 1.094804 -0.049613
v -0.176250 1.077423 -0.029644
v -0.176561 1.096365 -0.030871
v -0.180000 1.079061 -0.010553
v -0.180287 1.098081 -0.011519
v -0.177242 1.081055 0.008539
v -0.177618 1.099751 0.007649
v -0.169623 1.083449 0.026955
v -0.170046 1.101684 0.025915
v -0.160143 1.085734 0.044700
v -0.160297 1.103800 0.043324
v -0.151287 1.087763 0.062801
v -0.150822 1.105774 0.060865
v -0.145134 1.089552 0.081495
v -0.144121 1.107642 0.079257
v -0.143136 1.125912 0.076931
v -0.138983 1.109231 0.097009
v -0.137799 1.127697 0.094551
v -0.133364 1.110320 0.112490
v -0.140211 1.090949 0.099351
v -0.134756 1.091740 0.114787
v -0.123476 1.091510 0.125740
v -0.123079 1.110535 0.124628
v -0.108605 1.090310 0.131558
v -0.108142 1.109164 0.130222
v -0.091950 1.088287 0.129273
v -0.091820 1.106768 0.128651
v -0.074642 1.087553 0.124660
v -0.074904 1.105897 0.124505
v -0.055880 1.088164 0.124052
v -0.056264 1.106624 0.124542
v -0.037161 1.088295 0.130061
v -0.037557 1.106803 0.130265
v -0.018827 1.088796 0.136724
v -0.018985 1.107278 0.136006
v 0.001337 1.089604 0.138552
v 0.000938 1.107666 0.137218
v 0.021480 1.089382 0.136671
v 0.021054 1.107390 0.135770
v 0.041023 1.088385 0.131844
v 0.022064 1.071277 0.137586
v 0.041465 1.070258 0.132348
v 0.060324 1.068941 0.125452
v 0.041800 1.052163 0.132787
v 0.060634 1.050782 0.125605
v 0.079163 1.049607 0.117870
v 0.078718 1.067898 0.117736
v 0.097324 1.048947 0.109777
v 0.096778 1.067414 0.109624
v 0.114953 1.048969 0.100894
v 0.114332 1.067602 0.100847
v 0.131083 1.049906 0.090014
v 0.130338 1.068725 0.089984
v 0.144924 1.051756 0.076800
v 0.143769 1.070702 0.076378
v 0.154713 1.053402 0.060720
v 0.152929 1.072332 0.059623
v 0.161340 1.053573 0.043528
v 0.159355 1.072425 0.041956
v 0.166973 1.052529 0.026214
v 0.165222 1.071349 0.024492
v 0.171766 1.050485 0.008838
v 0.170663 1.069301 0.006982
v 0.175363 1.047630 -0.008757
v 0.175005 1.066504 -0.010673
v 0.176674 1.044125 -0.026690
v 0.177064 1.063053 -0.028804
v 0.175592 1.040308 -0.044805
v 0.176510 1.059364 -0.046975
v 0.169854 1.037965 -0.061765
v 0.171012 1.056997 -0.063978
v 0.159224 1.037844 -0.076912
v 0.160478 1.056782 -0.078863
v 0.145414 1.038273 -0.088866
v 0.146063 1.057489 -0.090459
v 0.131534 1.037553 -0.100416
v 0.131305 1.056410 -0.101582
v 0.119754 1.035203 -0.115590
v 0.119116 1.053541 -0.116234
v 0.118617 1.072065 -0.116696
v 0.110387 1.052213 -0.133189
v 0.109982 1.070571 -0.133314
v 0.102113 1.052450 -0.148697
v 0.102029 1.070929 -0.148748
v 0.101528 1.089526 -0.148169
v 0.091474 1.071797 -0.160441
v 0.091213 1.090585 -0.159726
v 0.077089 1.072581 -0.166561
v 0.077057 1.091313 -0.165610
v 0.061359 1.073270 -0.165963
v 0.061521 1.091878 -0.164984
v 0.061486 1.110557 -0.163969
v 0.047304 1.091923 -0.157751
v 0.047330 1.110498 -0.157058
v 0.047263 1.129112 -0.156385
v 0.033830 1.110550 -0.146482
v 0.033659 1.129130 -0.145837
v 0.018994 1.111197 -0.135160
v 0.033991 1.091975 -0.147170
v 0.019467 1.092652 -0.135738
v 0.001093 1.093551 -0.128949
v 0.019906 1.074138 -0.136246
v 0.001829 1.074993 -0.129371
v -0.017946 1.075476 -0.128658
v 0.002723 1.056299 -0.129523
v -0.016864 1.056683 -0.128513
v -0.036269 1.056555 -0.132065
v -0.015683 1.037724 -0.128935
v -0.035082 1.037623 -0.132241
v -0.054475 1.036816 -0.135365
v -0.055759 1.055559 -0.135625
v -0.074191 1.035062 -0.135929
v -0.075645 1.053758 -0.136697
v -0.093713 1.033462 -0.131255
v -0.094996 1.052277 -0.132399
v -0.111753 1.032943 -0.122798
v -0.112822 1.051892 -0.124052
v -0.127037 1.033274 -0.110375
v -0.127960 1.052346 -0.111731
v -0.140189 1.034027 -0.095779
v -0.140911 1.053138 -0.097234
v -0.151520 1.035038 -0.079804
v -0.151970 1.054171 -0.081274
v -0.161093 1.036282 -0.062723
v -0.161449 1.055398 -0.064288
v -0.169447 1.037666 -0.045050
v -0.169706 1.056780 -0.046683
v -0.175654 1.039261 -0.026627
v -0.175992 1.058313 -0.028259
v -0.179292 1.041183 -0.007687
v -0.179715 1.060119 -0.009251
v -0.176522 1.044059 0.011645
v -0.176884 1.062549 0.009883
v -0.169578 1.047167 0.030448
v -0.169389 1.065277 0.028396
v -0.160978 1.049770 0.048650
v -0.160271 1.067737 0.046433
v -0.153217 1.051792 0.067284
v -0.152009 1.069794 0.064946
v -0.147523 1.053318 0.085850
v -0.146264 1.071457 0.083652
v -0.142412 1.054301 0.103385
v -0.141306 1.072646 0.101371
v -0.136250 1.054900 0.118430
v -0.135635 1.073141 0.116613
v -0.124312 1.054895 0.128865
v -0.123982 1.072967 0.127277
v -0.108688 1.053907 0.132959
v -0.108589 1.071921 0.131916
v -0.091983 1.051946 0.130135
v -0.091900 1.069999 0.129647
v -0.074575 1.051506 0.124501
v -0.074679 1.069444 0.124591
v -0.055470 1.052152 0.123248
v -0.055527 1.070004 0.123481
v -0.036180 1.051808 0.129619
v -0.036626 1.069838 0.129736
v -0.017707 1.052579 0.137898
v -0.018261 1.070557 0.137224
v 0.002375 1.053675 0.140782
v 0.001932 1.071603 0.139534
v 0.022536 1.053325 0.138684
v 0.002641 1.035847 0.141794
v 0.022766 1.035441 0.139692
v 0.041967 1.034187 0.133260
v 0.022908 1.017703 0.140746
v 0.041969 1.016385 0.133793
v 0.060785 1.014789 0.126139
v 0.060799 1.032714 0.125819
v 0.079479 1.013303 0.118192
v 0.079416 1.031392 0.118019
v 0.098004 1.012306 0.110020
v 0.097756 1.030580 0.109930
v 0.115878 1.011971 0.100998
v 0.115497 1.030452 0.100932
v 0.132381 1.012307 0.090059
v 0.131791 1.031126 0.090003
v 0.146885 1.013353 0.077392
v 0.146006 1.032620 0.077124
v 0.157636 1.014449 0.062372
v 0.156346 1.034068 0.061642
v 0.165147 1.014512 0.046143
v 0.163381 1.034280 0.044916
v 0.170511 1.013491 0.029467
v 0.168850 1.033249 0.027915
v 0.173766 1.011393 0.012347
v 0.172826 1.031134 0.010613
v 0.175860 1.008634 -0.004978
v 0.175713 1.028317 -0.006814
v 0.175858 1.005498 -0.022595
v 0.176405 1.024928 -0.024608
v 0.173354 1.001930 -0.040455
v 0.174646 1.021078 -0.042689
v 0.166602 0.999704 -0.057992
v 0.168334 1.018790 -0.059769
v 0.156292 0.999508 -0.073503
v 0.157660 1.018726 -0.074974
v 0.143497 0.999605 -0.086559
v 0.144375 1.018975 -0.087309
v 0.130980 0.999339 -0.100000
v 0.131276 1.018433 -0.099753
v 0.120695 0.998676 -0.116228
v 0.120255 1.017085 -0.115591
v 0.111885 0.998152 -0.133731
v 0.111463 1.016208 -0.133328
v 0.110942 1.034045 -0.133108
v 0.102825 1.016091 -0.149256
v 0.102323 1.034213 -0.148759
v 0.091899 1.016432 -0.161337
v 0.091269 1.034855 -0.160247
v 0.091207 1.053116 -0.160134
v 0.077013 1.035457 -0.166827
v 0.076972 1.053908 -0.166715
v 0.061297 1.035963 -0.167064
v 0.061233 1.054601 -0.166448
v 0.047157 1.036088 -0.159972
v 0.047078 1.054782 -0.159424
v 0.047141 1.073377 -0.158684
v 0.034306 1.054908 -0.148506
v 0.034228 1.073454 -0.147767
v 0.020609 1.055535 -0.136590
v 0.034500 1.036269 -0.149115
v 0.021174 1.036847 -0.137116
v 0.003718 1.037496 -0.129685
v 0.021551 1.018004 -0.137685
v 0.004651 1.018498 -0.130108
v -0.014708 1.018827 -0.129489
v 0.005148 0.999522 -0.130323
v -0.014104 0.999990 -0.129909
v -0.033407 0.999971 -0.132918
v -0.033973 1.018860 -0.132734
v -0.052671 0.999098 -0.134707
v -0.053366 1.017940 -0.135162
v -0.072160 0.997747 -0.134137
v -0.072917 1.016482 -0.134980
v -0.091483 0.996472 -0.129172
v -0.092475 1.014979 -0.130201
v -0.109590 0.995748 -0.120264
v -0.110650 1.014256 -0.121608
v -0.125235 0.995784 -0.107624
v -0.126161 1.014415 -0.109058
v -0.138843 0.996331 -0.092881
v -0.139512 1.015079 -0.094355
v -0.150467 0.997226 -0.076602
v -0.151035 1.016042 -0.078250
v -0.160386 0.998368 -0.059283
v -0.160775 1.017241 -0.061064
v -0.168787 0.999728 -0.041217
v -0.169153 1.018608 -0.043237
v -0.174862 1.001427 -0.022220
v -0.175269 1.020256 -0.024590
v -0.178605 1.003859 -0.002667
v -0.179136 1.022391 -0.005573
v -0.176097 1.007289 0.016954
v -0.176217 1.025685 0.014105
v -0.170485 1.010560 0.035696
v -0.169741 1.028949 0.032860
v -0.163067 1.013267 0.053861
v -0.161907 1.031581 0.051179
v -0.155848 1.015546 0.071959
v -0.154567 1.033811 0.069614
v -0.150096 1.017149 0.090143
v -0.148837 1.035263 0.088086
v -0.144879 1.018010 0.107395
v -0.143657 1.036140 0.105516
v -0.137503 1.018510 0.122158
v -0.136985 1.036706 0.120514
v -0.125154 1.018712 0.132575
v -0.124703 1.036892 0.130935
v -0.109249 1.018150 0.136394
v -0.108880 1.036106 0.135061
v -0.092687 1.016592 0.131449
v -0.092172 1.034169 0.130843
v -0.075013 1.016360 0.124466
v -0.074715 1.033803 0.124372
v -0.055429 1.017025 0.122595
v -0.055396 1.034452 0.122898
v -0.035822 1.016676 0.129591
v -0.035961 1.034080 0.129576
v -0.017427 1.017156 0.139301
v -0.017482 1.034788 0.138641
v 0.002755 1.018080 0.142850
v -0.017174 0.999754 0.139432
v 0.002893 1.000573 0.143492
v 0.022961 1.000071 0.141543
v 0.002916 0.983206 0.144295
v 0.022765 0.982487 0.142389
v 0.041481 0.980978 0.135332
v 0.041822 0.998671 0.134464
v 0.060003 0.979266 0.127265
v 0.060525 0.996996 0.126616
v 0.078760 0.977567 0.118911
v 0.079267 0.995361 0.118462
v 0.097572 0.976170 0.110406
v 0.097929 0.994139 0.110130
v 0.116039 0.975311 0.101405
v 0.116058 0.993569 0.101095
v 0.133194 0.974853 0.091002
v 0.132868 0.993589 0.090371
v 0.148179 0.974804 0.078726
v 0.147600 0.994099 0.077935
v 0.159511 0.974717 0.064201
v 0.158781 0.994674 0.063197
v 0.167621 0.974028 0.048532
v 0.166618 0.994418 0.047376
v 0.172718 0.972666 0.032281
v 0.171803 0.993202 0.030849
v 0.175076 0.970616 0.015568
v 0.174459 0.991148 0.013975
v 0.176064 0.968242 -0.001518
v 0.176032 0.988547 -0.003237
v 0.174316 0.965737 -0.018924
v 0.175206 0.985682 -0.020690
v 0.170218 0.963399 -0.036671
v 0.171948 0.982788 -0.038439
v 0.163014 0.961788 -0.054205
v 0.164999 0.980799 -0.056156
v 0.153264 0.961241 -0.070593
v 0.154787 0.980307 -0.071954
v 0.141702 0.961292 -0.085497
v 0.142542 0.980395 -0.085916
v 0.130970 0.961285 -0.101047
v 0.130840 0.980319 -0.100431
v 0.121495 0.961185 -0.117707
v 0.121156 0.980029 -0.116978
v 0.112353 0.961040 -0.134538
v 0.112198 0.979762 -0.134113
v 0.102786 0.961127 -0.149592
v 0.103009 0.979573 -0.149265
v 0.103118 0.997875 -0.149446
v 0.091438 0.979664 -0.160912
v 0.091966 0.997991 -0.161501
v 0.077018 0.980141 -0.167994
v 0.077521 0.998430 -0.168637
v 0.077422 1.016981 -0.168062
v 0.061454 0.998899 -0.168736
v 0.061535 1.017450 -0.167913
v 0.046878 0.998977 -0.161650
v 0.047102 1.017506 -0.160959
v 0.034586 0.998888 -0.150436
v 0.034621 1.017529 -0.149832
v 0.021807 0.999103 -0.138251
v 0.034311 0.980153 -0.150788
v 0.021871 0.980163 -0.138905
v 0.005063 0.980587 -0.130634
v 0.021403 0.961211 -0.139105
v 0.004474 0.962122 -0.130878
v -0.014603 0.962341 -0.129495
v -0.014182 0.981175 -0.129830
v -0.033251 0.961923 -0.131674
v -0.033254 0.981092 -0.132447
v -0.052066 0.960998 -0.133276
v -0.052297 0.980159 -0.134105
v -0.071157 0.959998 -0.132034
v -0.071614 0.978953 -0.133187
v -0.089860 0.959184 -0.126133
v -0.090628 0.977893 -0.127712
v -0.107725 0.958665 -0.117140
v -0.108593 0.977244 -0.118702
v -0.123599 0.958700 -0.104647
v -0.124324 0.977250 -0.106110
v -0.137309 0.959203 -0.089676
v -0.137998 0.977740 -0.091233
v -0.149076 0.960026 -0.073120
v -0.149781 0.978563 -0.074867
v -0.159068 0.961131 -0.055403
v -0.159734 0.979681 -0.057330
v -0.167652 0.962511 -0.036943
v -0.168268 0.981051 -0.039073
v -0.173729 0.964377 -0.017440
v -0.174292 0.982874 -0.019795
v -0.177289 0.966769 0.002529
v -0.177766 0.985362 0.000077
v -0.175649 0.969648 0.022248
v -0.175865 0.988589 0.019729
v -0.170987 0.972624 0.041043
v -0.170735 0.991773 0.038408
v -0.164715 0.975502 0.059037
v -0.164082 0.994628 0.056489
v -0.158329 0.977910 0.076675
v -0.157204 0.996930 0.074336
v -0.152513 0.979835 0.094023
v -0.151374 0.998768 0.092015
v -0.146869 0.981262 0.110351
v -0.145990 0.999782 0.108731
v -0.139089 0.982456 0.124824
v -0.138661 1.000320 0.123477
v -0.125817 0.983282 0.134874
v -0.125620 1.000640 0.133600
v -0.109402 0.983052 0.137773
v -0.109369 1.000291 0.136912
v -0.092667 0.981677 0.132410
v -0.092789 0.999176 0.131950
v -0.075338 0.982284 0.124409
v -0.075504 0.999387 0.124252
v -0.055209 0.983220 0.122571
v -0.055219 0.999880 0.122451
v -0.035365 0.982222 0.129703
v -0.035519 0.999323 0.129601
v -0.016879 0.982483 0.140056
v -0.035508 0.965462 0.129603
v -0.016699 0.965343 0.141009
v 0.002948 0.965595 0.145497
v -0.017133 0.948572 0.142365
v 0.002450 0.947877 0.147122
v 0.021873 0.946833 0.145441
v 0.022416 0.964752 0.143488
v 0.040224 0.945408 0.137715
v 0.040890 0.963231 0.136335
v 0.058399 0.943903 0.129109
v 0.059278 0.961574 0.128097
v 0.077129 0.942326 0.120285
v 0.078029 0.959916 0.119555
v 0.096143 0.940741 0.111600
v 0.096990 0.958401 0.110892
v 0.115142 0.939198 0.102997
v 0.115684 0.957195 0.101990
v 0.133345 0.937766 0.093752
v 0.133244 0.956225 0.091916
v 0.149410 0.936319 0.082269
v 0.148735 0.955505 0.079999
v 0.161303 0.934698 0.067811
v 0.160309 0.954729 0.065643
v 0.170236 0.932919 0.051711
v 0.168592 0.953506 0.049793
v 0.175387 0.931194 0.036335
v 0.173685 0.951886 0.034000
v 0.177892 0.929276 0.019653
v 0.176070 0.949909 0.017384
v 0.178219 0.927206 0.002230
v 0.176566 0.947785 0.000231
v 0.174296 0.925634 -0.015779
v 0.173458 0.945732 -0.017158
v 0.167861 0.924430 -0.033522
v 0.168494 0.943942 -0.034895
v 0.159596 0.923584 -0.051187
v 0.160988 0.942724 -0.052446
v 0.150379 0.923082 -0.068568
v 0.151702 0.942176 -0.069403
v 0.140579 0.923019 -0.085232
v 0.141309 0.942173 -0.085522
v 0.130700 0.923334 -0.101906
v 0.131034 0.942270 -0.101617
v 0.120979 0.923849 -0.118607
v 0.121353 0.942390 -0.118208
v 0.111082 0.924431 -0.135195
v 0.111720 0.942467 -0.134823
v 0.100867 0.924994 -0.150941
v 0.101610 0.942740 -0.150287
v 0.090215 0.925493 -0.163679
v 0.090084 0.943572 -0.162525
v 0.091127 0.961637 -0.161324
v 0.075705 0.944623 -0.169820
v 0.076519 0.962408 -0.168573
v 0.060216 0.945034 -0.170506
v 0.060431 0.962815 -0.169324
v 0.060892 0.980645 -0.169063
v 0.045967 0.962198 -0.162324
v 0.046466 0.980544 -0.161729
v 0.033891 0.961097 -0.151265
v 0.046080 0.944109 -0.163859
v 0.033629 0.942607 -0.152120
v 0.020399 0.942734 -0.138495
v 0.032969 0.925406 -0.153079
v 0.021263 0.924696 -0.136847
v 0.004350 0.924117 -0.128398
v 0.004051 0.943456 -0.130228
v -0.014294 0.923503 -0.127092
v -0.014617 0.943126 -0.128590
v -0.032629 0.922823 -0.130315
v -0.033056 0.942377 -0.130884
v -0.051291 0.922178 -0.132012
v -0.051748 0.941642 -0.132579
v -0.070189 0.921648 -0.130359
v -0.070712 0.940882 -0.130995
v -0.088528 0.921399 -0.123570
v -0.089206 0.940318 -0.124797
v -0.106066 0.921366 -0.113998
v -0.106781 0.940039 -0.115363
v -0.122078 0.921622 -0.101594
v -0.122771 0.940169 -0.102998
v -0.136486 0.922153 -0.086991
v -0.136811 0.940683 -0.088248
v -0.148942 0.922977 -0.070541
v -0.148673 0.941512 -0.071619
v -0.158846 0.924072 -0.052362
v -0.158650 0.942608 -0.053684
v -0.167829 0.925365 -0.033475
v -0.167310 0.943982 -0.035018
v -0.174702 0.926980 -0.013682
v -0.173726 0.945733 -0.015388
v -0.178880 0.928850 0.006999
v -0.177474 0.947932 0.004736
v -0.177030 0.931487 0.027263
v -0.175923 0.950579 0.024712
v -0.172246 0.934123 0.046477
v -0.171496 0.953376 0.043705
v -0.166129 0.936706 0.064653
v -0.165440 0.956082 0.061770
v -0.159963 0.939271 0.082184
v -0.159256 0.958580 0.079244
v -0.153967 0.941840 0.099293
v -0.153336 0.960799 0.096451
v -0.147689 0.944299 0.115651
v -0.147029 0.962775 0.112679
v -0.140194 0.946478 0.130250
v -0.138661 0.964556 0.126571
v -0.126103 0.948280 0.141056
v -0.125958 0.965873 0.136169
v -0.109074 0.949132 0.142241
v -0.109929 0.966000 0.138894
v -0.092742 0.949292 0.134039
v -0.092880 0.965019 0.133115
v -0.074563 0.949322 0.122875
v -0.074512 0.965608 0.124061
v -0.054234 0.949249 0.120293
v -0.055103 0.966517 0.122113
v -0.035796 0.948956 0.129290
v 0.045335 0.925954 -0.166585
v 0.059956 0.926217 -0.175088
v 0.075838 0.925958 -0.172728
v -0.164210 1.455256 0.055775
v -0.178095 1.479540 0.046049
v -0.177831 1.452922 0.048779
v -0.176332 1.428064 0.047899
v -0.191127 1.450375 0.042041
v -0.188181 1.425882 0.037322
v -0.197841 1.424968 0.025970
v -0.143252 1.568518 0.000457
v -0.122804 1.558460 0.014895
v -0.128778 1.575115 -0.004668
v -0.133504 1.587204 -0.026438
v -0.114746 1.581906 -0.008825
v -0.118623 1.593986 -0.030340
v -0.118725 1.597824 -0.053939
v -0.103827 1.600634 -0.031434
v -0.100893 1.605839 -0.053477
v -0.101145 1.588345 -0.011404
v -0.096281 1.574029 0.007430
v -0.109329 1.566578 0.010550
v -0.101807 1.551131 0.027495
v -0.089256 1.560212 0.024029
v -0.114492 1.540819 0.031552
v -0.103727 1.525146 0.045227
v -0.091641 1.537082 0.041182
v -0.078813 1.524778 0.052185
v -0.068243 1.537392 0.047740
v -0.080084 1.548129 0.037353
v -0.054480 1.528582 0.055253
v -0.063545 1.514664 0.060690
v 0.191752 1.379673 -0.075623
v 0.220158 1.359474 -0.072637
v 0.238164 1.361114 -0.083673
v 0.229530 1.348743 -0.073769
v 0.223748 1.339890 -0.061152
v 0.240497 1.337315 -0.073663
v 0.234751 1.329495 -0.060733
v 0.230175 1.324855 -0.046354
v 0.219295 1.334379 -0.047346
v 0.228033 1.325259 -0.030394
v 0.241959 1.314134 -0.044887
v 0.239566 1.314449 -0.029131
v 0.239169 1.317635 -0.013079
v 0.227872 1.329423 -0.014006
v 0.241797 1.322514 0.002056
v 0.229661 1.335602 0.002373
v 0.248182 1.328912 0.014412
v 0.235965 1.344067 0.016521
v 0.257501 1.336290 0.023560
v 0.245437 1.353053 0.027048
v 0.269467 1.345758 0.028866
v 0.256019 1.363428 0.033176
v 0.242217 1.383433 0.033585
v 0.266633 1.374634 0.036020
v 0.252593 1.395911 0.036233
v 0.239089 1.418157 0.035318
v 0.262971 1.407534 0.033519
v 0.250724 1.431833 0.033281
v 0.273217 1.417410 0.026074
v 0.261990 1.442124 0.025133
v 0.282703 1.425546 0.013223
v 0.271570 1.449992 0.012971
v 0.256485 1.477289 0.011954
v 0.279444 1.456630 -0.001535
v 0.263412 1.484530 -0.002903
v 0.283868 1.461127 -0.018461
v 0.291407 1.432935 -0.001932
v 0.296545 1.438240 -0.019250
v 0.297480 1.439990 -0.037138
v 0.308239 1.419682 -0.020424
v 0.311523 1.422389 -0.038405
v 0.310953 1.420840 -0.055193
v 0.324519 1.405170 -0.038146
v 0.325375 1.403447 -0.054239
v 0.322622 1.398720 -0.068927
v 0.339285 1.386067 -0.051932
v 0.336817 1.381689 -0.067579
v 0.329418 1.374995 -0.079764
v 0.316342 1.390844 -0.080896
v 0.318187 1.366018 -0.087892
v 0.306878 1.380115 -0.089782
v 0.306127 1.354803 -0.092342
v 0.295117 1.367949 -0.094163
v 0.293856 1.342835 -0.092962
v 0.282566 1.355906 -0.094060
v 0.282608 1.331675 -0.088882
v 0.270751 1.344699 -0.090178
v 0.259446 1.358817 -0.091169
v 0.260659 1.334368 -0.082740
v 0.249036 1.347990 -0.083530
v 0.252527 1.325119 -0.072437
v 0.272750 1.321406 -0.081598
v 0.265078 1.312669 -0.070937
v 0.259036 1.305722 -0.058066
v 0.246381 1.317911 -0.059584
v 0.254245 1.301956 -0.043380
v 0.273344 1.295117 -0.056307
v 0.268766 1.291545 -0.041458
v 0.266423 1.291274 -0.026737
v 0.251999 1.302589 -0.027719
v 0.265974 1.292005 -0.012987
v 0.251573 1.304641 -0.012639
v 0.268248 1.294481 -0.000126
v 0.254010 1.307882 0.001401
v 0.273658 1.298973 0.011419
v 0.260626 1.313491 0.012829
v 0.282784 1.308146 0.017795
v 0.269633 1.321288 0.020373
v 0.292891 1.318827 0.022442
v 0.280889 1.331685 0.024903
v 0.304264 1.330412 0.026438
v 0.292842 1.343493 0.026787
v 0.280871 1.357134 0.031214
v 0.304277 1.355920 0.026557
v 0.291657 1.369244 0.031354
v 0.276893 1.386126 0.034891
v 0.300020 1.381872 0.024942
v 0.285536 1.396860 0.026637
v 0.306318 1.392049 0.013133
v 0.293292 1.406035 0.012665
v 0.312778 1.399061 -0.003285
v 0.301234 1.413801 -0.003433
v 0.319558 1.403625 -0.020548
v 0.326965 1.386108 -0.000554
v 0.332999 1.389142 -0.017153
v 0.337916 1.388915 -0.034644
v 0.345877 1.373276 -0.013026
v 0.348712 1.372704 -0.030501
v 0.349182 1.369094 -0.048662
v 0.359259 1.357184 -0.028983
v 0.357954 1.353680 -0.046381
v 0.354629 1.347900 -0.063149
v 0.346936 1.363780 -0.065838
v 0.349117 1.341156 -0.078694
v 0.339681 1.357922 -0.079944
v 0.340115 1.333738 -0.089189
v 0.328914 1.350414 -0.087820
v 0.328250 1.325127 -0.092885
v 0.317117 1.340863 -0.091550
v 0.316789 1.316005 -0.090948
v 0.305312 1.330173 -0.091470
v 0.306929 1.306735 -0.086068
v 0.294605 1.319676 -0.086843
v 0.299004 1.298177 -0.078710
v 0.285647 1.309832 -0.079665
v 0.292440 1.290192 -0.068884
v 0.278601 1.301259 -0.069441
v 0.287808 1.285218 -0.055300
v 0.305656 1.278650 -0.068090
v 0.301065 1.274662 -0.054499
v 0.297986 1.272393 -0.040875
v 0.284047 1.282581 -0.040200
v 0.294531 1.269366 -0.029350
v 0.281306 1.280644 -0.027026
v 0.293729 1.267890 -0.016977
v 0.280600 1.279838 -0.014392
v 0.295967 1.269256 -0.004800
v 0.282829 1.281633 -0.002062
v 0.301868 1.275457 0.005337
v 0.288526 1.287422 0.007714
v 0.309732 1.283604 0.014107
v 0.296490 1.296378 0.015470
v 0.318398 1.291946 0.022262
v 0.305393 1.306000 0.022042
v 0.328808 1.300592 0.029004
v 0.316391 1.316588 0.028232
v 0.339927 1.308908 0.029569
v 0.327427 1.326761 0.030026
v 0.316197 1.342146 0.028024
v 0.339165 1.336166 0.026775
v 0.327766 1.353555 0.024401
v 0.314084 1.368035 0.022974
v 0.336159 1.363259 0.016008
v 0.321333 1.379109 0.013798
v 0.341924 1.369937 0.003010
v 0.347569 1.344112 0.015872
v 0.354101 1.351758 0.003298
v 0.357881 1.356425 -0.011604
v 0.363941 1.335643 0.001352
v 0.368934 1.341385 -0.013107
v 0.371434 1.343533 -0.029315
v 0.381053 1.327692 -0.014508
v 0.383629 1.329385 -0.030174
v 0.382840 1.327100 -0.046388
v 0.369937 1.340376 -0.046170
v 0.378672 1.320509 -0.061287
v 0.365296 1.333426 -0.061500
v 0.371621 1.311196 -0.073763
v 0.359406 1.325751 -0.075855
v 0.362449 1.302093 -0.084271
v 0.350566 1.317640 -0.087227
v 0.352534 1.293228 -0.091375
v 0.339831 1.308960 -0.093152
v 0.341973 1.284097 -0.092140
v 0.328724 1.299835 -0.093080
v 0.332694 1.276100 -0.086386
v 0.319627 1.291520 -0.087247
v 0.324525 1.270184 -0.076444
v 0.311979 1.284304 -0.079271
v 0.318044 1.266288 -0.064515
v 0.335649 1.255888 -0.072645
v 0.328526 1.252082 -0.061956
v 0.322671 1.248849 -0.054272
v 0.312915 1.263054 -0.053331
v 0.316678 1.244770 -0.047038
v 0.308490 1.259781 -0.043343
v 0.314794 1.242685 -0.037002
v 0.305321 1.256950 -0.033021
v 0.316120 1.242844 -0.025556
v 0.304995 1.255582 -0.021220
v 0.319458 1.244912 -0.013215
v 0.308263 1.257628 -0.009200
v 0.323969 1.248618 -0.001439
v 0.313433 1.262711 0.002108
v 0.329999 1.253372 0.009331
v 0.320537 1.269255 0.012414
v 0.340044 1.259913 0.017030
v 0.329929 1.276205 0.021474
v 0.351309 1.269047 0.018032
v 0.340864 1.283236 0.024585
v 0.363110 1.280247 0.017632
v 0.352474 1.292613 0.024524
v 0.373558 1.291397 0.015656
v 0.362281 1.304000 0.020884
v 0.349642 1.318160 0.024561
v 0.370321 1.314538 0.012963
v 0.357518 1.327484 0.014044
v 0.376484 1.322765 0.000566
v 0.382765 1.302191 0.011189
v 0.389671 1.310739 0.000542
v 0.394534 1.315059 -0.013758
v 0.402576 1.297766 0.002433
v 0.407820 1.301616 -0.010913
v 0.410934 1.302260 -0.026419
v 0.397126 1.315821 -0.029662
v 0.410165 1.298803 -0.042121
v 0.396911 1.313329 -0.045556
v 0.405733 1.292248 -0.056738
v 0.393352 1.307405 -0.060893
v 0.399034 1.283671 -0.070419
v 0.386594 1.298673 -0.075077
v 0.390665 1.273438 -0.082419
v 0.377301 1.288342 -0.085749
v 0.380461 1.262525 -0.090523
v 0.367012 1.278156 -0.093162
v 0.368234 1.252623 -0.090014
v 0.355816 1.268760 -0.091368
v 0.355987 1.245288 -0.082563
v 0.345318 1.261371 -0.084216
v 0.345244 1.239978 -0.071522
v 0.367896 1.229490 -0.079241
v 0.357762 1.223522 -0.070388
v 0.350645 1.219045 -0.062025
v 0.337469 1.235706 -0.062766
v 0.345503 1.215263 -0.053865
v 0.331959 1.232240 -0.056034
v 0.341200 1.211925 -0.045312
v 0.327006 1.227955 -0.049579
v 0.340841 1.213133 -0.034810
v 0.327291 1.227983 -0.038334
v 0.340983 1.214175 -0.023728
v 0.328553 1.229093 -0.026900
v 0.342247 1.215938 -0.012178
v 0.330753 1.230741 -0.014729
v 0.347008 1.220543 -0.002136
v 0.334474 1.233716 -0.002758
v 0.354029 1.227060 0.005547
v 0.341160 1.239272 0.006784
v 0.362461 1.235400 0.010337
v 0.350624 1.247072 0.012194
v 0.372878 1.245548 0.014649
v 0.361648 1.256940 0.013900
v 0.383978 1.256953 0.019418
v 0.373733 1.268535 0.015207
v 0.395317 1.268157 0.020947
v 0.384513 1.279677 0.016395
v 0.405926 1.277582 0.016399
v 0.394617 1.290126 0.012188
v 0.414698 1.284257 0.007152
v 0.417269 1.264808 0.022371
v 0.426611 1.270742 0.013206
v 0.433212 1.273684 -0.000258
v 0.420615 1.287540 -0.005987
v 0.435923 1.273309 -0.015853
v 0.423361 1.287626 -0.021286
v 0.435023 1.270347 -0.031765
v 0.422954 1.284830 -0.037125
v 0.431547 1.265304 -0.047438
v 0.418637 1.278700 -0.052161
v 0.425078 1.257573 -0.061304
v 0.412122 1.270364 -0.066175
v 0.416405 1.247171 -0.072384
v 0.403437 1.259481 -0.077683
v 0.405702 1.235047 -0.078595
v 0.392679 1.247855 -0.084527
v 0.393865 1.224005 -0.078903
v 0.380350 1.237484 -0.085254
v 0.382533 1.215411 -0.074076
v 0.408030 1.211899 -0.073007
v 0.397553 1.202976 -0.068881
v 0.389156 1.196912 -0.060996
v 0.373515 1.209504 -0.065691
v 0.382403 1.192144 -0.052573
v 0.366879 1.205049 -0.057261
v 0.376567 1.188026 -0.043760
v 0.361622 1.201239 -0.048573
v 0.372087 1.185242 -0.033832
v 0.357605 1.198694 -0.039050
v 0.370236 1.185167 -0.022929
v 0.355291 1.198215 -0.028844
v 0.370115 1.186689 -0.012299
v 0.355706 1.200253 -0.018247
v 0.372009 1.190341 -0.002055
v 0.357303 1.203110 -0.007921
v 0.375829 1.196169 0.006958
v 0.361571 1.208180 0.000887
v 0.381376 1.204134 0.013795
v 0.367511 1.215318 0.008226
v 0.387603 1.212967 0.020156
v 0.374849 1.224011 0.014075
v 0.395761 1.223484 0.026948
v 0.383829 1.234275 0.020577
v 0.406350 1.234331 0.031534
v 0.394417 1.245942 0.026431
v 0.417756 1.243443 0.032084
v 0.406224 1.256597 0.026973
v 0.428724 1.250934 0.027742
v 0.429624 1.229603 0.035786
v 0.440092 1.236326 0.030454
v 0.449383 1.241566 0.021567
v 0.438107 1.256315 0.018255
v 0.455818 1.244265 0.008517
v 0.444551 1.258964 0.004743
v 0.458940 1.244231 -0.006847
v 0.448001 1.259110 -0.010911
v 0.459284 1.242032 -0.022786
v 0.447425 1.256283 -0.027212
v 0.456226 1.237209 -0.037964
v 0.444212 1.251586 -0.042865
v 0.450747 1.230199 -0.051500
v 0.438167 1.244204 -0.056575
v 0.442570 1.220844 -0.061503
v 0.429557 1.234386 -0.066830
v 0.432674 1.210065 -0.067581
v 0.419203 1.222922 -0.072895
v 0.421901 1.199564 -0.067398
v 0.445645 1.196753 -0.061325
v 0.435407 1.186812 -0.061617
v 0.425885 1.178428 -0.057635
v 0.412001 1.191075 -0.062839
v 0.417571 1.171854 -0.051645
v 0.403791 1.184684 -0.056170
v 0.410536 1.166592 -0.044170
v 0.396778 1.179513 -0.048294
v 0.404637 1.162257 -0.035836
v 0.390867 1.175363 -0.039657
v 0.400433 1.159778 -0.026307
v 0.386613 1.172843 -0.029798
v 0.398944 1.160265 -0.015572
v 0.385114 1.172985 -0.018946
v 0.399164 1.162753 -0.004897
v 0.384931 1.174656 -0.007979
v 0.400896 1.167376 0.004831
v 0.387099 1.179207 0.001460
v 0.404178 1.173958 0.013211
v 0.390591 1.185521 0.010063
v 0.408500 1.181628 0.021301
v 0.395457 1.193407 0.017280
v 0.414105 1.190221 0.028772
v 0.401098 1.202036 0.024462
v 0.421567 1.199306 0.035347
v 0.408786 1.211856 0.031675
v 0.431159 1.207841 0.038563
v 0.418704 1.221274 0.035701
v 0.441630 1.215416 0.037735
v 0.442806 1.194273 0.042674
v 0.453102 1.201174 0.040815
v 0.463311 1.207373 0.036253
v 0.451719 1.221669 0.032643
v 0.472060 1.211977 0.027238
v 0.460702 1.226677 0.024121
v 0.478340 1.214527 0.014758
v 0.467029 1.229347 0.011655
v 0.481773 1.214983 0.000439
v 0.470429 1.229616 -0.003053
v 0.482505 1.213117 -0.014488
v 0.470928 1.227551 -0.018549
v 0.479977 1.208402 -0.028570
v 0.468084 1.222735 -0.033189
v 0.475128 1.201639 -0.041096
v 0.462916 1.215804 -0.046161
v 0.467920 1.192961 -0.050741
v 0.455314 1.206888 -0.056058
v 0.458523 1.183209 -0.055335
v 0.480190 1.179183 -0.044768
v 0.471310 1.169686 -0.049736
v 0.461693 1.160479 -0.050563
v 0.448644 1.173651 -0.056180
v 0.452555 1.152345 -0.047648
v 0.439242 1.165371 -0.052792
v 0.444681 1.145891 -0.041678
v 0.431102 1.158867 -0.046650
v 0.438235 1.140791 -0.034449
v 0.424370 1.153649 -0.039434
v 0.432675 1.136607 -0.026399
v 0.418415 1.149068 -0.031293
v 0.428437 1.133924 -0.017308
v 0.413567 1.145676 -0.022246
v 0.426767 1.134656 -0.006909
v 0.412712 1.147256 -0.011481
v 0.426359 1.137433 0.003782
v 0.412397 1.149805 -0.000580
v 0.426902 1.142027 0.014255
v 0.413770 1.154695 0.009369
v 0.428553 1.148322 0.023850
v 0.416211 1.161211 0.018337
v 0.432431 1.156575 0.031807
v 0.420095 1.169158 0.026711
v 0.437725 1.164693 0.038636
v 0.425793 1.177757 0.033898
v 0.444941 1.172716 0.043701
v 0.433363 1.186195 0.039544
v 0.453760 1.180399 0.046914
v 0.456872 1.158915 0.048531
v 0.465343 1.166083 0.048658
v 0.474658 1.172485 0.045242
v 0.463816 1.186664 0.043578
v 0.483995 1.178118 0.039164
v 0.473569 1.192090 0.037393
v 0.492463 1.182682 0.030294
v 0.482184 1.196736 0.028745
v 0.499322 1.185289 0.019602
v 0.488704 1.199510 0.016987
v 0.503573 1.185541 0.006744
v 0.492561 1.200142 0.003444
v 0.505118 1.183735 -0.006491
v 0.493769 1.198485 -0.010602
v 0.503517 1.179581 -0.019198
v 0.491711 1.194043 -0.024014
v 0.498950 1.173413 -0.029918
v 0.486868 1.187419 -0.035555
v 0.492444 1.165850 -0.038712
v 0.511219 1.159339 -0.024989
v 0.504308 1.152329 -0.032703
v 0.496077 1.144380 -0.037394
v 0.484023 1.156837 -0.043870
v 0.487360 1.136144 -0.038072
v 0.474703 1.147890 -0.044274
v 0.479106 1.128389 -0.035789
v 0.465793 1.139972 -0.041827
v 0.472016 1.121569 -0.031406
v 0.458150 1.133250 -0.036701
v 0.465957 1.115722 -0.025519
v 0.451847 1.127707 -0.029967
v 0.460746 1.110868 -0.018047
v 0.446421 1.123349 -0.021980
v 0.457015 1.108537 -0.008536
v 0.442475 1.120997 -0.012697
v 0.455705 1.110281 0.001960
v 0.441192 1.122159 -0.002490
v 0.455139 1.113720 0.012437
v 0.440690 1.125286 0.008045
v 0.455642 1.118624 0.022350
v 0.440816 1.129844 0.018602
v 0.456944 1.124283 0.031862
v 0.442185 1.135993 0.028432
v 0.459550 1.130711 0.040540
v 0.445625 1.143624 0.036595
v 0.463747 1.137802 0.047952
v 0.450345 1.151185 0.043634
v 0.470056 1.145420 0.051812
v 0.477814 1.124631 0.050262
v 0.483796 1.132388 0.053553
v 0.490854 1.140147 0.053799
v 0.477785 1.152854 0.051524
v 0.498462 1.147169 0.050682
v 0.486233 1.159660 0.047990
v 0.506020 1.152780 0.045222
v 0.494901 1.165552 0.042229
v 0.513919 1.156696 0.038069
v 0.503155 1.169536 0.033704
v 0.519608 1.157553 0.027201
v 0.510714 1.172223 0.023926
v 0.523800 1.156626 0.015636
v 0.515079 1.171596 0.011274
v 0.525557 1.153862 0.003116
v 0.516260 1.168824 -0.001698
v 0.524800 1.149585 -0.009083
v 0.515270 1.164870 -0.014361
v 0.522071 1.144527 -0.020330
v 0.533408 1.135876 -0.003858
v 0.531238 1.130234 -0.014565
v 0.526611 1.123907 -0.023061
v 0.515973 1.138296 -0.028505
v 0.519948 1.116884 -0.027967
v 0.508170 1.130863 -0.032759
v 0.512522 1.109711 -0.030391
v 0.500201 1.123501 -0.033244
v 0.504876 1.103512 -0.028097
v 0.492590 1.116530 -0.031082
v 0.497739 1.098122 -0.023633
v 0.485683 1.110161 -0.027102
v 0.492097 1.094103 -0.017007
v 0.479858 1.104951 -0.021306
v 0.475237 1.101626 -0.013550
v 0.471442 1.099455 -0.004561
v 0.469966 1.101066 0.005278
v 0.481721 1.093434 0.017275
v 0.468986 1.103170 0.015709
v 0.481770 1.096182 0.027172
v 0.469367 1.106781 0.025727
v 0.483309 1.100168 0.037183
v 0.470830 1.111605 0.035451
v 0.487087 1.106106 0.044922
v 0.473600 1.117671 0.043844
v 0.492035 1.112927 0.050707
v 0.499900 1.096309 0.043246
v 0.504779 1.102498 0.049291
v 0.510638 1.109028 0.053553
v 0.497758 1.120399 0.053820
v 0.517080 1.115525 0.055188
v 0.504121 1.128086 0.054854
v 0.523987 1.121401 0.053745
v 0.511105 1.134593 0.052447
v 0.530448 1.125956 0.049087
v 0.518126 1.139684 0.047709
v 0.536098 1.129051 0.041999
v 0.524407 1.142807 0.040153
v 0.540616 1.130497 0.033055
v 0.529217 1.143682 0.030367
v 0.543499 1.130187 0.022901
v 0.532647 1.142929 0.019509
v 0.544220 1.127964 0.012172
v 0.534116 1.140288 0.007813
v 0.543204 1.123854 0.001572
v 0.556225 1.115366 0.015827
v 0.554523 1.111576 0.006223
v 0.551307 1.106588 -0.002278
v 0.540795 1.118215 -0.008063
v 0.546770 1.100487 -0.009347
v 0.535939 1.111323 -0.015298
v 0.540468 1.093798 -0.013449
v 0.530404 1.104402 -0.020550
v 0.533139 1.087258 -0.015410
v 0.523165 1.097576 -0.022523
v 0.525320 1.081405 -0.014827
v 0.515534 1.091572 -0.021847
v 0.517339 1.077288 -0.011785
v 0.508072 1.086535 -0.018500
v 0.535340 1.071244 -0.008375
v 0.528028 1.067088 -0.003795
v 0.511169 1.064995 0.031858
v 0.513256 1.069408 0.040060
v 0.506949 1.081137 0.035996
v 0.504312 1.076579 0.028473
v 0.496410 1.091158 0.035576
v 0.494347 1.086767 0.027165
v 0.510734 1.086480 0.042803
v 0.517339 1.074454 0.047074
v 0.523247 1.079634 0.052025
v 0.515387 1.091691 0.048818
v 0.529923 1.084591 0.055191
v 0.521129 1.097152 0.053782
v 0.537283 1.089418 0.056734
v 0.528037 1.102666 0.056002
v 0.544845 1.093546 0.055512
v 0.535454 1.107682 0.054487
v 0.552238 1.096965 0.051546
v 0.542008 1.111501 0.049799
v 0.558333 1.099145 0.045069
v 0.547449 1.114317 0.043042
v 0.562382 1.100042 0.037098
v 0.551879 1.116137 0.035054
v 0.565304 1.100431 0.028632
v 0.555332 1.116770 0.025902
v 0.566529 1.099560 0.019408
v 0.565524 1.097031 0.010308
v 0.562700 1.093230 0.001821
v 0.557702 1.088152 -0.004982
v 0.550958 1.082271 -0.009218
v 0.543316 1.076470 -0.010364
v 0.570133 1.029552 -0.008316
v 0.559594 1.024775 -0.006356
v 0.550586 1.021697 0.000594
v 0.534134 1.029712 0.044759
v 0.532963 1.034086 0.055252
v 0.533127 1.038415 0.064277
v 0.590702 1.053683 0.052986
v 0.595328 1.052410 0.042863
v 0.597836 1.050196 0.031466
v 0.597731 1.047577 0.020385
v 0.594554 1.043954 0.009919
v 0.588342 1.039479 0.001383
v 0.579990 1.034527 -0.005045
v 0.584219 1.054170 0.062413
v 0.575988 1.054039 0.070385
v 0.567226 1.053661 0.075476
v 0.556872 1.051720 0.077865
v 0.546482 1.048483 0.077296
v 0.537513 1.043670 0.072509
v 0.543886 1.021054 0.010462
v 0.536474 1.025875 0.033774
v 0.516557 1.062493 0.012410
v 0.511407 1.061360 0.022733
v 0.521706 1.063627 0.002102
v 0.519131 1.063060 0.007253
v 0.511081 1.073709 -0.006348
v 0.495008 1.078542 0.008514
v 0.497739 1.078575 -0.004502
v 0.494119 1.083292 0.018074
v 0.502185 1.082711 -0.012471
v 0.504710 1.070087 0.012676
v 0.505580 1.070629 0.006356
v 0.507916 1.071022 0.000600
v -0.540145 1.072962 0.042276
v -0.536586 1.070239 0.040118
v -0.546889 1.059139 0.066914
v -0.532593 1.065571 0.034840
v -0.531792 1.063597 0.032149
v -0.537171 1.037771 0.023932
v -0.544223 1.036026 0.006927
v -0.538487 1.059870 0.012055
v -0.548290 1.036800 0.001938
v -0.572730 1.048383 -0.002300
v -0.585886 1.058622 0.015802
v -0.560373 1.074112 0.015830
v -0.587148 1.061203 0.025782
v -0.565428 1.064020 0.064178
v -0.538720 1.073920 0.020425
v -0.561348 1.075761 0.021175
v -0.540533 1.060336 0.009261
v -0.534306 1.067850 0.037545
v -0.540304 1.054756 0.062886
v -0.533961 1.059529 0.020801
v -0.538763 1.036656 0.018199
v -0.536640 1.059468 0.014853
v -0.553139 1.067540 0.005516
v -0.578064 1.052051 0.001948
v -0.558674 1.072225 0.011409
v -0.550082 1.076901 0.041156
v -0.555718 1.062302 0.067268
v -0.536434 1.051123 0.057775
v -0.534970 1.040904 0.035155
v -0.535239 1.059448 0.017746
v -0.541331 1.036180 0.012518
v -0.559587 1.041322 -0.004372
v -0.556133 1.069983 0.007955
v -0.582732 1.055538 0.007614
v -0.581902 1.064386 0.048303
v -0.544876 1.075414 0.042837
v -0.531848 1.060427 0.026702
v -0.535543 1.039068 0.029597
v -0.546351 1.063013 0.004395
v -0.566138 1.044664 -0.004348
v -0.558341 1.077398 0.032806
v -0.574520 1.064496 0.057567
v -0.533852 1.045401 0.046532
v -0.532695 1.059844 0.023743
v -0.549787 1.065172 0.004201
v -0.554811 1.077524 0.037706
v -0.534231 1.043093 0.040953
v -0.553412 1.038501 -0.002753
v -0.586086 1.063141 0.037130
v -0.534208 1.047992 0.052045
v -0.531477 1.061745 0.029557
v -0.543421 1.061485 0.006597
v -0.560717 1.076837 0.027155
v -0.574320 1.066003 0.058308
v -0.566415 1.080510 0.051986
v -0.557520 1.078886 0.058652
v -0.564646 1.065108 0.066029
v -0.547617 1.075923 0.062417
v -0.553917 1.063154 0.070714
v -0.537669 1.071225 0.061451
v -0.542244 1.059069 0.070014
v -0.531126 1.066369 0.057284
v -0.535404 1.054622 0.065150
v -0.526566 1.061730 0.051738
v -0.530909 1.050255 0.058389
v -0.523618 1.057645 0.046176
v -0.528403 1.046614 0.051805
v -0.522258 1.053871 0.040848
v -0.527899 1.043747 0.045928
v -0.521521 1.049848 0.035783
v -0.527714 1.040714 0.040046
v -0.521546 1.046264 0.031240
v -0.528426 1.037962 0.034905
v -0.523326 1.044905 0.025872
v -0.530043 1.036300 0.029286
v -0.525661 1.044498 0.020338
v -0.532032 1.035315 0.023530
v -0.527850 1.044808 0.015033
v -0.533964 1.034720 0.017877
v -0.530473 1.044870 0.009620
v -0.536299 1.034135 0.011902
v -0.533444 1.045176 0.004055
v -0.538878 1.033861 0.005937
v -0.537735 1.046157 -0.001522
v -0.543319 1.034509 -0.000060
v -0.543176 1.048269 -0.006737
v -0.549377 1.036496 -0.005017
v -0.549490 1.052337 -0.010066
v -0.556864 1.040062 -0.007781
v -0.556060 1.057091 -0.009821
v -0.564248 1.044050 -0.007757
v -0.562508 1.061703 -0.007279
v -0.571416 1.048121 -0.005347
v -0.568660 1.066236 -0.003073
v -0.578056 1.052234 -0.000919
v -0.574070 1.070650 0.003250
v -0.583995 1.056389 0.005761
v -0.577526 1.074479 0.011668
v -0.587101 1.059803 0.014953
v -0.578951 1.077627 0.021687
v -0.588121 1.062711 0.025635
v -0.577819 1.079975 0.032574
v -0.586843 1.065108 0.037300
v -0.573530 1.080973 0.043009
v -0.582157 1.066226 0.048588
v -0.538755 1.025236 0.026884
v -0.539379 1.025918 0.026915
v -0.541097 1.024345 0.020791
v -0.540484 1.023668 0.020698
v -0.544807 1.021419 0.007487
v -0.545422 1.022040 0.007831
v -0.581230 1.033589 -0.003832
v -0.580737 1.033869 -0.003111
v -0.587818 1.037494 0.001505
v -0.588486 1.037328 0.000891
v -0.597835 1.044328 0.018154
v -0.596933 1.044325 0.018318
v -0.572338 1.050674 0.074628
v -0.571895 1.050575 0.073836
v -0.560495 1.049540 0.079478
v -0.560625 1.049690 0.080404
v -0.539930 1.042113 0.074381
v -0.540526 1.042219 0.073655
v -0.536169 1.038286 0.065710
v -0.535453 1.038001 0.066231
v -0.534119 1.030780 0.045044
v -0.534846 1.031353 0.044943
v -0.536249 1.029450 0.039043
v -0.535561 1.028834 0.039117
v -0.556164 1.023634 -0.003731
v -0.556397 1.024201 -0.003039
v -0.564830 1.027249 -0.005154
v -0.564906 1.026762 -0.005930
v -0.596987 1.049589 0.042510
v -0.596098 1.049535 0.042275
v -0.590999 1.050794 0.054445
v -0.591789 1.050858 0.054904
v -0.547081 1.046167 0.080018
v -0.547437 1.046106 0.079128
v -0.534126 1.035231 0.058163
v -0.533367 1.034805 0.058490
v -0.537696 1.027498 0.033026
v -0.537060 1.026837 0.033051
v -0.572941 1.030415 -0.005354
v -0.573231 1.030025 -0.006138
v -0.582379 1.050812 0.064967
v -0.583020 1.050871 0.065607
v -0.534478 1.033374 0.051740
v -0.533747 1.032858 0.051938
v -0.549931 1.022320 0.001543
v -0.549446 1.021721 0.000990
v -0.597532 1.047056 0.029742
v -0.598443 1.047075 0.029772
v -0.543218 1.023008 0.014175
v -0.542595 1.022352 0.013978
v -0.594237 1.041318 0.008436
v -0.595075 1.041276 0.008018
v 0.538481 1.037537 0.008861
v 0.537896 1.080899 0.023186
v 0.543021 1.064570 0.002965
v 0.537532 1.061701 0.006557
v 0.548956 1.067776 0.001132
v 0.553250 1.043886 -0.002548
v 0.537874 1.055002 0.061636
v 0.533173 1.070816 0.046825
v 0.544409 1.058882 0.064468
v 0.543473 1.076839 0.049124
v 0.567748 1.066730 0.059621
v 0.554516 1.081286 0.045835
v 0.574552 1.067166 0.053558
v 0.563424 1.082978 0.036253
v 0.545657 1.040504 0.002243
v 0.533121 1.038410 0.024599
v 0.531392 1.038654 0.029751
v 0.530284 1.042418 0.039624
v 0.525193 1.060694 0.032230
v 0.564009 1.078044 0.010203
v 0.560153 1.074969 0.005092
v 0.569516 1.051833 -0.002521
v 0.561393 1.047733 -0.004229
v 0.530621 1.046441 0.048274
v 0.538055 1.073982 0.048750
v 0.559436 1.082491 0.041619
v 0.586399 1.065090 0.027336
v 0.581782 1.059474 0.009584
v 0.576605 1.055876 0.002550
v 0.527499 1.058623 0.022073
v 0.526084 1.063837 0.038433
v 0.566120 1.082901 0.030047
v 0.552014 1.062310 0.064974
v 0.549030 1.079378 0.048382
v 0.580575 1.067308 0.046214
v 0.585603 1.062815 0.017805
v 0.534941 1.038127 0.019251
v 0.529280 1.058849 0.018474
v 0.536758 1.037844 0.013902
v 0.531059 1.059074 0.014878
v 0.554915 1.071378 0.001717
v 0.528967 1.067437 0.043431
v 0.532745 1.059293 0.011487
v 0.567042 1.082016 0.023224
v 0.533367 1.050717 0.055618
v 0.559907 1.064959 0.063424
v 0.584605 1.066614 0.037272
v 0.525832 1.058397 0.025442
v 0.566315 1.080362 0.016517
v 0.573807 1.086655 0.036634
v 0.581556 1.069573 0.044550
v 0.576343 1.069769 0.053482
v 0.569693 1.086560 0.045402
v 0.569634 1.069393 0.061281
v 0.564244 1.085919 0.053353
v 0.561990 1.068447 0.066654
v 0.557255 1.084342 0.059346
v 0.552911 1.066082 0.069454
v 0.548870 1.081417 0.062782
v 0.543782 1.062664 0.069464
v 0.540361 1.077586 0.063417
v 0.535671 1.058036 0.065868
v 0.532460 1.072763 0.060796
v 0.530722 1.053116 0.059528
v 0.526550 1.067706 0.055933
v 0.528699 1.048715 0.052027
v 0.522564 1.062810 0.049602
v 0.528105 1.044270 0.042812
v 0.520240 1.057989 0.041417
v 0.528943 1.040340 0.032893
v 0.519634 1.053767 0.032291
v 0.530220 1.038370 0.026192
v 0.520411 1.050941 0.024306
v 0.532296 1.037742 0.020722
v 0.522745 1.050916 0.018939
v 0.534407 1.037095 0.015148
v 0.525079 1.050892 0.013575
v 0.536472 1.036446 0.009694
v 0.527413 1.050867 0.008214
v 0.541660 1.036972 0.001686
v 0.531369 1.051460 0.001499
v 0.549527 1.040013 -0.004669
v 0.538591 1.054793 -0.004731
v 0.558671 1.044392 -0.007382
v 0.546984 1.059158 -0.008420
v 0.567594 1.049284 -0.005887
v 0.555591 1.064301 -0.008641
v 0.575479 1.054396 -0.001329
v 0.563471 1.069818 -0.005727
v 0.581687 1.059215 0.005585
v 0.570038 1.075229 -0.000055
v 0.585352 1.063213 0.014573
v 0.574427 1.079820 0.007956
v 0.586319 1.066165 0.024542
v 0.576341 1.083225 0.017289
v 0.584991 1.068451 0.034943
v 0.576170 1.085649 0.027133
v 0.544515 1.021099 0.010787
v 0.544806 1.021939 0.011017
v 0.594941 1.051840 0.042847
v 0.594075 1.051991 0.042540
v 0.596531 1.049828 0.031466
v 0.597438 1.049649 0.031581
v 0.575820 1.053415 0.070101
v 0.575286 1.053449 0.069331
v 0.538510 1.043482 0.071457
v 0.538007 1.043252 0.072258
v 0.537144 1.025999 0.033857
v 0.537428 1.026853 0.033739
v 0.535182 1.030567 0.044495
v 0.534814 1.029771 0.044755
v 0.596456 1.047258 0.020763
v 0.597365 1.047059 0.020657
v 0.579944 1.034186 -0.004456
v 0.579403 1.034589 -0.003793
v 0.570287 1.029294 -0.007707
v 0.570016 1.029802 -0.006928
v 0.534119 1.034691 0.054789
v 0.533649 1.034023 0.055193
v 0.583263 1.053635 0.061565
v 0.583957 1.053564 0.062198
v 0.546783 1.047948 0.076974
v 0.546982 1.047987 0.076021
v 0.559997 1.025255 -0.005075
v 0.559954 1.024609 -0.005804
v 0.551314 1.022402 0.001591
v 0.551085 1.021633 0.001052
v 0.534355 1.038656 0.063566
v 0.533756 1.038175 0.064138
v 0.593415 1.043718 0.010673
v 0.594274 1.043486 0.010329
v 0.567207 1.053042 0.075142
v 0.566852 1.053023 0.074253
v 0.542695 1.022346 0.016451
v 0.543004 1.023213 0.016495
v 0.590366 1.053093 0.052850
v 0.589575 1.053212 0.052378
v 0.557010 1.051128 0.077520
v 0.556915 1.051108 0.076564
v 0.540833 1.023570 0.022274
v 0.541127 1.024444 0.022289
v 0.539247 1.025675 0.028081
v 0.538972 1.024796 0.028097
v 0.587430 1.039380 0.002412
v 0.588157 1.039069 0.001897
v 0.037786 1.550720 0.031572
v 0.026512 1.546125 0.035843
v 0.018712 1.542958 0.036125
v 0.007567 1.539792 0.036134
v -0.004098 1.538791 0.035889
v 0.070399 1.599532 -0.028827
v 0.067530 1.586828 -0.014369
v 0.062770 1.573205 0.000721
v 0.056331 1.562390 0.013549
v 0.047917 1.555659 0.023590
v 0.067529 1.607207 -0.041728
v 0.058631 1.611471 -0.052329
v 0.047335 1.613054 -0.059065
v 0.036509 1.613682 -0.061720
v 0.023480 1.613940 -0.062750
v 0.008400 1.614341 -0.063735
v -0.006993 1.614303 -0.063971
v -0.021947 1.613250 -0.062918
v -0.035279 1.612491 -0.061453
v -0.044804 1.612296 -0.059732
v -0.057364 1.612232 -0.052515
v -0.063991 1.609372 -0.043066
v -0.067748 1.603579 -0.030969
v -0.066652 1.592079 -0.017891
v -0.063643 1.578540 -0.004131
v -0.058385 1.567252 0.008189
v -0.050551 1.558626 0.019119
v -0.042760 1.553571 0.027967
v -0.033300 1.548186 0.031902
v -0.024868 1.543795 0.033843
v -0.014311 1.540021 0.035305
v -0.012933 0.947864 0.132450
v 0.003127 0.946859 0.136421
v 0.019275 0.945913 0.135063
v 0.035972 0.944792 0.127993
v 0.053920 0.943552 0.119481
v 0.072674 0.942115 0.110641
v 0.091684 0.940509 0.101959
v 0.110349 0.938718 0.093519
v 0.127594 0.936899 0.084825
v 0.141989 0.935225 0.074628
v 0.152420 0.933586 0.062000
v 0.160439 0.931785 0.047646
v 0.165034 0.930089 0.034027
v 0.167322 0.928293 0.018877
v 0.167600 0.926513 0.003227
v 0.163996 0.925489 -0.013095
v 0.157921 0.924918 -0.029743
v 0.150075 0.924453 -0.046534
v 0.141190 0.923874 -0.063281
v 0.131537 0.923470 -0.079666
v 0.121585 0.923498 -0.096446
v 0.111811 0.923957 -0.113237
v 0.102050 0.924590 -0.129597
v 0.092401 0.924969 -0.144471
v 0.083427 0.924838 -0.155338
v 0.040877 0.924965 -0.145958
v 0.027939 0.925343 -0.128306
v 0.007184 0.925123 -0.117995
v -0.014703 0.924230 -0.116429
v -0.033911 0.923227 -0.119770
v -0.051326 0.922500 -0.121351
v -0.067948 0.922132 -0.119895
v -0.084224 0.922118 -0.113845
v -0.100264 0.922220 -0.105096
v -0.114984 0.922429 -0.093688
v -0.128351 0.922727 -0.080141
v -0.139964 0.923289 -0.064826
v -0.149369 0.924260 -0.047549
v -0.157951 0.925391 -0.029513
v -0.164415 0.926704 -0.010944
v -0.168193 0.928220 0.007639
v -0.166525 0.930670 0.025679
v -0.162026 0.933281 0.043658
v -0.156078 0.935842 0.061318
v -0.149931 0.938404 0.078796
v -0.143985 0.940952 0.095758
v -0.138041 0.943106 0.111296
v -0.131971 0.944544 0.123438
v -0.121964 0.945764 0.131165
v -0.110547 0.947076 0.131534
v -0.097390 0.948607 0.124464
v -0.077844 0.949835 0.112557
v -0.052539 0.950103 0.109454
v -0.030731 0.949102 0.119892
v 0.051717 0.924393 -0.158065
v 0.062005 0.924024 -0.164410
v 0.072566 0.924316 -0.162491
vn -0.6471 -0.5189 0.5586
vn -0.1930 0.4602 0.8666
vn -0.2791 0.4072 0.8696
vn -0.1436 0.4190 0.8965
vn 0.0807 0.3908 0.9169
vn 0.8078 -0.0899 0.5826
vn 0.4073 0.0519 0.9118
vn 0.9365 -0.1423 0.3204
vn 0.9740 -0.1040 0.2011
vn 0.1616 0.6900 -0.7055
vn -0.1486 0.6863 -0.7120
vn -0.9996 -0.0282 -0.0009
vn -0.6673 -0.6905 -0.2790
vn 0.2189 -0.0691 -0.9733
vn -0.6646 -0.6717 0.3273
vn -0.9780 -0.0289 -0.2065
vn -0.9960 -0.0515 0.0727
vn -0.8942 -0.0393 0.4459
vn -0.8966 -0.1235 0.4252
vn -0.8278 -0.1999 0.5242
vn -0.5473 -0.4499 0.7057
vn 0.1398 -0.4915 0.8596
vn 0.2044 -0.6020 0.7719
vn 0.3088 -0.6691 0.6759
vn -0.3152 0.3534 0.8807
vn -0.3167 0.3932 0.8632
vn -0.2575 0.4581 0.8508
vn -0.2242 0.4976 0.8379
vn -0.1838 0.5354 0.8244
vn -0.1706 0.3940 0.9031
vn -0.3058 0.2707 0.9128
vn -0.1185 0.5824 0.8042
vn -0.1339 0.5459 0.8271
vn -0.1386 0.6333 0.7614
vn -0.2877 0.3567 0.8888
vn -0.2011 0.3993 0.8945
vn -0.2301 0.4426 0.8667
vn -0.3823 0.2980 0.8746
vn -0.2081 0.3422 0.9163
vn -0.1253 0.3670 0.9217
vn -0.0435 0.3577 0.9328
vn -0.0649 0.3885 0.9192
vn -0.0757 0.4026 0.9122
vn -0.1427 0.4385 0.8873
vn -0.2021 0.4670 0.8608
vn -0.1995 0.4768 0.8561
vn 0.0120 0.3405 0.9402
vn 0.0938 0.3427 0.9347
vn 0.1461 0.3931 0.9078
vn -0.0117 0.3524 0.9358
vn -0.0480 0.3151 0.9478
vn 0.0955 0.4043 0.9096
vn 0.0103 0.3658 0.9306
vn 0.2082 0.4408 0.8731
vn 0.1768 0.4501 0.8753
vn 0.1765 0.4542 0.8732
vn 0.8017 -0.0835 0.5918
vn 0.8754 -0.0774 0.4771
vn 0.8403 -0.1099 0.5308
vn 0.7316 -0.0918 0.6755
vn 0.6898 -0.1085 0.7158
vn 0.7556 -0.1145 0.6450
vn 0.2835 -0.0591 0.9571
vn 0.3103 0.1461 0.9394
vn 0.2526 0.2171 0.9429
vn 0.3330 0.2670 0.9043
vn 0.4225 0.2447 0.8727
vn 0.5733 0.0408 0.8184
vn 0.2177 0.3124 0.9247
vn 0.9203 -0.0774 0.3835
vn 0.9274 -0.0520 0.3706
vn 0.9583 -0.0417 0.2828
vn 0.8609 -0.2301 0.4537
vn 0.8893 -0.1250 0.4400
vn 0.9715 -0.1089 0.2105
vn 0.9562 -0.2272 0.1847
vn 0.9065 -0.2904 0.3066
vn 0.9746 -0.0181 0.2232
vn 0.8073 -0.3657 0.4632
vn 0.7100 -0.6560 -0.2560
vn 0.9587 -0.0060 0.2842
vn 0.9939 -0.0455 0.1004
vn 0.9422 -0.1006 -0.3194
vn 0.9667 -0.1717 -0.1897
vn 0.9612 -0.2136 -0.1743
vn 0.7138 -0.4934 -0.4971
vn 0.2161 0.6951 -0.6856
vn 0.3929 0.8129 -0.4298
vn 0.3394 0.8315 -0.4397
vn 0.0455 0.5531 -0.8318
vn -0.0231 0.5194 -0.8542
vn 0.0425 0.6029 -0.7967
vn 0.0910 0.6186 -0.7804
vn -0.1805 0.6976 -0.6934
vn -0.0716 0.6225 -0.7793
vn -0.0206 0.5918 -0.8058
vn 0.0564 0.5092 -0.8588
vn -0.0362 0.5534 -0.8321
vn -0.3245 0.8277 -0.4579
vn -0.3654 0.8130 -0.4533
vn -0.6371 -0.6699 -0.3812
vn -0.6101 -0.6343 -0.4749
vn -0.9755 -0.1789 -0.1283
vn -0.9880 0.0233 -0.1527
vn -0.9950 0.0849 0.0529
vn -0.9913 0.0965 0.0894
vn -0.7823 -0.1375 -0.6075
vn -0.7467 -0.1019 -0.6573
vn -0.7078 -0.2096 -0.6746
vn -0.5832 -0.7611 -0.2840
vn -0.7675 -0.6222 0.1541
vn -0.6571 -0.7293 -0.1906
vn -0.4403 -0.8964 0.0517
vn -0.4532 -0.8913 0.0122
vn -0.4899 -0.8718 -0.0009
vn -0.6531 -0.7558 0.0471
vn -0.6375 -0.7454 -0.1951
vn -0.5382 -0.7187 -0.4403
vn 0.6225 -0.1329 -0.7712
vn 0.5499 0.0481 -0.8338
vn 0.4477 0.1338 -0.8841
vn 0.0301 -0.2573 -0.9659
vn 0.6547 -0.2644 -0.7081
vn 0.1527 0.0050 -0.9883
vn -0.0721 -0.2047 -0.9762
vn 0.3885 0.2323 -0.8917
vn 0.5703 0.3822 -0.7271
vn 0.5706 0.3926 -0.7214
vn 0.3769 0.2307 -0.8971
vn 0.1520 0.0313 -0.9879
vn 0.6388 0.2597 -0.7242
vn 0.7529 0.3671 -0.5462
vn 0.7041 0.4575 -0.5430
vn 0.4984 0.2785 -0.8210
vn 0.4895 0.5182 -0.7013
vn 0.5179 0.6938 -0.5004
vn 0.8113 0.4765 -0.3388
vn 0.2557 0.4402 -0.8607
vn 0.1575 0.6375 -0.7542
vn 0.2074 0.7798 -0.5907
vn 0.3260 0.8892 -0.3210
vn 0.5863 0.7810 -0.2153
vn 0.2875 0.6156 -0.7338
vn 0.3240 0.7302 -0.6015
vn 0.3784 0.8561 -0.3520
vn 0.4075 0.9116 0.0540
vn 0.4026 0.9122 0.0764
vn 0.4066 0.6961 -0.5917
vn 0.4043 0.8411 -0.3592
vn 0.3827 0.9234 0.0302
vn 0.3079 0.8529 0.4217
vn 0.3687 0.8229 0.4322
vn 0.4197 0.8352 -0.3552
vn 0.3562 0.9344 0.0073
vn 0.2488 0.8804 0.4036
vn 0.1464 0.7197 0.6787
vn 0.2003 0.6894 0.6962
vn 0.3739 0.9275 0.0005
vn 0.2436 0.8886 0.3888
vn 0.1399 0.7407 0.6571
vn 0.1207 0.5975 0.7928
vn 0.1107 0.5546 0.8247
vn 0.2771 0.8797 0.3866
vn 0.1684 0.7513 0.6381
vn 0.1568 0.6298 0.7608
vn 0.2038 0.5469 0.8120
vn 0.1746 0.5149 0.8393
vn 0.1970 0.7579 0.6219
vn 0.1981 0.6575 0.7270
vn 0.2326 0.5714 0.7870
vn 0.2273 0.5074 0.8312
vn 0.2250 0.5002 0.8362
vn 0.2348 0.6799 0.6946
vn 0.2572 0.5946 0.7618
vn 0.2299 0.5144 0.8262
vn 0.1750 0.4624 0.8692
vn 0.2693 0.6199 0.7370
vn 0.2287 0.5289 0.8173
vn 0.1715 0.4695 0.8661
vn 0.0993 0.4354 0.8948
vn 0.0991 0.4202 0.9020
vn 0.2521 0.5498 0.7964
vn 0.2030 0.4546 0.8672
vn 0.1015 0.4001 0.9108
vn 0.0036 0.3940 0.9191
vn 0.0231 0.4032 0.9148
vn -0.1770 0.8542 0.4890
vn -0.1826 0.8389 0.5127
vn -0.1962 0.8874 0.4172
vn -0.1173 0.9321 0.3427
vn -0.0210 0.4208 0.9069
vn 0.0229 0.9500 0.3114
vn -0.0070 0.4354 0.9002
vn -0.0030 0.3907 0.9205
vn -0.0027 0.3919 0.9200
vn 0.0010 0.3659 0.9306
vn -0.0058 0.3660 0.9306
vn 0.0193 0.3814 0.9242
vn -0.0129 0.3463 0.9380
vn 0.0096 0.3452 0.9385
vn 0.0222 0.3230 0.9461
vn -0.0216 0.3243 0.9457
vn 0.0386 0.2975 0.9539
vn -0.0250 0.2938 0.9555
vn 0.0546 0.2583 0.9645
vn -0.0197 0.2510 0.9678
vn -0.0719 0.2528 0.9648
vn -0.0074 0.1951 0.9807
vn -0.0690 0.1849 0.9803
vn -0.0696 0.1707 0.9829
vn -0.0449 0.2593 0.9648
vn -0.0043 0.1550 0.9879
vn 0.0395 0.2589 0.9651
vn 0.1145 0.1318 0.9846
vn 0.1558 0.2321 0.9601
vn 0.1874 0.3123 0.9313
vn 0.2176 0.3630 0.9060
vn 0.2911 0.1683 0.9418
vn 0.2951 0.2432 0.9240
vn 0.3036 0.3034 0.9032
vn 0.3179 0.3593 0.8774
vn 0.2554 0.4129 0.8742
vn 0.4360 0.1264 0.8910
vn 0.4349 0.1885 0.8805
vn 0.6170 -0.0255 0.7865
vn 0.6123 0.0063 0.7906
vn 0.7466 -0.1552 0.6469
vn 0.6954 -0.1876 0.6937
vn 0.5702 -0.2304 0.7885
vn 0.8252 -0.1830 0.5344
vn 0.7681 -0.2842 0.5738
vn 0.6820 -0.3823 0.6235
vn 0.2648 -0.4689 0.8426
vn 0.2648 -0.2637 0.9275
vn 0.3057 -0.6356 0.7090
vn -0.3493 -0.5984 0.7211
vn -0.2041 -0.4075 0.8901
vn 0.3770 -0.7438 0.5519
vn -0.4339 -0.7311 0.5265
vn -0.4797 -0.8093 0.3390
vn -0.5968 -0.7365 0.3184
vn -0.5544 -0.6628 0.5033
vn -0.4539 -0.5346 0.7129
vn 0.4187 -0.8264 0.3766
vn 0.4973 -0.8499 0.1743
vn -0.5157 -0.8540 0.0685
vn 0.9741 -0.1236 0.1892
vn 0.9708 -0.0374 0.2369
vn 0.9492 0.0164 0.3143
vn 0.9600 -0.0229 0.2789
vn 0.6154 -0.7844 -0.0777
vn -0.4736 -0.8131 -0.3385
vn -0.3386 -0.6924 -0.6372
vn -0.2021 -0.5991 -0.7748
vn -0.3950 -0.4814 -0.7824
vn -0.4898 -0.5998 -0.6327
vn -0.5851 -0.7477 -0.3139
vn -0.5616 -0.5755 -0.5945
vn -0.6390 -0.7158 -0.2818
vn -0.6701 -0.7379 0.0807
vn -0.6143 -0.7847 0.0829
vn -0.6670 -0.6852 0.2927
vn -0.6826 -0.7275 0.0698
vn -0.6897 -0.6721 0.2694
vn -0.6589 -0.5842 0.4738
vn -0.6333 -0.6039 0.4840
vn -0.5541 -0.4540 0.6977
vn -0.5357 -0.4739 0.6989
vn -0.3927 -0.3036 0.8681
vn -0.3833 -0.3048 0.8719
vn -0.3039 -0.3510 0.8857
vn -0.2107 -0.1322 0.9686
vn -0.1335 -0.1613 0.9778
vn -0.0251 -0.2225 0.9746
vn 0.0417 0.0015 0.9991
vn 0.1555 -0.0593 0.9861
vn 0.2633 0.1679 0.9500
vn 0.3285 0.1237 0.9364
vn 0.4837 0.3065 0.8198
vn 0.4887 0.2950 0.8211
vn 0.3735 0.3474 0.8601
vn 0.6308 0.4274 0.6477
vn 0.4732 0.5427 0.6940
vn 0.3251 0.6219 0.7124
vn 0.2461 0.4045 0.8808
vn 0.2805 0.6505 0.7058
vn 0.1951 0.4469 0.8731
vn 0.1378 0.5010 0.8544
vn 0.1800 0.3988 0.8992
vn 0.2747 0.3804 0.8831
vn 0.1671 0.4638 0.8700
vn 0.2452 0.4430 0.8623
vn 0.2300 0.4811 0.8459
vn 0.3909 0.8047 0.4468
vn 0.5667 0.6945 0.4433
vn 0.6143 0.7793 0.1241
vn 0.7435 0.5204 0.4200
vn 0.8094 0.5611 0.1732
vn 0.8312 0.5500 -0.0806
vn 0.8271 0.5241 0.2030
vn 0.8460 0.5310 -0.0480
vn 0.8060 0.5019 -0.3138
vn 0.8680 0.4960 -0.0224
vn 0.8271 0.5000 -0.2567
vn 0.7259 0.4796 -0.4931
vn 0.7983 0.5599 -0.2218
vn 0.7164 0.5140 -0.4717
vn 0.5690 0.3843 -0.7270
vn 0.6875 0.5411 -0.4843
vn 0.5498 0.3879 -0.7398
vn 0.3677 0.2110 -0.9057
vn 0.3769 0.2104 -0.9020
vn 0.1595 0.0266 -0.9868
vn 0.1583 0.0348 -0.9868
vn -0.0619 -0.1392 -0.9883
vn -0.0799 -0.1356 -0.9875
vn -0.0958 -0.1525 -0.9837
vn -0.2825 -0.2580 -0.9239
vn -0.2952 -0.2778 -0.9141
vn -0.2250 -0.3353 -0.9149
vn -0.4048 -0.3399 -0.8489
vn -0.3138 -0.4102 -0.8563
vn -0.1116 -0.5021 -0.8576
vn -0.0564 -0.3948 -0.9171
vn 0.6960 -0.3808 -0.6088
vn 0.9232 -0.1808 -0.3390
vn 0.7822 -0.1546 -0.6036
vn 0.6037 -0.0637 -0.7947
vn 0.4755 -0.1346 -0.8694
vn 0.2837 -0.0765 -0.9559
vn 0.2006 0.0355 -0.9790
vn 0.2375 0.2737 -0.9320
vn 0.4472 0.1717 -0.8778
vn 0.0887 -0.0251 -0.9957
vn 0.0909 0.0634 -0.9938
vn 0.1743 0.2632 -0.9489
vn 0.3031 0.4667 -0.8308
vn 0.2745 0.4963 -0.8236
vn 0.1879 0.0796 -0.9790
vn 0.2272 0.2350 -0.9451
vn 0.3187 0.4131 -0.8531
vn 0.4033 0.5513 -0.7303
vn 0.3823 0.5779 -0.7210
vn 0.2886 0.2351 -0.9281
vn 0.3194 0.3832 -0.8667
vn 0.3825 0.5349 -0.7534
vn 0.4350 0.6784 -0.5920
vn 0.4357 0.6859 -0.5828
vn 0.2961 0.3833 -0.8749
vn 0.3509 0.5202 -0.7786
vn 0.4210 0.6634 -0.6186
vn 0.4581 0.8080 -0.3705
vn 0.4416 0.8236 -0.3560
vn 0.2967 0.5201 -0.8009
vn 0.3722 0.6597 -0.6529
vn 0.4360 0.8100 -0.3922
vn 0.4104 0.9119 -0.0103
vn 0.4095 0.9123 -0.0036
vn 0.2599 0.6890 -0.6766
vn 0.3774 0.8266 -0.4174
vn 0.4140 0.9101 -0.0194
vn 0.3244 0.8638 0.3856
vn 0.2914 0.8763 0.3837
vn 0.4444 0.8953 -0.0302
vn 0.3934 0.8257 0.4042
vn 0.2844 0.7372 0.6129
vn 0.2330 0.7574 0.6100
vn 0.4966 0.8680 -0.0023
vn 0.4571 0.7753 0.4359
vn 0.3515 0.6896 0.6332
vn 0.2995 0.6841 0.6651
vn 0.2642 0.6946 0.6691
vn -0.1986 0.8361 0.5113
vn -0.3403 0.7672 0.5437
vn -0.3814 0.7874 0.4843
vn -0.3609 0.8339 0.4174
vn 0.2779 0.6407 0.7157
vn -0.2682 0.8694 0.4150
vn -0.0547 0.9514 0.3031
vn 0.0066 0.9978 0.0654
vn 0.0130 0.9954 -0.0947
vn 0.0007 0.9860 -0.1670
vn 0.0262 0.5733 -0.8189
vn 0.0003 0.9826 -0.1855
vn -0.0006 0.5360 -0.8442
vn -0.0023 0.9731 -0.2305
vn -0.0082 0.5310 -0.8473
vn -0.0171 0.9712 -0.2376
vn -0.0328 0.5715 -0.8199
vn -0.0232 0.9836 -0.1788
vn 0.0105 0.9919 -0.1263
vn 0.0386 0.9940 -0.1027
vn 0.0224 0.9996 0.0184
vn -0.4905 0.8702 -0.0462
vn 0.0679 0.9635 0.2589
vn -0.4859 0.7971 0.3584
vn 0.1337 0.8606 0.4915
vn -0.4001 0.7022 0.5889
vn 0.2894 0.7679 0.5715
vn -0.3278 0.6757 0.6603
vn 0.3810 0.7609 0.5252
vn -0.2825 0.6450 0.7101
vn 0.3974 0.7975 0.4539
vn -0.2732 0.5968 0.7544
vn 0.3261 0.8537 0.4060
vn -0.2364 0.5147 0.8241
vn 0.2161 0.8564 0.4690
vn -0.1374 0.4425 0.8862
vn 0.2621 0.8618 0.4343
vn -0.0504 0.4325 0.9002
vn 0.2627 0.8930 0.3655
vn -0.0045 0.4371 0.8994
vn 0.1730 0.9289 0.3273
vn -0.0818 0.4131 0.9070
vn -0.0234 0.3971 0.9175
vn -0.0828 0.4080 0.9092
vn -0.0212 0.3814 0.9241
vn -0.0092 0.3676 0.9299
vn 0.0095 0.3511 0.9363
vn 0.0364 0.3259 0.9447
vn -0.0162 0.3031 0.9528
vn 0.0635 0.2783 0.9584
vn 0.0090 0.2207 0.9753
vn 0.0790 0.2061 0.9753
vn 0.0625 0.1997 0.9779
vn 0.0786 0.1413 0.9868
vn 0.0589 0.1476 0.9873
vn 0.0041 0.1507 0.9886
vn 0.0467 0.1254 0.9910
vn 0.0096 0.1346 0.9909
vn -0.0254 0.1291 0.9913
vn -0.0489 0.1408 0.9888
vn -0.0269 0.1075 0.9938
vn -0.0579 0.1177 0.9914
vn 0.0031 0.0803 0.9968
vn -0.0150 0.0916 0.9957
vn 0.0727 0.0612 0.9955
vn 0.0841 0.0725 0.9938
vn 0.2401 0.0443 0.9697
vn 0.2566 0.0495 0.9652
vn 0.2747 0.0875 0.9575
vn 0.4910 -0.0155 0.8710
vn 0.4633 0.0018 0.8862
vn 0.4481 0.0612 0.8919
vn 0.6053 -0.0867 0.7913
vn 0.6111 -0.0483 0.7901
vn 0.6314 -0.0982 0.7692
vn 0.6640 -0.1314 0.7361
vn 0.6823 -0.0570 0.7288
vn 0.6841 -0.1165 0.7200
vn 0.7241 -0.1331 0.6767
vn 0.7598 -0.1094 0.6409
vn 0.8548 -0.0896 0.5111
vn 0.8760 -0.0698 0.4773
vn 0.7199 -0.1288 0.6820
vn 0.8231 -0.1097 0.5572
vn 0.9180 -0.0516 0.3932
vn 0.7924 -0.1206 0.5980
vn 0.8945 -0.0722 0.4413
vn 0.9495 -0.0232 0.3130
vn 0.9568 -0.0164 0.2904
vn 0.9648 0.0068 0.2630
vn 0.9700 0.0096 0.2427
vn 0.9560 0.0286 0.2921
vn 0.9591 0.0379 0.2806
vn 0.9643 0.0256 0.2634
vn 0.9469 0.0453 0.3182
vn 0.9451 0.0502 0.3229
vn 0.9817 0.0140 0.1901
vn 0.9747 0.0266 0.2220
vn 0.9677 0.0165 0.2517
vn 0.9942 -0.0500 -0.0957
vn 0.9995 -0.0315 -0.0017
vn 0.8272 -0.1328 -0.5459
vn 0.8903 -0.0894 -0.4466
vn 0.4501 -0.1397 -0.8820
vn 0.5117 -0.1008 -0.8532
vn 0.6000 -0.1168 -0.7914
vn 0.6534 -0.1988 -0.7305
vn 0.1983 -0.0854 -0.9764
vn 0.2266 -0.0859 -0.9702
vn 0.2171 -0.1113 -0.9698
vn 0.1677 -0.1039 -0.9803
vn 0.6172 -0.2119 -0.7577
vn 0.1983 -0.0826 -0.9767
vn 0.1901 -0.0808 -0.9784
vn 0.1813 -0.0746 -0.9806
vn 0.1847 -0.0523 -0.9814
vn 0.1193 -0.0660 -0.9907
vn 0.3449 -0.0848 -0.9348
vn 0.3104 -0.0821 -0.9471
vn 0.2975 -0.0491 -0.9535
vn 0.2953 0.0126 -0.9553
vn 0.1873 -0.0042 -0.9823
vn 0.3789 -0.0449 -0.9243
vn 0.3221 -0.0140 -0.9466
vn 0.2880 0.0504 -0.9563
vn 0.2732 0.1506 -0.9501
vn 0.2906 0.1078 -0.9507
vn 0.2399 0.0608 -0.9689
vn 0.1831 0.1135 -0.9765
vn 0.1630 0.1965 -0.9669
vn 0.1834 0.2874 -0.9401
vn 0.2731 0.2641 -0.9250
vn 0.0017 0.1630 -0.9866
vn 0.0036 0.2210 -0.9753
vn 0.0361 0.2909 -0.9561
vn 0.0973 0.4005 -0.9111
vn 0.2332 0.3907 -0.8905
vn -0.1186 0.2126 -0.9699
vn -0.0805 0.2798 -0.9567
vn -0.0291 0.3994 -0.9163
vn 0.1724 0.5441 -0.8211
vn -0.1355 0.2679 -0.9539
vn -0.0957 0.3807 -0.9197
vn -0.2336 0.2562 -0.9380
vn -0.1896 0.3445 -0.9195
vn -0.1052 0.4612 -0.8810
vn -0.0257 0.5500 -0.8347
vn -0.1361 0.3114 -0.9405
vn -0.0909 0.4066 -0.9091
vn -0.0437 0.4983 -0.8659
vn 0.0453 0.4009 -0.9150
vn 0.0172 0.4872 -0.8731
vn 0.0961 0.4451 -0.8903
vn 0.0288 0.5290 -0.8481
vn 0.0708 0.3065 -0.9492
vn 0.1627 0.3297 -0.9300
vn 0.1394 0.3700 -0.9185
vn 0.2031 0.2384 -0.9497
vn 0.1962 0.2599 -0.9455
vn 0.1142 0.2845 -0.9518
vn 0.0491 0.4032 -0.9138
vn -0.0275 0.2984 -0.9541
vn -0.0957 0.4126 -0.9059
vn -0.1734 0.5458 -0.8198
vn -0.2603 0.6815 -0.6839
vn -0.2237 0.4043 -0.8868
vn -0.2909 0.5240 -0.8005
vn -0.3729 0.6518 -0.6604
vn -0.4462 0.7859 -0.4281
vn -0.3763 0.8112 -0.4476
vn -0.3341 0.5376 -0.7742
vn -0.4180 0.6550 -0.6294
vn -0.4592 0.7865 -0.4131
vn -0.4182 0.9045 -0.0831
vn -0.4411 0.8940 -0.0795
vn -0.4241 0.6689 -0.6104
vn -0.4271 0.8011 -0.4193
vn -0.3779 0.9219 -0.0854
vn -0.2731 0.9062 0.3229
vn -0.2921 0.9022 0.3173
vn -0.3831 0.8159 -0.4330
vn -0.3742 0.9241 -0.0777
vn -0.3105 0.8906 0.3322
vn -0.2018 0.7394 0.6423
vn -0.1606 0.7609 0.6287
vn -0.3811 0.9225 -0.0616
vn -0.3720 0.8664 0.3331
vn -0.2863 0.7157 0.6370
vn -0.2066 0.5084 0.8360
vn -0.4075 0.8492 0.3359
vn -0.3580 0.6947 0.6238
vn -0.2856 0.4760 0.8318
vn -0.2606 0.2743 0.9257
vn -0.2121 0.3272 0.9208
vn -0.5294 0.6228 0.5760
vn -0.4395 0.4278 0.7898
vn -0.3629 0.2308 0.9028
vn -0.3293 0.0082 0.9442
vn -0.3238 0.0783 0.9429
vn -0.5676 0.3715 0.7347
vn -0.4363 0.2146 0.8738
vn -0.2591 0.0054 0.9658
vn -0.0502 -0.2102 0.9764
vn -0.3443 -0.2316 0.9098
vn -0.4180 0.2358 0.8773
vn -0.1750 0.0676 0.9822
vn 0.1030 -0.1199 0.9874
vn 0.3152 -0.2755 0.9081
vn 0.0836 -0.3625 0.9282
vn -0.1426 0.1187 0.9826
vn 0.1639 -0.0580 0.9848
vn 0.4062 -0.2092 0.8895
vn 0.5466 -0.3058 0.7796
vn 0.4289 -0.3860 0.8167
vn 0.1591 -0.0628 0.9853
vn 0.3993 -0.2111 0.8922
vn 0.5404 -0.3009 0.7858
vn 0.6215 -0.3668 0.6923
vn 0.6137 -0.3661 0.6995
vn 0.3746 -0.2381 0.8961
vn 0.5084 -0.3263 0.7969
vn 0.5925 -0.4017 0.6983
vn 0.6418 -0.4872 0.5922
vn 0.6502 -0.4441 0.6164
vn 0.4860 -0.3425 0.8040
vn 0.5785 -0.4265 0.6952
vn 0.6351 -0.5128 0.5777
vn 0.6696 -0.6007 0.4368
vn 0.6629 -0.5811 0.4720
vn 0.5708 -0.4425 0.6917
vn 0.6384 -0.5315 0.5567
vn 0.6712 -0.6178 0.4096
vn 0.6891 -0.6962 0.2010
vn 0.6911 -0.6857 0.2283
vn 0.6337 -0.5636 0.5298
vn 0.6686 -0.6415 0.3760
vn 0.6835 -0.7091 0.1733
vn 0.6768 -0.7325 -0.0732
vn 0.6761 -0.7335 -0.0698
vn 0.6888 -0.6402 0.3401
vn 0.7098 -0.6875 0.1529
vn 0.7107 -0.7006 -0.0639
vn 0.6826 -0.6784 -0.2715
vn 0.6504 -0.7031 -0.2874
vn 0.7341 -0.6630 0.1467
vn 0.7287 -0.6815 -0.0676
vn 0.6842 -0.6772 -0.2706
vn 0.6134 -0.6419 -0.4601
vn 0.6182 -0.6358 -0.4623
vn 0.7163 -0.6910 -0.0969
vn 0.6667 -0.6890 -0.2843
vn 0.6053 -0.6599 -0.4451
vn 0.5166 -0.5953 -0.6154
vn 0.5167 -0.5717 -0.6373
vn 0.6592 -0.6903 -0.2983
vn 0.6034 -0.6674 -0.4364
vn 0.5105 -0.6162 -0.5998
vn 0.3977 -0.5264 -0.7515
vn 0.3906 -0.4906 -0.7790
vn 0.5850 -0.6817 -0.4394
vn 0.4927 -0.6361 -0.5938
vn 0.3898 -0.5701 -0.7232
vn 0.2715 -0.4803 -0.8340
vn 0.2907 -0.4055 -0.8666
vn 0.4812 -0.6520 -0.5859
vn 0.3831 -0.5912 -0.7098
vn 0.2518 -0.5138 -0.8201
vn 0.0895 -0.4016 -0.9114
vn 0.1088 -0.3546 -0.9287
vn 0.3691 -0.6076 -0.7033
vn 0.2315 -0.5240 -0.8197
vn 0.0743 -0.4268 -0.9013
vn -0.1653 -0.2418 -0.9562
vn -0.1496 -0.2080 -0.9666
vn 0.2065 -0.5357 -0.8188
vn 0.0493 -0.4301 -0.9014
vn -0.1645 -0.2555 -0.9527
vn -0.3837 -0.0041 -0.9234
vn -0.4192 0.0201 -0.9077
vn 0.0434 -0.4122 -0.9101
vn -0.1419 -0.2517 -0.9573
vn -0.3611 -0.0271 -0.9321
vn -0.5634 0.2047 -0.8004
vn -0.5547 0.2304 -0.7995
vn -0.1287 -0.2539 -0.9586
vn -0.3513 -0.0307 -0.9358
vn -0.5601 0.2029 -0.8032
vn -0.6924 0.3828 -0.6116
vn -0.6985 0.3865 -0.6022
vn -0.3424 -0.0292 -0.9391
vn -0.5501 0.2042 -0.8098
vn -0.6878 0.3789 -0.6192
vn -0.7718 0.5068 -0.3840
vn -0.7640 0.5206 -0.3811
vn -0.5659 0.1832 -0.8039
vn -0.7048 0.3520 -0.6159
vn -0.7855 0.4854 -0.3838
vn -0.8142 0.5680 -0.1203
vn -0.8009 0.5843 -0.1310
vn -0.7044 0.3399 -0.6231
vn -0.7787 0.4817 -0.4020
vn -0.8001 0.5861 -0.1277
vn -0.7665 0.6206 0.1653
vn -0.7919 0.5899 0.1580
vn -0.7865 0.4580 -0.4144
vn -0.8118 0.5658 -0.1447
vn -0.7671 0.6186 0.1698
vn -0.6663 0.5941 0.4506
vn -0.6711 0.5874 0.4523
vn -0.8368 0.5278 -0.1455
vn -0.7978 0.5811 0.1607
vn -0.6839 0.5713 0.4537
vn -0.5030 0.4848 0.7155
vn -0.4883 0.4893 0.7226
vn -0.7932 0.5954 0.1281
vn -0.6802 0.5973 0.4250
vn -0.4972 0.5224 0.6927
vn -0.2731 0.3668 0.8893
vn -0.2615 0.3430 0.9022
vn -0.6599 0.6393 0.3948
vn -0.4886 0.5469 0.6798
vn -0.2600 0.3697 0.8920
vn -0.0226 0.1495 0.9885
vn -0.0446 0.1609 0.9860
vn -0.4886 0.5465 0.6802
vn -0.2428 0.4081 0.8801
vn 0.0392 0.2116 0.9766
vn 0.2842 -0.0095 0.9587
vn 0.1897 -0.0726 0.9792
vn -0.2723 0.4659 0.8419
vn 0.0598 0.3468 0.9360
vn 0.3933 0.1603 0.9054
vn 0.5829 -0.0062 0.8125
vn 0.4293 -0.1713 0.8867
vn 0.6665 -0.1459 0.7311
vn 0.5933 -0.3160 0.7404
vn 0.6704 -0.5033 0.5452
vn 0.6711 -0.6482 0.3600
vn 0.5974 -0.7628 0.2473
vn 0.5590 -0.7980 0.2255
vn 0.4836 -0.8558 0.1836
vn 0.4557 -0.8821 0.1191
vn 0.4634 -0.8838 0.0638
vn 0.4903 -0.8714 0.0124
vn 0.5188 -0.8525 -0.0640
vn 0.5112 -0.8199 -0.2576
vn 0.3572 -0.7812 -0.5120
vn 0.1117 -0.7103 -0.6950
vn -0.1347 -0.6349 -0.7608
vn -0.3414 -0.5217 -0.7819
vn -0.5434 -0.3961 -0.7401
vn -0.7104 -0.2833 -0.6443
vn -0.8882 -0.1406 -0.4375
vn -0.9842 -0.0760 -0.1599
vn -0.9979 -0.0552 0.0329
vn -0.9671 -0.0128 0.2540
vn -0.8574 0.0074 0.5146
vn -0.7057 0.0020 0.7085
vn -0.5239 0.0373 0.8510
vn -0.1837 0.0527 0.9816
vn 0.2935 -0.0782 0.9528
vn -0.5318 0.5230 0.6661
vn -0.6734 0.6225 0.3988
vn -0.7283 0.5443 0.4164
vn -0.7797 0.6223 0.0694
vn -0.8417 0.5284 0.1115
vn -0.8009 0.5579 -0.2172
vn -0.8576 0.4808 -0.1826
vn -0.7660 0.4590 -0.4500
vn -0.8061 0.4092 -0.4275
vn -0.6796 0.3276 -0.6564
vn -0.7072 0.3051 -0.6378
vn -0.5491 0.1759 -0.8170
vn -0.5720 0.1815 -0.7999
vn -0.3898 0.0374 -0.9202
vn -0.4332 0.0685 -0.8987
vn -0.2178 -0.0809 -0.9726
vn -0.2803 -0.0553 -0.9583
vn -0.0263 -0.2664 -0.9635
vn -0.0197 -0.2802 -0.9597
vn 0.1559 -0.5141 -0.8434
vn 0.2801 -0.5131 -0.8114
vn 0.2609 -0.6851 -0.6801
vn 0.4196 -0.6385 -0.6452
vn 0.3442 -0.7787 -0.5245
vn 0.4756 -0.7158 -0.5113
vn 0.4407 -0.8188 -0.3677
vn 0.5148 -0.7597 -0.3973
vn 0.5076 -0.8093 -0.2957
vn 0.5167 -0.7802 -0.3525
vn 0.5829 -0.7837 -0.2147
vn 0.5561 -0.7785 -0.2911
vn 0.6948 -0.7191 0.0066
vn 0.6311 -0.7673 -0.1140
vn 0.7449 -0.5654 0.3542
vn 0.7235 -0.6279 0.2869
vn 0.6885 -0.4267 0.5864
vn 0.7092 -0.4217 0.5651
vn 0.6448 -0.3985 0.6522
vn 0.7154 -0.3569 0.6007
vn 0.5992 -0.3617 0.7142
vn 0.7093 -0.2723 0.6502
vn 0.5216 -0.2763 0.8072
vn 0.6201 -0.3937 0.6786
vn 0.5077 -0.3417 0.7909
vn 0.3712 -0.2504 0.8942
vn 0.4947 -0.4163 0.7628
vn 0.3664 -0.2694 0.8906
vn 0.1783 -0.0629 0.9820
vn 0.3811 -0.2293 0.8957
vn 0.2228 -0.0339 0.9743
vn -0.0131 0.1747 0.9845
vn 0.2535 -0.0560 0.9657
vn 0.0130 0.1337 0.9909
vn -0.2393 0.3185 0.9172
vn -0.0052 0.0652 0.9979
vn -0.2676 0.2933 0.9178
vn -0.4968 0.4831 0.7210
vn -0.2843 0.2974 0.9115
vn -0.5108 0.4624 0.7248
vn -0.6855 0.5555 0.4706
vn -0.4905 0.4862 0.7232
vn -0.6609 0.5852 0.4698
vn -0.7718 0.6179 0.1502
vn -0.6555 0.6093 0.4462
vn -0.7492 0.6461 0.1458
vn -0.7818 0.6092 -0.1329
vn -0.7655 0.6300 0.1311
vn -0.7874 0.6036 -0.1249
vn -0.7700 0.5207 -0.3688
vn -0.7912 0.5967 -0.1340
vn -0.7598 0.5333 -0.3719
vn -0.6840 0.4134 -0.6010
vn -0.7454 0.5461 -0.3822
vn -0.6815 0.4268 -0.5944
vn -0.5747 0.2451 -0.7808
vn -0.6827 0.4369 -0.5857
vn -0.5865 0.2748 -0.7619
vn -0.4198 0.0555 -0.9059
vn -0.5617 0.3419 -0.7534
vn -0.3979 0.1177 -0.9098
vn -0.1323 -0.1537 -0.9792
vn -0.3798 0.1654 -0.9102
vn -0.0729 -0.0746 -0.9945
vn 0.1573 -0.2596 -0.9528
vn -0.0197 -0.0325 -0.9993
vn 0.1428 -0.1885 -0.9716
vn 0.2581 -0.3467 -0.9018
vn 0.0661 -0.1805 -0.9814
vn 0.2134 -0.3278 -0.9203
vn 0.3833 -0.4680 -0.7963
vn 0.2375 -0.2759 -0.9314
vn 0.3860 -0.4254 -0.8185
vn 0.5125 -0.5543 -0.6558
vn 0.3735 -0.3797 -0.8463
vn 0.5041 -0.5397 -0.6743
vn 0.6044 -0.6484 -0.4628
vn 0.5070 -0.5120 -0.6934
vn 0.5960 -0.6370 -0.4889
vn 0.6375 -0.7069 -0.3064
vn 0.5977 -0.6008 -0.5308
vn 0.6489 -0.6868 -0.3274
vn 0.6866 -0.7242 -0.0642
vn 0.6522 -0.6663 -0.3615
vn 0.6849 -0.7243 -0.0789
vn 0.6839 -0.6844 0.2526
vn 0.6805 -0.7235 -0.1164
vn 0.6747 -0.6864 0.2712
vn 0.6495 -0.5508 0.5242
vn 0.6692 -0.6842 0.2898
vn 0.6269 -0.5145 0.5850
vn 0.6323 -0.4229 0.6491
vn 0.5494 -0.5530 0.6263
vn 0.5187 -0.5110 0.6855
vn 0.4811 -0.4603 0.7461
vn 0.4414 -0.6738 0.5926
vn 0.6082 -0.7655 0.2098
vn -0.6683 -0.7383 -0.0915
vn -0.6201 -0.7514 0.2253
vn 0.6468 -0.7062 0.2881
vn 0.6469 -0.7176 -0.2581
vn 0.5938 -0.7410 -0.3135
vn 0.6723 -0.7178 -0.1810
vn 0.6370 -0.6012 -0.4824
vn 0.5886 -0.5979 -0.5442
vn 0.6492 -0.6379 -0.4143
vn 0.6042 -0.5228 -0.6014
vn 0.5982 -0.4811 -0.6409
vn 0.5979 -0.5672 -0.5664
vn 0.5116 -0.4627 -0.7240
vn 0.5359 -0.4178 -0.7337
vn 0.5091 -0.4845 -0.7114
vn 0.3722 -0.3630 -0.8542
vn 0.3819 -0.3610 -0.8508
vn 0.3651 -0.3614 -0.8580
vn 0.2221 -0.2325 -0.9469
vn 0.2181 -0.2534 -0.9424
vn 0.2511 -0.2248 -0.9415
vn 0.1111 -0.0806 -0.9905
vn 0.0756 -0.1004 -0.9921
vn 0.0773 -0.1284 -0.9887
vn -0.0741 0.0042 -0.9972
vn -0.0417 0.0389 -0.9984
vn -0.0545 -0.0292 -0.9981
vn -0.2797 0.1835 -0.9424
vn -0.2928 0.1814 -0.9388
vn -0.3276 0.1743 -0.9286
vn -0.5977 0.3743 -0.7090
vn -0.5586 0.3819 -0.7363
vn -0.5701 0.3838 -0.7264
vn -0.6222 0.5168 -0.5880
vn -0.6783 0.5037 -0.5351
vn -0.6495 0.4747 -0.5940
vn -0.7251 0.5517 -0.4121
vn -0.6619 0.6014 -0.4475
vn -0.7417 0.5482 -0.3865
vn -0.7620 0.6196 -0.1882
vn -0.7628 0.6204 -0.1824
vn -0.7764 0.6078 -0.1666
vn -0.7588 0.6438 0.0987
vn -0.7301 0.6776 0.0881
vn -0.7757 0.6212 0.1114
vn -0.6803 0.6089 0.4079
vn -0.6487 0.6458 0.4026
vn -0.6848 0.5941 0.4220
vn -0.4950 0.4965 0.7131
vn -0.4656 0.5222 0.7145
vn -0.4925 0.4983 0.7135
vn -0.2466 0.3305 0.9110
vn -0.2315 0.3452 0.9095
vn -0.2535 0.3318 0.9086
vn 0.0253 0.1258 0.9917
vn 0.0436 0.1346 0.9899
vn -0.0116 0.0629 0.9980
vn 0.2176 -0.1579 0.9632
vn 0.2652 -0.0822 0.9607
vn 0.2385 -0.1326 0.9621
vn 0.4052 -0.2581 0.8770
vn 0.3819 -0.3174 0.8680
vn 0.4106 -0.1994 0.8897
vn 0.4998 -0.3227 0.8038
vn 0.5076 -0.3285 0.7965
vn 0.4654 -0.4091 0.7849
vn 0.4947 -0.5408 0.6803
vn 0.5399 -0.4357 0.7202
vn 0.5803 -0.4923 0.6487
vn 0.6512 -0.5415 0.5316
vn 0.5054 -0.6427 0.5757
vn 0.7014 -0.4135 0.5806
vn 0.7687 -0.4112 0.4899
vn 0.7054 -0.5626 0.4311
vn 0.7426 -0.5891 0.3187
vn 0.4857 -0.7718 0.4104
vn 0.5031 -0.7194 0.4789
vn 0.8375 -0.4456 0.3163
vn 0.8474 -0.5254 0.0764
vn 0.7614 -0.6312 0.1476
vn 0.7391 -0.6723 -0.0425
vn 0.5351 -0.8399 -0.0908
vn 0.5018 -0.8488 0.1662
vn 0.7809 -0.6073 -0.1459
vn 0.7097 -0.6557 -0.2578
vn 0.7030 -0.6905 -0.1705
vn 0.6323 -0.7022 -0.3273
vn 0.5723 -0.7495 -0.3328
vn 0.5748 -0.7967 -0.1867
vn 0.6233 -0.6804 -0.3854
vn 0.4686 -0.6569 -0.5907
vn 0.4958 -0.6765 -0.5446
vn 0.3175 -0.6176 -0.7195
vn 0.3992 -0.6141 -0.6808
vn 0.5057 -0.6778 -0.5337
vn 0.2984 -0.5792 -0.7586
vn 0.1181 -0.4509 -0.8847
vn 0.1094 -0.5314 -0.8400
vn -0.1097 -0.4096 -0.9057
vn -0.0147 -0.4193 -0.9077
vn 0.2313 -0.5430 -0.8072
vn -0.0687 -0.3001 -0.9514
vn -0.2224 -0.1801 -0.9582
vn -0.2830 -0.2732 -0.9194
vn -0.4315 -0.1132 -0.8950
vn -0.4380 -0.0831 -0.8951
vn -0.2455 -0.2653 -0.9324
vn -0.3853 -0.0497 -0.9215
vn -0.5687 0.1301 -0.8122
vn -0.5974 0.0948 -0.7963
vn -0.7243 0.2851 -0.6278
vn -0.7192 0.3030 -0.6253
vn -0.5992 0.1252 -0.7908
vn -0.7028 0.3020 -0.6441
vn -0.7827 0.4496 -0.4304
vn -0.8022 0.4359 -0.4079
vn -0.8285 0.5400 -0.1481
vn -0.8021 0.4360 -0.4081
vn -0.8012 0.5687 -0.1861
vn -0.7634 0.6405 0.0834
vn -0.7072 0.3240 -0.6284
vn -0.5784 0.1748 -0.7968
vn -0.5850 0.1667 -0.7937
vn -0.3758 -0.0325 -0.9261
vn -0.3983 -0.0332 -0.9167
vn -0.1061 -0.2705 -0.9568
vn -0.1470 -0.2431 -0.9588
vn 0.1301 -0.4631 -0.8767
vn 0.1142 -0.4137 -0.9032
vn 0.2645 -0.5879 -0.7645
vn 0.3214 -0.5390 -0.7786
vn 0.3398 -0.6706 -0.6594
vn 0.4250 -0.6091 -0.6696
vn 0.4114 -0.7211 -0.5575
vn 0.4810 -0.6692 -0.5664
vn 0.4772 -0.7465 -0.4637
vn 0.5157 -0.7413 -0.4296
vn 0.5297 -0.7625 -0.3715
vn 0.5107 -0.8002 -0.3143
vn 0.5771 -0.7607 -0.2972
vn 0.4799 -0.8396 -0.2544
vn 0.6880 -0.7149 0.1250
vn 0.5117 -0.8499 0.1254
vn 0.6605 -0.5420 0.5196
vn 0.5105 -0.7025 0.4958
vn 0.6446 -0.4868 0.5896
vn 0.5375 -0.6280 0.5628
vn 0.6182 -0.4326 0.6562
vn 0.5467 -0.5362 0.6432
vn 0.5791 -0.3882 0.7169
vn 0.6122 -0.4782 0.6297
vn 0.5522 -0.4511 0.7011
vn 0.4784 -0.3980 0.7828
vn 0.5649 -0.4519 0.6904
vn 0.5124 -0.3648 0.7774
vn 0.4341 -0.2570 0.8634
vn 0.5655 -0.2791 0.7761
vn 0.4922 -0.1846 0.8507
vn 0.3186 -0.0509 0.9465
vn 0.4909 -0.2051 0.8467
vn 0.3352 -0.0729 0.9393
vn 0.0619 0.1429 0.9878
vn 0.3470 -0.0250 0.9375
vn 0.1130 0.1936 0.9746
vn -0.1853 0.3784 0.9069
vn 0.1756 0.2239 0.9587
vn -0.1251 0.4067 0.9050
vn -0.4320 0.5681 0.7005
vn -0.1090 0.4083 0.9063
vn -0.4117 0.5977 0.6879
vn -0.6162 0.6796 0.3981
vn -0.4090 0.6066 0.6817
vn -0.6023 0.6935 0.3955
vn -0.7204 0.6863 0.1004
vn -0.6232 0.6668 0.4087
vn -0.7069 0.6978 0.1155
vn -0.7132 0.6719 -0.1997
vn -0.7116 0.6966 0.0920
vn -0.6912 0.6914 -0.2102
vn -0.6769 0.6075 -0.4156
vn -0.7988 0.5762 -0.1729
vn -0.7785 0.5185 -0.3536
vn -0.7186 0.4711 -0.5115
vn -0.8113 0.4593 -0.3616
vn -0.7095 0.4355 -0.5541
vn -0.5423 0.3597 -0.7593
vn -0.7034 0.4086 -0.5816
vn -0.5405 0.3068 -0.7834
vn -0.2720 0.1692 -0.9473
vn -0.4720 0.3228 -0.8204
vn -0.2280 0.1641 -0.9597
vn -0.0572 0.0288 -0.9979
vn -0.2448 0.1610 -0.9561
vn -0.1060 0.0075 -0.9943
vn 0.0463 -0.1287 -0.9906
vn -0.1344 -0.0016 -0.9909
vn 0.0431 -0.1398 -0.9892
vn 0.2273 -0.2633 -0.9375
vn 0.0420 -0.1370 -0.9897
vn 0.2479 -0.2582 -0.9337
vn 0.4188 -0.3393 -0.8423
vn 0.2797 -0.2544 -0.9258
vn 0.4456 -0.3358 -0.8298
vn 0.5412 -0.3953 -0.7422
vn 0.3899 -0.3749 -0.8411
vn 0.4691 -0.4482 -0.7610
vn 0.5322 -0.5051 -0.6794
vn 0.3088 -0.5335 -0.7874
vn 0.3810 -0.6075 -0.6969
vn 0.4834 -0.6751 -0.5573
vn -0.5668 -0.5492 -0.6141
vn -0.4919 -0.4558 -0.7418
vn -0.8328 -0.2342 -0.5016
vn -0.9242 -0.2145 -0.3160
vn 0.2556 -0.4287 -0.8666
vn 0.1917 -0.3412 -0.9202
vn -0.3861 -0.4074 -0.8276
vn 0.2732 -0.2838 -0.9192
vn 0.0715 -0.1638 -0.9839
vn 0.0333 -0.2203 -0.9749
vn 0.0578 -0.1370 -0.9889
vn -0.1630 0.0107 -0.9866
vn -0.1831 -0.0047 -0.9831
vn -0.1472 -0.0022 -0.9891
vn -0.3351 0.1592 -0.9286
vn -0.3622 0.1729 -0.9159
vn -0.2998 0.1545 -0.9414
vn -0.4811 0.3400 -0.8081
vn -0.5199 0.3277 -0.7889
vn -0.4334 0.3536 -0.8289
vn -0.6060 0.4965 -0.6215
vn -0.6219 0.4869 -0.6133
vn -0.6609 0.4526 -0.5987
vn -0.7520 0.5582 -0.3507
vn -0.7381 0.5707 -0.3599
vn -0.7766 0.5046 -0.3772
vn -0.7929 0.5969 -0.1223
vn -0.7682 0.6320 -0.1022
vn -0.8498 0.5102 -0.1322
vn -0.8023 0.5813 0.1358
vn -0.7473 0.6432 0.1669
vn -0.7853 0.6129 0.0872
vn -0.7252 0.5828 0.3666
vn -0.6840 0.6150 0.3925
vn -0.6840 0.6143 0.3935
vn -0.5974 0.4727 0.6478
vn -0.6265 0.4823 0.6122
vn -0.4703 0.5621 0.6804
vn -0.3205 0.3841 0.8658
vn -0.4632 0.3122 0.8294
vn -0.1780 0.4001 0.8990
vn -0.0279 0.1412 0.9896
vn -0.2232 0.1565 0.9621
vn 0.1501 0.1905 0.9701
vn 0.2865 0.0287 0.9576
vn 0.0501 -0.0877 0.9949
vn 0.3620 0.0548 0.9306
vn 0.4547 -0.1414 0.8794
vn 0.3606 -0.1168 0.9254
vn 0.4653 -0.2173 0.8580
vn 0.5311 -0.3388 0.7766
vn 0.4831 -0.3214 0.8144
vn 0.5727 -0.2779 0.7713
vn 0.6238 -0.3397 0.7039
vn 0.5686 -0.3941 0.7221
vn 0.6075 -0.3803 0.6973
vn 0.6345 -0.4986 0.5907
vn 0.6433 -0.4212 0.6393
vn 0.6204 -0.5248 0.5828
vn 0.6676 -0.5588 0.4920
vn 0.6391 -0.5889 0.4946
vn 0.6684 -0.4927 0.5573
vn 0.7167 -0.5018 0.4843
vn 0.7005 -0.5671 0.4333
vn 0.7275 -0.6512 0.2158
vn 0.6399 -0.7289 0.2435
vn 0.6317 -0.6338 0.4464
vn 0.7606 -0.6240 0.1792
vn 0.6654 -0.7180 -0.2044
vn 0.6758 -0.7315 -0.0906
vn 0.6002 -0.7618 -0.2437
vn 0.5823 -0.7889 -0.1963
vn 0.6141 -0.7875 -0.0513
vn 0.5745 -0.7498 -0.3282
vn 0.4988 -0.7630 -0.4111
vn 0.5310 -0.7715 -0.3504
vn 0.4376 -0.7482 -0.4987
vn 0.4535 -0.7287 -0.5132
vn 0.5338 -0.7754 -0.3374
vn 0.4057 -0.7537 -0.5171
vn 0.2868 -0.6946 -0.6598
vn 0.3061 -0.6799 -0.6663
vn 0.1685 -0.5771 -0.7991
vn 0.1969 -0.5458 -0.8144
vn 0.3442 -0.6545 -0.6732
vn 0.1858 -0.6007 -0.7776
vn 0.0814 -0.4743 -0.8766
vn 0.0411 -0.4440 -0.8951
vn -0.1155 -0.2688 -0.9562
vn 0.0387 -0.4124 -0.9102
vn -0.1015 -0.2816 -0.9542
vn -0.3542 -0.0348 -0.9345
vn 0.2054 -0.5382 -0.8174
vn 0.3451 -0.6356 -0.6906
vn 0.3454 -0.6467 -0.6801
vn 0.4483 -0.7093 -0.5441
vn 0.4479 -0.7201 -0.5299
vn 0.5203 -0.7578 -0.3937
vn 0.5239 -0.7704 -0.3633
vn 0.5638 -0.7844 -0.2585
vn 0.5628 -0.7975 -0.2173
vn 0.5895 -0.7969 -0.1324
vn 0.5787 -0.8107 -0.0891
vn 0.6310 -0.7242 0.2781
vn 0.6151 -0.7437 0.2620
vn 0.5950 -0.5470 0.5890
vn 0.6152 -0.5976 0.5143
vn 0.5996 -0.4911 0.6319
vn 0.6403 -0.5246 0.5612
vn 0.5858 -0.4286 0.6878
vn 0.5064 -0.5518 0.6627
vn 0.4763 -0.4976 0.7249
vn 0.4746 -0.4312 0.7674
vn 0.4241 -0.4963 0.7575
vn 0.3948 -0.3906 0.8316
vn 0.3924 -0.2675 0.8800
vn 0.2773 -0.4388 0.8547
vn 0.1916 -0.3564 0.9145
vn 0.1158 -0.2486 0.9617
vn 0.0597 -0.4432 0.8944
vn -0.0567 -0.3035 0.9511
vn -0.1448 -0.0923 0.9851
vn 0.0297 -0.1391 0.9898
vn -0.1196 0.0253 0.9925
vn -0.2931 0.1713 0.9406
vn -0.0856 0.0236 0.9961
vn -0.3015 0.1421 0.9428
vn -0.4945 0.3207 0.8079
vn -0.3211 0.1878 0.9282
vn -0.4526 0.4377 0.7769
vn -0.5558 0.5734 0.6019
vn -0.4617 0.4929 0.7375
vn -0.5418 0.5809 0.6074
vn -0.6486 0.6292 0.4283
vn -0.5753 0.5483 0.6070
vn -0.6583 0.6140 0.4355
vn -0.7390 0.6544 0.1601
vn -0.7065 0.5525 0.4423
vn -0.7955 0.5809 0.1722
vn -0.8051 0.5843 -0.1021
vn -0.8342 0.5310 0.1486
vn -0.7970 0.5825 -0.1595
vn -0.7217 0.5719 -0.3901
vn -0.8013 0.5628 -0.2028
vn -0.7506 0.5349 -0.3880
vn -0.6664 0.4614 -0.5856
vn -0.7702 0.5034 -0.3917
vn -0.6885 0.4411 -0.5757
vn -0.5449 0.3252 -0.7729
vn -0.7035 0.4382 -0.5595
vn -0.5957 0.3059 -0.7427
vn -0.4124 0.1492 -0.8987
vn -0.6579 0.2622 -0.7060
vn -0.4448 0.0751 -0.8925
vn -0.2032 -0.0653 -0.9770
vn -0.4008 0.0605 -0.9142
vn -0.3615 -0.1527 -0.9198
vn -0.3425 -0.2913 -0.8932
vn -0.4422 -0.1276 -0.8878
vn -0.5539 -0.2401 -0.7972
vn -0.6929 -0.2657 -0.6703
vn -0.3310 -0.1119 -0.9370
vn -0.3910 -0.1343 -0.9105
vn -0.4777 -0.1612 -0.8636
vn -0.1746 -0.0605 -0.9828
vn -0.1892 -0.1063 -0.9762
vn -0.2229 -0.1495 -0.9633
vn -0.5914 -0.1971 -0.7819
vn -0.2826 -0.1628 -0.9453
vn -0.2666 -0.1062 -0.9579
vn -0.3111 -0.1068 -0.9443
vn -0.3701 -0.1056 -0.9229
vn -0.3359 -0.1592 -0.9283
vn -0.4388 -0.0949 -0.8936
vn -0.3751 -0.1544 -0.9141
vn -0.5100 -0.0892 -0.8555
vn -0.4138 -0.1541 -0.8972
vn -0.6764 -0.1422 -0.7227
vn -0.4541 -0.1373 -0.8803
vn -0.6386 -0.1383 -0.7570
vn -0.9214 -0.0566 -0.3844
vn -0.9558 -0.0320 -0.2922
vn -0.9964 0.0444 -0.0716
vn -0.9974 0.0723 -0.0044
vn -0.9946 0.0933 -0.0454
vn -0.9924 0.1145 -0.0447
vn -0.9914 0.1176 -0.0578
vn -0.9849 0.1405 -0.1007
vn -0.9825 0.0912 -0.1624
vn -0.9749 0.0806 -0.2077
vn -0.9570 0.0732 -0.2807
vn -0.9887 0.0252 -0.1479
vn -0.9943 0.0421 -0.0978
vn -0.9835 -0.0017 0.1810
vn -0.9913 -0.0026 0.1314
vn -0.8534 -0.0336 0.5202
vn -0.8739 -0.0258 0.4854
vn -0.6861 -0.0487 0.7259
vn -0.6986 -0.0465 0.7140
vn -0.7164 -0.0444 0.6963
vn -0.7237 -0.0623 0.6873
vn -0.6301 -0.0509 0.7748
vn -0.6305 -0.0479 0.7747
vn -0.6329 -0.0417 0.7731
vn -0.6215 -0.0296 0.7828
vn -0.6943 -0.0864 0.7145
vn -0.6262 -0.0391 0.7787
vn -0.6120 -0.0279 0.7904
vn -0.5941 0.0099 0.8043
vn -0.5474 0.0855 0.8325
vn -0.5737 0.0070 0.8191
vn -0.5618 0.0209 0.8270
vn -0.5153 0.0838 0.8529
vn -0.4521 0.1862 0.8723
vn -0.4494 0.2191 0.8660
vn -0.3757 0.1879 0.9075
vn -0.3212 0.2822 0.9040
vn -0.2340 0.2703 0.9339
vn -0.4361 0.1136 0.8927
vn -0.2619 0.1996 0.9442
vn -0.1082 0.2303 0.9671
vn -0.1185 0.3067 0.9444
vn -0.2754 0.1565 0.9485
vn -0.0834 0.1641 0.9829
vn 0.0278 0.1471 0.9887
vn -0.0542 0.1300 0.9900
vn 0.0421 0.1111 0.9929
vn 0.0665 0.1111 0.9916
vn 0.0519 0.1005 0.9936
vn 0.0490 0.1057 0.9932
vn 0.0292 0.1230 0.9920
vn 0.0294 0.1055 0.9940
vn 0.0087 0.1245 0.9922
vn 0.0049 0.1362 0.9907
vn 0.0091 0.1343 0.9909
vn 0.0055 0.1353 0.9908
vn -0.0065 0.1312 0.9913
vn 0.0313 0.1211 0.9921
vn 0.0051 0.1119 0.9937
vn 0.0687 0.0944 0.9932
vn 0.0332 0.0835 0.9960
vn 0.1017 0.0639 0.9928
vn 0.0786 0.0594 0.9951
vn 0.2039 0.0535 0.9775
vn 0.2237 0.0499 0.9734
vn 0.4796 0.0696 0.8747
vn 0.5070 0.0451 0.8608
vn 0.5098 0.0051 0.8603
vn 0.7260 0.0089 0.6877
vn 0.7502 0.0555 0.6589
vn 0.8025 -0.0158 0.5964
vn 0.7413 -0.0691 0.6676
vn 0.7487 -0.0992 0.6554
vn 0.8466 0.0248 0.5316
vn 0.7987 -0.0594 0.5988
vn 0.7806 -0.1152 0.6143
vn 0.8519 -0.0239 0.5231
vn 0.7942 -0.0952 0.6001
vn 0.8341 -0.0986 0.5428
vn 0.8625 -0.0932 0.4974
vn 0.9175 -0.0561 0.3937
vn 0.9366 -0.0394 0.3483
vn 0.9509 -0.0137 0.3092
vn 0.9587 -0.0023 0.2842
vn 0.9529 0.0046 0.3033
vn 0.9540 0.0159 0.2993
vn 0.9600 -0.0057 0.2800
vn 0.9556 0.0069 0.2947
vn 0.9509 0.0270 0.3084
vn 0.9894 -0.0306 0.1423
vn 0.9862 -0.0051 0.1653
vn 0.9718 -0.0803 -0.2219
vn 0.9787 -0.0433 -0.2008
vn 0.9845 -0.0475 -0.1691
vn 0.7606 -0.0720 -0.6453
vn 0.7858 -0.1111 -0.6084
vn 0.4075 -0.0916 -0.9086
vn 0.4303 -0.1324 -0.8929
vn 0.2133 -0.0939 -0.9725
vn 0.1990 -0.1079 -0.9740
vn 0.1848 -0.1043 -0.9772
vn 0.2848 -0.0808 -0.9552
vn 0.2407 -0.0849 -0.9669
vn 0.2134 -0.0867 -0.9731
vn 0.4986 -0.0637 -0.8645
vn 0.4492 -0.0758 -0.8902
vn 0.4009 -0.0769 -0.9129
vn 0.6009 -0.0286 -0.7988
vn 0.5367 -0.0284 -0.8433
vn 0.4581 -0.0399 -0.8880
vn 0.4611 0.0240 -0.8870
vn 0.4041 0.0311 -0.9142
vn 0.3206 0.0347 -0.9466
vn 0.0922 0.0876 -0.9919
vn 0.0518 0.1020 -0.9934
vn 0.0195 0.1222 -0.9923
vn -0.2348 0.1015 -0.9667
vn -0.1994 0.1178 -0.9728
vn -0.1573 0.1614 -0.9743
vn -0.2329 0.0853 -0.9687
vn -0.1907 0.1347 -0.9724
vn -0.1585 0.1946 -0.9680
vn -0.2454 0.1174 -0.9623
vn -0.2424 0.1851 -0.9523
vn -0.2009 0.1190 -0.9724
vn -0.1929 0.1894 -0.9628
vn -0.1727 0.2464 -0.9537
vn 0.0584 0.1932 -0.9794
vn 0.0725 0.2371 -0.9688
vn 0.2165 0.1887 -0.9579
vn 0.0441 0.1258 -0.9911
vn 0.2170 0.1236 -0.9683
vn 0.2442 0.1268 -0.9614
vn 0.2274 0.1942 -0.9542
vn 0.1773 0.1383 -0.9744
vn 0.1520 0.2053 -0.9668
vn 0.0372 0.1423 -0.9891
vn 0.0157 0.2107 -0.9774
vn -0.1368 0.1174 -0.9836
vn -0.1393 0.1986 -0.9701
vn -0.1717 0.2953 -0.9398
vn -0.2246 0.1671 -0.9600
vn -0.2240 0.2769 -0.9344
vn -0.2584 0.4081 -0.8756
vn -0.1814 0.2682 -0.9461
vn -0.2647 0.4359 -0.8602
vn -0.3668 0.5664 -0.7380
vn -0.2801 0.4832 -0.8295
vn -0.3622 0.5955 -0.7171
vn -0.3828 0.6852 -0.6196
vn -0.2677 0.6342 -0.7254
vn -0.2868 0.7179 -0.6344
vn -0.3282 0.8367 -0.4385
vn -0.1903 0.7599 -0.6216
vn -0.2905 0.8607 -0.4182
vn -0.3861 0.9215 -0.0411
vn -0.5919 0.7299 -0.3419
vn -0.6315 0.7750 -0.0235
vn -0.5992 0.7408 0.3035
vn -0.8142 0.5802 -0.0211
vn -0.7689 0.5858 0.2561
vn -0.6847 0.5125 0.5183
vn -0.7891 0.5570 0.2590
vn -0.7045 0.4792 0.5235
vn -0.5756 0.3630 0.7327
vn -0.7256 0.4253 0.5410
vn -0.5977 0.3443 0.7240
vn -0.4194 0.2616 0.8693
vn -0.6573 0.3155 0.6844
vn -0.4568 0.2493 0.8539
vn -0.1566 0.1106 0.9815
vn -0.4762 0.2518 0.8425
vn -0.1783 0.0942 0.9795
vn 0.1414 -0.0932 0.9856
vn -0.1657 0.1131 0.9797
vn 0.1342 -0.1000 0.9859
vn 0.3524 -0.2520 0.9013
vn 0.0890 -0.1517 0.9844
vn 0.2923 -0.2877 0.9120
vn 0.4431 -0.3580 0.8219
vn 0.1939 -0.3241 0.9259
vn 0.3644 -0.3804 0.8500
vn 0.5350 -0.4721 0.7006
vn 0.3335 -0.3522 0.8745
vn 0.5090 -0.4736 0.7188
vn 0.6354 -0.5736 0.5169
vn 0.5103 -0.4743 0.7173
vn 0.6265 -0.5799 0.5208
vn 0.6994 -0.6330 0.3319
vn 0.5706 -0.6205 0.5380
vn 0.6648 -0.6517 0.3651
vn 0.7226 -0.6745 0.1512
vn 0.6256 -0.6530 0.4268
vn 0.7100 -0.6853 0.1624
vn 0.7046 -0.6962 -0.1370
vn 0.6924 -0.6962 0.1894
vn 0.6849 -0.7083 -0.1710
vn 0.6425 -0.7005 -0.3106
vn 0.6409 -0.7469 -0.1773
vn 0.6108 -0.7274 -0.3126
vn 0.5618 -0.7005 -0.4401
vn 0.5780 -0.7627 -0.2904
vn 0.5378 -0.7295 -0.4226
vn 0.4694 -0.6767 -0.5672
vn 0.6028 -0.7821 -0.1581
vn 0.6464 -0.7256 0.2358
vn 0.6223 -0.7342 0.2715
vn 0.5465 -0.6148 0.5686
vn 0.5388 -0.5808 0.6102
vn 0.4889 -0.5814 0.6504
vn 0.5941 -0.6305 0.4995
vn 0.5051 -0.5966 0.6237
vn 0.3868 -0.5200 0.7616
vn 0.5159 -0.6316 0.5788
vn 0.3707 -0.5897 0.7175
vn 0.2109 -0.5320 0.8201
vn 0.4516 -0.5536 0.6997
vn 0.3148 -0.4507 0.8353
vn 0.1686 -0.3058 0.9371
vn 0.3735 -0.3260 0.8685
vn 0.2357 -0.1761 0.9557
vn 0.0901 -0.0600 0.9941
vn 0.1708 -0.2612 0.9500
vn 0.0130 -0.1844 0.9828
vn -0.1468 -0.0581 0.9875
vn 0.0082 -0.2293 0.9733
vn -0.1857 -0.0168 0.9825
vn -0.3554 0.2824 0.8910
vn -0.1665 0.0864 0.9822
vn -0.3880 0.3275 0.8615
vn -0.5166 0.4776 0.7106
vn -0.4395 0.3066 0.8443
vn -0.5902 0.4280 0.6844
vn -0.6412 0.4995 0.5825
vn -0.6645 0.3451 0.6628
vn -0.7420 0.3928 0.5433
vn -0.7909 0.4459 0.4190
vn -0.7681 0.3537 0.5337
vn -0.8298 0.4339 0.3509
vn -0.8423 0.5341 0.0722
vn -0.8125 0.5060 0.2894
vn -0.8397 0.5429 0.0117
vn -0.8160 0.5345 -0.2202
vn -0.8146 0.5797 -0.0175
vn -0.7918 0.5586 -0.2472
vn -0.7545 0.5157 -0.4059
vn -0.8117 0.5272 -0.2514
vn -0.7878 0.4745 -0.3926
vn -0.7543 0.4089 -0.5137
vn -0.5164 0.6657 -0.5387
vn -0.4651 0.5788 -0.6698
vn -0.4413 0.3740 -0.8158
vn -0.1409 0.6632 -0.7351
vn -0.1799 0.4935 -0.8510
vn -0.3108 0.1678 -0.9355
vn -0.2546 0.5195 -0.8156
vn -0.2536 0.2661 -0.9300
vn -0.2823 -0.0057 -0.9593
vn -0.1699 0.2805 -0.9447
vn -0.1283 0.0894 -0.9877
vn -0.1482 -0.0131 -0.9889
vn -0.1637 0.1341 -0.9774
vn -0.1873 0.0365 -0.9816
vn -0.2177 -0.0333 -0.9754
vn -0.2381 0.0744 -0.9684
vn -0.2640 0.0024 -0.9645
vn -0.3059 -0.0454 -0.9510
vn -0.2401 -0.0829 -0.9672
vn -0.3661 -0.0557 -0.9289
vn -0.1978 0.0099 -0.9802
vn -0.2411 0.0009 -0.9705
vn -0.2771 0.0006 -0.9608
vn -0.4307 -0.0442 -0.9014
vn -0.2971 -0.0116 -0.9548
vn -0.4838 -0.0414 -0.8742
vn -0.3143 0.0138 -0.9492
vn -0.5338 -0.0247 -0.8452
vn -0.3339 0.0189 -0.9424
vn -0.5782 -0.0199 -0.8156
vn -0.3368 -0.0117 -0.9415
vn -0.6104 -0.0218 -0.7918
vn -0.5770 -0.0780 -0.8130
vn -0.6330 -0.0087 -0.7741
vn -0.6364 -0.0606 -0.7690
vn -0.4924 -0.1271 -0.8611
vn -0.6899 -0.0381 -0.7229
vn -0.5442 -0.1199 -0.8303
vn -0.5935 -0.1557 -0.7896
vn -0.6125 -0.1315 -0.7795
vn -0.8611 -0.0966 -0.4992
vn -0.8896 -0.0560 -0.4533
vn -0.9867 -0.0072 -0.1624
vn -0.9915 0.0261 -0.1277
vn -0.9984 0.0269 -0.0492
vn -0.9970 0.0593 -0.0488
vn -0.9983 0.0127 -0.0564
vn -0.9951 0.0418 -0.0896
vn -0.9891 0.0776 -0.1254
vn -1.0000 -0.0008 -0.0015
vn -0.9983 0.0285 -0.0499
vn -0.9641 -0.0388 0.2628
vn -0.9745 -0.0185 0.2235
vn -0.8251 -0.0515 0.5627
vn -0.8371 -0.0418 0.5455
vn -0.6804 -0.0424 0.7316
vn -0.6806 -0.0445 0.7313
vn -0.6792 -0.0202 0.7337
vn -0.6546 -0.0318 0.7553
vn -0.6378 -0.0455 0.7688
vn -0.7272 0.0007 0.6865
vn -0.6877 -0.0199 0.7257
vn -0.6515 -0.0328 0.7579
vn -0.7168 0.0352 0.6964
vn -0.6628 0.0180 0.7486
vn -0.6086 0.0049 0.7935
vn -0.5456 0.0904 0.8332
vn -0.4937 0.0891 0.8651
vn -0.2808 0.1360 0.9501
vn -0.5862 0.1002 0.8039
vn -0.2864 0.1297 0.9493
vn -0.0322 0.1160 0.9927
vn -0.2906 0.1193 0.9494
vn -0.0193 0.1034 0.9945
vn 0.0548 0.0946 0.9940
vn -0.0152 0.0918 0.9957
vn 0.0502 0.0899 0.9947
vn 0.0079 0.1063 0.9943
vn 0.0420 0.0880 0.9952
vn -0.0150 0.1059 0.9943
vn -0.0349 0.1266 0.9913
vn -0.0130 0.1265 0.9919
vn -0.0121 0.1389 0.9902
vn -0.0023 0.1387 0.9903
vn 0.0083 0.1429 0.9897
vn 0.0097 0.1421 0.9898
vn 0.0619 0.1352 0.9889
vn 0.0496 0.1339 0.9898
vn 0.1413 0.1104 0.9838
vn 0.1067 0.1069 0.9885
vn 0.1794 0.0737 0.9810
vn 0.1382 0.0681 0.9881
vn 0.2114 0.0413 0.9765
vn 0.1966 0.0433 0.9795
vn 0.4088 0.0376 0.9118
vn 0.4423 0.0540 0.8952
vn 0.7239 0.0613 0.6872
vn 0.7491 0.0649 0.6592
vn 0.8710 0.0518 0.4886
vn 0.6882 0.0509 0.7237
vn 0.8758 0.0707 0.4775
vn 0.8945 0.0277 0.4463
vn 0.8619 0.0826 0.5004
vn 0.9158 0.0786 0.3939
vn 0.8711 0.0137 0.4909
vn 0.8278 -0.0524 0.5585
vn 0.8304 -0.0555 0.5544
vn 0.8203 -0.0888 0.5650
vn 0.8776 -0.0670 0.4746
vn 0.8958 -0.0665 0.4396
vn 0.9273 -0.0360 0.3726
vn 0.9403 -0.0263 0.3393
vn 0.9485 -0.0134 0.3163
vn 0.9514 -0.0056 0.3080
vn 0.9676 -0.0256 0.2511
vn 0.9636 -0.0145 0.2670
vn 0.9960 -0.0751 0.0494
vn 0.9944 -0.0637 0.0844
vn 0.9920 -0.0491 0.1167
vn 0.9472 -0.1340 -0.2912
vn 0.9596 -0.1182 -0.2555
vn 0.7020 -0.1622 -0.6935
vn 0.7123 -0.1593 -0.6836
vn 0.7344 -0.1153 -0.6688
vn 0.3745 -0.1399 -0.9166
vn 0.3783 -0.1125 -0.9188
vn 0.2523 -0.0961 -0.9629
vn 0.2229 -0.0925 -0.9705
vn 0.4399 -0.0578 -0.8962
vn 0.3805 -0.0734 -0.9218
vn 0.3316 -0.0816 -0.9399
vn 0.6600 -0.0437 -0.7500
vn 0.6090 -0.0542 -0.7913
vn 0.5552 -0.0496 -0.8302
vn 0.7247 -0.0195 -0.6888
vn 0.7002 -0.0105 -0.7139
vn 0.6586 -0.0178 -0.7523
vn 0.5793 0.0239 -0.8148
vn 0.5450 0.0379 -0.8376
vn 0.4992 0.0258 -0.8661
vn 0.1661 0.0744 -0.9833
vn 0.1471 0.0573 -0.9875
vn 0.1244 0.0600 -0.9904
vn -0.2535 0.0660 -0.9651
vn -0.2590 0.0697 -0.9634
vn -0.2545 0.0931 -0.9626
vn -0.3923 0.0523 -0.9183
vn -0.3440 0.0591 -0.9371
vn -0.2842 0.0657 -0.9565
vn -0.3122 0.0170 -0.9499
vn -0.2722 0.0334 -0.9616
vn -0.2528 0.0654 -0.9653
vn -0.2289 0.0189 -0.9733
vn -0.2125 0.0598 -0.9753
vn -0.0087 0.0110 -0.9999
vn 0.0226 0.0566 -0.9981
vn 0.2025 0.0004 -0.9793
vn 0.2122 0.0491 -0.9760
vn 0.2749 0.0056 -0.9615
vn 0.2583 0.0524 -0.9646
vn 0.2421 0.0265 -0.9699
vn 0.2086 0.0709 -0.9754
vn 0.0604 0.0393 -0.9974
vn 0.0503 0.0820 -0.9954
vn -0.1602 0.0526 -0.9857
vn 0.2693 0.0135 -0.9630
vn 0.0635 0.0250 -0.9977
vn 0.2887 0.0051 -0.9574
vn 0.0656 0.0137 -0.9978
vn 0.2949 -0.0049 -0.9555
vn 0.0655 -0.0074 -0.9978
vn 0.2994 0.0037 -0.9541
vn 0.0658 0.0170 -0.9977
vn 0.3098 0.0016 -0.9508
vn 0.0771 0.0178 -0.9969
vn 0.3081 -0.0141 -0.9513
vn 0.0792 -0.0200 -0.9967
vn 0.2942 -0.0148 -0.9556
vn 0.0750 -0.0221 -0.9969
vn -0.3284 -0.0093 -0.9445
vn 0.0688 -0.0244 -0.9973
vn -0.3156 -0.0154 -0.9488
vn -0.6412 -0.0015 -0.7674
vn -0.3083 -0.0303 -0.9508
vn -0.6329 -0.0091 -0.7742
vn -0.7270 -0.0154 -0.6864
vn -0.6177 -0.0111 -0.7863
vn -0.7423 0.0033 -0.6701
vn -0.6773 -0.0438 -0.7344
vn -0.6128 -0.0882 -0.7853
vn -0.6409 -0.1202 -0.7581
vn -0.6017 -0.1591 -0.7827
vn -0.8215 -0.1403 -0.5526
vn -0.8359 -0.1444 -0.5296
vn -0.9673 -0.0888 -0.2377
vn -0.9786 -0.0635 -0.1957
vn -0.9964 -0.0418 -0.0731
vn -0.9983 -0.0128 -0.0561
vn -0.9994 -0.0327 -0.0126
vn -0.9995 -0.0106 -0.0302
vn -0.9913 -0.0472 0.1229
vn -0.9957 -0.0337 0.0866
vn -0.9987 -0.0224 0.0459
vn -0.9418 -0.0560 0.3314
vn -0.9530 -0.0526 0.2984
vn -0.8048 -0.0591 0.5906
vn -0.8145 -0.0584 0.5772
vn -0.6958 -0.0395 0.7171
vn -0.6849 -0.0439 0.7274
vn -0.7455 -0.0050 0.6665
vn -0.7092 -0.0174 0.7048
vn -0.8440 0.0445 0.5345
vn -0.8054 0.0291 0.5921
vn -0.7661 0.0199 0.6424
vn -0.8191 0.0802 0.5680
vn -0.7941 0.0664 0.6042
vn -0.7616 0.0502 0.6461
vn -0.6363 0.1019 0.7647
vn -0.6169 0.1016 0.7805
vn -0.2909 0.1067 0.9508
vn -0.6450 0.1121 0.7559
vn -0.2883 0.1093 0.9513
vn -0.0127 0.0902 0.9958
vn -0.2813 0.1162 0.9526
vn -0.0037 0.0895 0.9960
vn 0.0358 0.0822 0.9960
vn 0.0105 0.0859 0.9962
vn 0.0357 0.0765 0.9964
vn -0.0629 0.0937 0.9936
vn -0.0387 0.1001 0.9942
vn -0.0806 0.1163 0.9899
vn -0.0575 0.1220 0.9909
vn -0.0321 0.1269 0.9914
vn -0.0229 0.1343 0.9907
vn 0.0082 0.1275 0.9918
vn 0.0076 0.1364 0.9906
vn 0.0776 0.1206 0.9897
vn 0.0710 0.1283 0.9892
vn 0.1857 0.1027 0.9772
vn 0.1667 0.1086 0.9800
vn 0.2523 0.0741 0.9648
vn 0.2185 0.0764 0.9728
vn 0.2685 0.0412 0.9624
vn 0.2378 0.0411 0.9704
vn 0.3799 0.0221 0.9248
vn 0.3882 0.0271 0.9212
vn 0.6500 0.0434 0.7587
vn 0.3830 0.0224 0.9235
vn 0.6103 0.0413 0.7911
vn 0.8379 0.0902 0.5384
vn 0.5761 0.0377 0.8165
vn 0.8091 0.0873 0.5811
vn 0.9178 0.1213 0.3780
vn 0.9212 0.1075 0.3738
vn 0.9227 0.1090 0.3698
vn 0.9051 0.0678 0.4199
vn 0.8927 0.0546 0.4474
vn 0.8608 -0.0059 0.5089
vn 0.8818 -0.0002 0.4716
vn 0.8716 -0.0480 0.4879
vn 0.9083 -0.0210 0.4177
vn 0.9144 -0.0377 0.4031
vn 0.9436 -0.0268 0.3299
vn 0.9451 -0.0224 0.3260
vn 0.9757 -0.0486 0.2136
vn 0.9721 -0.0375 0.2317
vn 0.9961 -0.0881 -0.0014
vn 0.9967 -0.0789 0.0204
vn 0.9279 -0.1246 -0.3513
vn 0.9340 -0.1193 -0.3367
vn 0.9392 -0.1304 -0.3178
vn 0.6968 -0.1322 -0.7049
vn 0.7001 -0.1458 -0.6990
vn 0.4132 -0.1100 -0.9040
vn 0.4019 -0.1172 -0.9082
vn 0.3878 -0.1340 -0.9119
vn 0.3367 -0.0811 -0.9381
vn 0.2957 -0.0902 -0.9510
vn 0.5502 -0.0494 -0.8336
vn 0.4971 -0.0496 -0.8663
vn 0.7650 -0.0141 -0.6439
vn 0.7366 -0.0146 -0.6762
vn 0.7037 -0.0229 -0.7101
vn 0.7844 0.0117 -0.6201
vn 0.7686 0.0102 -0.6396
vn 0.7466 -0.0076 -0.6652
vn 0.5894 0.0444 -0.8066
vn 0.5856 0.0132 -0.8105
vn 0.5885 -0.0009 -0.8085
vn 0.1953 0.0226 -0.9805
vn 0.1916 0.0146 -0.9814
vn 0.1763 0.0511 -0.9830
vn -0.2409 0.0379 -0.9698
vn -0.2528 0.0626 -0.9655
vn -0.2521 0.0764 -0.9647
vn -0.4546 0.0579 -0.8888
vn -0.4402 0.0609 -0.8958
vn -0.4204 0.0555 -0.9057
vn -0.4320 0.0388 -0.9011
vn -0.4000 0.0314 -0.9160
vn -0.3599 0.0198 -0.9328
vn -0.2791 0.0104 -0.9602
vn -0.2597 -0.0017 -0.9657
vn -0.2444 -0.0049 -0.9697
vn -0.0579 -0.0076 -0.9983
vn -0.0372 -0.0113 -0.9992
vn 0.1856 -0.0112 -0.9826
vn 0.1935 -0.0171 -0.9809
vn 0.3140 -0.0071 -0.9494
vn 0.2964 -0.0076 -0.9550
vn 0.1768 0.0010 -0.9842
vn 0.3182 -0.0023 -0.9480
vn 0.1693 0.0027 -0.9856
vn 0.3152 -0.0010 -0.9490
vn 0.1643 0.0018 -0.9864
vn 0.3126 -0.0023 -0.9499
vn 0.1597 0.0028 -0.9872
vn 0.3081 -0.0040 -0.9513
vn 0.1543 0.0013 -0.9880
vn 0.3025 -0.0048 -0.9531
vn 0.1489 0.0027 -0.9889
vn 0.2963 -0.0043 -0.9551
vn 0.2805 -0.0151 -0.9597
vn 0.2890 -0.0064 -0.9573
vn 0.2684 -0.0165 -0.9632
vn 0.0570 -0.0296 -0.9979
vn 0.2555 -0.0186 -0.9666
vn 0.0432 -0.0350 -0.9985
vn -0.3062 -0.0368 -0.9513
vn 0.0270 -0.0414 -0.9988
vn -0.3003 -0.0398 -0.9530
vn -0.6002 -0.0072 -0.7998
vn -0.2915 -0.0383 -0.9558
vn -0.5833 -0.0136 -0.8121
vn -0.7365 0.0122 -0.6763
vn -0.7435 0.0176 -0.6685
vn -0.7502 0.0099 -0.6611
vn -0.7240 -0.0083 -0.6898
vn -0.7429 -0.0405 -0.6682
vn -0.6918 -0.0778 -0.7179
vn -0.8288 -0.1064 -0.5493
vn -0.8188 -0.1245 -0.5604
vn -0.9452 -0.1236 -0.3022
vn -0.9559 -0.1051 -0.2744
vn -0.9887 -0.0943 -0.1164
vn -0.9935 -0.0672 -0.0919
vn -0.9973 -0.0730 0.0024
vn -0.9986 -0.0535 -0.0020
vn -0.9803 -0.0712 0.1845
vn -0.9856 -0.0607 0.1578
vn -0.9111 -0.0703 0.4061
vn -0.9186 -0.0693 0.3890
vn -0.9292 -0.0649 0.3639
vn -0.7992 -0.0585 0.5982
vn -0.7994 -0.0604 0.5977
vn -0.7358 -0.0284 0.6767
vn -0.7134 -0.0338 0.7000
vn -0.8216 0.0103 0.5700
vn -0.7841 0.0025 0.6206
vn -0.9021 0.0517 0.4283
vn -0.8769 0.0496 0.4782
vn -0.8750 0.0903 0.4756
vn -0.8599 0.0994 0.5007
vn -0.8404 0.0954 0.5335
vn -0.6509 0.1301 0.7480
vn -0.6487 0.1249 0.7507
vn -0.2684 0.1168 0.9562
vn -0.6552 0.1145 0.7467
vn -0.2577 0.1020 0.9608
vn 0.0227 0.0757 0.9969
vn -0.2474 0.0878 0.9649
vn 0.0352 0.0607 0.9975
vn 0.0373 0.0553 0.9978
vn 0.0385 0.0687 0.9969
vn -0.1018 0.0751 0.9920
vn -0.0837 0.0838 0.9930
vn -0.1271 0.0959 0.9873
vn -0.1044 0.1038 0.9891
vn -0.0509 0.1074 0.9929
vn -0.0407 0.1151 0.9925
vn 0.0087 0.1098 0.9939
vn 0.0085 0.1161 0.9932
vn 0.0863 0.1053 0.9907
vn 0.0826 0.1100 0.9905
vn 0.2078 0.0955 0.9735
vn 0.1995 0.0969 0.9751
vn 0.3010 0.0764 0.9506
vn 0.2788 0.0759 0.9573
vn 0.3308 0.0471 0.9425
vn 0.3002 0.0459 0.9528
vn 0.3922 0.0241 0.9196
vn 0.3569 0.0465 0.9330
vn 0.4021 0.0271 0.9152
vn 0.5510 0.0345 0.8338
vn 0.4103 0.0272 0.9115
vn 0.5321 0.0319 0.8461
vn 0.7538 0.0579 0.6546
vn 0.7802 0.0730 0.6212
vn 0.8969 0.0902 0.4329
vn 0.9090 0.1134 0.4010
vn 0.9273 0.1151 0.3562
vn 0.9278 0.1292 0.3500
vn 0.9251 0.1138 0.3622
vn 0.9135 0.1049 0.3931
vn 0.9184 0.0834 0.3867
vn 0.9009 0.0534 0.4307
vn 0.9259 0.0397 0.3758
vn 0.9135 0.0105 0.4068
vn 0.9539 -0.0022 0.3001
vn 0.9467 -0.0193 0.3216
vn 0.9843 -0.0413 0.1717
vn 0.9795 -0.0520 0.1947
vn 0.9953 -0.0864 -0.0441
vn 0.9955 -0.0926 -0.0214
vn 0.9198 -0.1284 -0.3708
vn 0.9237 -0.1272 -0.3614
vn 0.6860 -0.1363 -0.7148
vn 0.6847 -0.1345 -0.7163
vn 0.6891 -0.1355 -0.7119
vn 0.4392 -0.1106 -0.8915
vn 0.4253 -0.1136 -0.8979
vn 0.4588 -0.0778 -0.8851
vn 0.4138 -0.0805 -0.9068
vn 0.3739 -0.0820 -0.9238
vn 0.6485 -0.0490 -0.7597
vn 0.6000 -0.0546 -0.7982
vn 0.8180 -0.0201 -0.5749
vn 0.7952 -0.0187 -0.6061
vn 0.8018 -0.0082 -0.5975
vn 0.8016 0.0050 -0.5978
vn 0.7950 0.0149 -0.6064
vn 0.5868 0.0094 -0.8097
vn 0.5977 0.0325 -0.8011
vn 0.5967 0.0405 -0.8014
vn 0.1815 0.0457 -0.9823
vn 0.1810 0.0676 -0.9812
vn 0.1873 0.0646 -0.9802
vn -0.2415 0.0695 -0.9679
vn -0.2267 0.0622 -0.9720
vn -0.2252 0.0384 -0.9736
vn -0.4675 0.0498 -0.8826
vn -0.4606 0.0478 -0.8863
vn -0.4596 0.0503 -0.8867
vn -0.4972 0.0390 -0.8667
vn -0.4796 0.0398 -0.8766
vn -0.4580 0.0412 -0.8880
vn -0.3388 0.0213 -0.9406
vn -0.3219 0.0209 -0.9465
vn -0.3013 0.0181 -0.9534
vn -0.0888 0.0081 -0.9960
vn -0.0805 0.0072 -0.9967
vn -0.0710 0.0034 -0.9975
vn -0.0966 0.0094 -0.9953
vn -0.3541 0.0223 -0.9350
vn -0.1043 0.0094 -0.9945
vn -0.3696 0.0172 -0.9290
vn -0.1113 0.0078 -0.9938
vn -0.3834 0.0152 -0.9235
vn -0.1169 0.0062 -0.9931
vn 0.1434 0.0002 -0.9897
vn -0.1260 0.0085 -0.9920
vn 0.1363 -0.0019 -0.9907
vn 0.2834 -0.0079 -0.9590
vn 0.1291 0.0029 -0.9916
vn 0.2758 -0.0060 -0.9612
vn 0.2398 -0.0217 -0.9706
vn 0.2654 -0.0085 -0.9641
vn 0.2229 -0.0240 -0.9746
vn 0.0112 -0.0410 -0.9991
vn 0.2076 -0.0249 -0.9779
vn 0.0008 -0.0405 -0.9992
vn -0.2870 -0.0468 -0.9568
vn -0.0106 -0.0436 -0.9990
vn -0.2904 -0.0605 -0.9550
vn -0.5554 -0.0567 -0.8297
vn -0.5696 -0.0332 -0.8212
vn -0.7113 -0.0392 -0.7018
vn -0.7238 -0.0083 -0.6899
vn -0.7681 -0.0386 -0.6391
vn -0.7607 -0.0009 -0.6491
vn -0.8167 -0.0700 -0.5728
vn -0.7855 -0.0359 -0.6178
vn -0.8739 -0.1148 -0.4723
vn -0.8517 -0.1002 -0.5143
vn -0.9364 -0.1301 -0.3260
vn -0.9391 -0.1323 -0.3173
vn -0.9774 -0.1040 -0.1842
vn -0.9827 -0.1111 -0.1485
vn -0.9973 -0.0724 -0.0101
vn -0.9965 -0.0836 -0.0007
vn -0.9728 -0.0620 0.2233
vn -0.9757 -0.0770 0.2050
vn -0.9036 -0.0588 0.4244
vn -0.9055 -0.0740 0.4178
vn -0.8319 -0.0336 0.5539
vn -0.8142 -0.0473 0.5786
vn -0.8031 -0.0521 0.5936
vn -0.7997 -0.0002 0.6004
vn -0.7654 -0.0138 0.6434
vn -0.8843 0.0425 0.4650
vn -0.8559 0.0290 0.5163
vn -0.9341 0.0724 0.3496
vn -0.9210 0.0668 0.3838
vn -0.8803 0.0948 0.4649
vn -0.8801 0.0940 0.4653
vn -0.6390 0.1011 0.7625
vn -0.6494 0.1036 0.7533
vn -0.2322 0.0781 0.9695
vn -0.6267 0.0862 0.7745
vn -0.2136 0.0663 0.9747
vn 0.0704 0.0409 0.9967
vn 0.0521 0.0456 0.9976
vn 0.0250 0.0377 0.9990
vn 0.0304 0.0430 0.9986
vn -0.1479 0.0550 0.9875
vn -0.1257 0.0700 0.9896
vn -0.1706 0.0754 0.9825
vn -0.1484 0.0955 0.9843
vn -0.0730 0.0926 0.9930
vn -0.0603 0.1062 0.9925
vn 0.0074 0.0988 0.9951
vn 0.0081 0.1081 0.9941
vn 0.0956 0.0917 0.9912
vn 0.0896 0.1047 0.9905
vn 0.2289 0.0769 0.9704
vn 0.2173 0.0928 0.9717
vn 0.3378 0.0596 0.9393
vn 0.3215 0.0720 0.9442
vn 0.3764 0.0413 0.9256
vn 0.3487 0.0453 0.9361
vn 0.3883 0.0347 0.9209
vn 0.4161 0.0268 0.9089
vn 0.3948 0.0319 0.9182
vn 0.4202 0.0269 0.9070
vn 0.5032 0.0306 0.8636
vn 0.5157 0.0332 0.8561
vn 0.7076 0.0530 0.7046
vn 0.7293 0.0567 0.6818
vn 0.8692 0.0818 0.4876
vn 0.8834 0.0811 0.4615
vn 0.9196 0.0981 0.3805
vn 0.9238 0.0991 0.3698
vn 0.9335 0.0975 0.3451
vn 0.9308 0.1019 0.3512
vn 0.9370 0.0862 0.3386
vn 0.9303 0.0859 0.3565
vn 0.9454 0.0678 0.3186
vn 0.9379 0.0563 0.3424
vn 0.9685 0.0388 0.2459
vn 0.9619 0.0201 0.2726
vn 0.9935 -0.0012 0.1139
vn 0.9894 -0.0211 0.1438
vn 0.9942 -0.0459 -0.0969
vn 0.9950 -0.0702 -0.0716
vn 0.9123 -0.0883 -0.3998
vn 0.9157 -0.1151 -0.3850
vn 0.7021 -0.1096 -0.7036
vn 0.6940 -0.1289 -0.7083
vn 0.5190 -0.0936 -0.8497
vn 0.4900 -0.1028 -0.8656
vn 0.4601 -0.1059 -0.8815
vn 0.5453 -0.0628 -0.8359
vn 0.5031 -0.0691 -0.8615
vn 0.7581 -0.0242 -0.6517
vn 0.7262 -0.0334 -0.6866
vn 0.6904 -0.0447 -0.7220
vn 0.8499 -0.0037 -0.5270
vn 0.8346 -0.0151 -0.5507
vn 0.8068 0.0204 -0.5905
vn 0.8009 0.0020 -0.5988
vn 0.5702 0.0433 -0.8204
vn 0.5682 0.0119 -0.8228
vn 0.5749 -0.0101 -0.8182
vn 0.1722 0.0205 -0.9849
vn 0.1722 -0.0054 -0.9851
vn 0.1765 0.0127 -0.9842
vn -0.2439 0.0129 -0.9697
vn -0.2491 0.0257 -0.9681
vn -0.2490 0.0511 -0.9672
vn -0.5092 0.0328 -0.8600
vn -0.4994 0.0430 -0.8653
vn -0.4834 0.0507 -0.8740
vn -0.5431 0.0311 -0.8391
vn -0.5310 0.0299 -0.8469
vn -0.5141 0.0332 -0.8571
vn -0.3938 0.0208 -0.9190
vn -0.5508 0.0274 -0.8342
vn -0.4035 0.0182 -0.9148
vn -0.1361 0.0097 -0.9907
vn -0.4152 0.0076 -0.9097
vn -0.1431 -0.0005 -0.9897
vn 0.1234 -0.0026 -0.9924
vn -0.1495 -0.0073 -0.9887
vn 0.1188 -0.0079 -0.9929
vn 0.2561 -0.0116 -0.9666
vn 0.1134 0.0001 -0.9935
vn 0.2451 -0.0082 -0.9695
vn 0.1952 -0.0236 -0.9805
vn 0.2323 -0.0037 -0.9726
vn 0.1823 -0.0196 -0.9831
vn -0.0253 -0.0419 -0.9988
vn 0.1677 -0.0196 -0.9856
vn -0.0387 -0.0435 -0.9983
vn -0.2983 -0.0617 -0.9525
vn -0.2951 -0.0592 -0.9536
vn -0.5369 -0.0674 -0.8410
vn -0.5439 -0.0619 -0.8369
vn -0.7033 -0.0651 -0.7079
vn -0.7051 -0.0576 -0.7068
vn -0.7866 -0.0670 -0.6138
vn -0.7780 -0.0644 -0.6250
vn -0.8487 -0.0730 -0.5238
vn -0.8376 -0.0848 -0.5396
vn -0.8936 -0.0729 -0.4430
vn -0.8883 -0.1034 -0.4475
vn -0.9321 -0.0600 -0.3571
vn -0.9352 -0.0983 -0.3403
vn -0.9693 -0.0380 -0.2430
vn -0.9733 -0.0684 -0.2191
vn -0.9996 -0.0177 -0.0233
vn -0.9990 -0.0393 -0.0193
vn -0.9675 -0.0104 0.2528
vn -0.9706 -0.0304 0.2388
vn -0.9009 -0.0111 0.4338
vn -0.9027 -0.0313 0.4291
vn -0.8641 0.0036 0.5033
vn -0.8495 -0.0129 0.5275
vn -0.8913 0.0404 0.4515
vn -0.8649 0.0295 0.5010
vn -0.8338 0.0135 0.5519
vn -0.9246 0.0685 0.3747
vn -0.9069 0.0558 0.4177
vn -0.9443 0.0865 0.3175
vn -0.9414 0.0791 0.3279
vn -0.8678 0.0926 0.4883
vn -0.8765 0.0890 0.4732
vn -0.6104 0.0871 0.7873
vn -0.8598 0.1148 0.4975
vn -0.5873 0.1219 0.8002
vn -0.1622 0.0901 0.9826
vn -0.1953 0.0662 0.9785
vn 0.1315 0.0429 0.9904
vn 0.0937 0.0349 0.9950
vn 0.0755 0.0036 0.9971
vn 0.0375 0.0130 0.9992
vn -0.1626 -0.0170 0.9866
vn -0.1601 0.0142 0.9870
vn -0.2427 0.0093 0.9701
vn -0.1998 0.0394 0.9790
vn -0.1327 0.0598 0.9894
vn -0.0964 0.0722 0.9927
vn 0.0045 0.0832 0.9965
vn 0.0064 0.0870 0.9962
vn 0.1263 0.0723 0.9894
vn 0.1080 0.0782 0.9911
vn 0.2577 0.0504 0.9649
vn 0.2417 0.0600 0.9685
vn 0.3553 0.0374 0.9340
vn 0.2739 0.0422 0.9608
vn 0.3588 0.0330 0.9328
vn 0.3985 0.0303 0.9167
vn 0.3621 0.0271 0.9317
vn 0.3996 0.0255 0.9163
vn 0.4257 0.0250 0.9045
vn 0.4233 0.0275 0.9056
vn 0.4992 0.0228 0.8662
vn 0.4977 0.0276 0.8669
vn 0.6603 0.0389 0.7500
vn 0.6835 0.0450 0.7285
vn 0.8252 0.0803 0.5591
vn 0.8503 0.0798 0.5202
vn 0.9093 0.1086 0.4017
vn 0.9151 0.1024 0.3900
vn 0.9368 0.1091 0.3325
vn 0.9353 0.1020 0.3389
vn 0.9449 0.0975 0.3125
vn 0.9411 0.0915 0.3256
vn 0.9565 0.0765 0.2816
vn 0.9507 0.0743 0.3011
vn 0.9795 0.0432 0.1968
vn 0.9741 0.0455 0.2215
vn 0.9979 0.0036 0.0651
vn 0.9961 0.0075 0.0878
vn 0.9894 -0.0432 -0.1387
vn 0.9925 -0.0369 -0.1168
vn 0.8985 -0.0943 -0.4287
vn 0.9063 -0.0879 -0.4135
vn 0.7143 -0.1174 -0.6899
vn 0.7067 -0.1141 -0.6982
vn 0.5838 -0.0964 -0.8062
vn 0.5499 -0.0914 -0.8302
vn 0.6579 -0.0519 -0.7513
vn 0.6249 -0.0475 -0.7793
vn 0.5883 -0.0552 -0.8067
vn 0.8028 -0.0094 -0.5961
vn 0.7839 -0.0149 -0.6207
vn 0.8772 0.0162 -0.4799
vn 0.8687 0.0090 -0.4953
vn 0.8613 0.0007 -0.5082
vn 0.8155 0.0181 -0.5785
vn 0.8137 0.0150 -0.5811
vn 0.5753 0.0257 -0.8175
vn 0.5737 0.0304 -0.8185
vn 0.1680 0.0353 -0.9852
vn 0.1621 0.0404 -0.9860
vn 0.1666 0.0529 -0.9846
vn -0.2495 0.0428 -0.9674
vn -0.2464 0.0484 -0.9680
vn -0.2403 0.0256 -0.9704
vn -0.5210 0.0386 -0.8527
vn -0.5163 0.0262 -0.8560
vn -0.5139 0.0257 -0.8575
vn -0.5723 0.0171 -0.8199
vn -0.5598 0.0206 -0.8284
vn -0.4295 0.0014 -0.9030
vn -0.5868 0.0241 -0.8093
vn -0.4444 0.0090 -0.8958
vn -0.1557 0.0020 -0.9878
vn -0.4582 0.0138 -0.8887
vn -0.1645 0.0080 -0.9863
vn 0.1049 0.0043 -0.9945
vn -0.1761 0.0075 -0.9844
vn 0.0961 0.0047 -0.9954
vn 0.2206 -0.0024 -0.9754
vn 0.0859 0.0101 -0.9962
vn 0.2060 -0.0013 -0.9785
vn 0.1518 -0.0226 -0.9882
vn 0.1901 0.0003 -0.9818
vn 0.1352 -0.0193 -0.9906
vn -0.0655 -0.0468 -0.9968
vn -0.0516 -0.0482 -0.9975
vn -0.3126 -0.0696 -0.9473
vn -0.3042 -0.0691 -0.9501
vn -0.5319 -0.0784 -0.8431
vn -0.5337 -0.0772 -0.8421
vn -0.6950 -0.0737 -0.7152
vn -0.7000 -0.0726 -0.7105
vn -0.7876 -0.0652 -0.6127
vn -0.7892 -0.0659 -0.6106
vn -0.8509 -0.0572 -0.5223
vn -0.8517 -0.0607 -0.5205
vn -0.8917 -0.0492 -0.4499
vn -0.8932 -0.0540 -0.4464
vn -0.9280 -0.0410 -0.3703
vn -0.9292 -0.0442 -0.3669
vn -0.9664 -0.0318 -0.2551
vn -0.9671 -0.0322 -0.2525
vn -0.9995 -0.0180 -0.0242
vn -0.9995 -0.0182 -0.0239
vn -0.9649 -0.0008 0.2627
vn -0.9652 -0.0065 0.2614
vn -0.9055 0.0173 0.4239
vn -0.9013 0.0025 0.4332
vn -0.8914 0.0426 0.4513
vn -0.8777 0.0228 0.4787
vn -0.9256 0.0689 0.3721
vn -0.9116 0.0541 0.4074
vn -0.9548 0.0852 0.2848
vn -0.9487 0.0816 0.3054
vn -0.9384 0.0769 0.3369
vn -0.9475 0.1023 0.3029
vn -0.9452 0.0959 0.3119
vn -0.8542 0.1197 0.5059
vn -0.9500 0.0938 0.2978
vn -0.8420 0.0974 0.5307
vn -0.5345 0.0792 0.8414
vn -0.5647 0.1163 0.8170
vn -0.1078 0.0495 0.9929
vn -0.1315 0.0857 0.9876
vn 0.1951 0.0245 0.9805
vn 0.1703 0.0475 0.9842
vn 0.1458 0.0007 0.9893
vn 0.1161 0.0118 0.9932
vn -0.1390 -0.0205 0.9901
vn -0.1520 -0.0175 0.9882
vn -0.3219 -0.0133 0.9467
vn -0.2884 -0.0052 0.9575
vn -0.2175 0.0235 0.9758
vn -0.1770 0.0438 0.9832
vn -0.0010 0.0530 0.9986
vn 0.0030 0.0714 0.9974
vn 0.1660 0.0520 0.9848
vn 0.1473 0.0617 0.9872
vn 0.2883 0.0368 0.9568
vn 0.1824 0.0540 0.9817
vn 0.3056 0.0351 0.9515
vn 0.3667 0.0211 0.9301
vn 0.3256 0.0331 0.9449
vn 0.3722 0.0179 0.9280
vn 0.3970 0.0156 0.9177
vn 0.3986 0.0193 0.9169
vn 0.4287 0.0172 0.9033
vn 0.4277 0.0197 0.9037
vn 0.5051 0.0192 0.8628
vn 0.5032 0.0186 0.8639
vn 0.6250 0.0308 0.7800
vn 0.6398 0.0335 0.7678
vn 0.7745 0.0618 0.6295
vn 0.7982 0.0741 0.5979
vn 0.8909 0.0982 0.4434
vn 0.9018 0.1087 0.4182
vn 0.9362 0.1171 0.3315
vn 0.9375 0.1161 0.3281
vn 0.9547 0.1084 0.2772
vn 0.9492 0.1048 0.2966
vn 0.9720 0.0762 0.2222
vn 0.9637 0.0778 0.2556
vn 0.9906 0.0321 0.1329
vn 0.9852 0.0378 0.1675
vn 0.9998 -0.0153 0.0098
vn 0.9992 -0.0066 0.0403
vn 0.9807 -0.0653 -0.1844
vn 0.9854 -0.0547 -0.1611
vn 0.8892 -0.1061 -0.4451
vn 0.8932 -0.0970 -0.4390
vn 0.7365 -0.1142 -0.6667
vn 0.7251 -0.1097 -0.6799
vn 0.6459 -0.0861 -0.7586
vn 0.6145 -0.0897 -0.7838
vn 0.7218 -0.0372 -0.6911
vn 0.6902 -0.0466 -0.7221
vn 0.8463 0.0076 -0.5327
vn 0.8337 -0.0007 -0.5522
vn 0.8191 -0.0090 -0.5736
vn 0.8857 0.0157 -0.4639
vn 0.8845 0.0136 -0.4663
vn 0.8122 0.0068 -0.5834
vn 0.8181 0.0161 -0.5749
vn 0.8178 0.0321 -0.5746
vn 0.5810 0.0164 -0.8137
vn 0.5787 0.0438 -0.8144
vn 0.1873 0.0270 -0.9819
vn 0.1779 0.0528 -0.9826
vn -0.2474 0.0387 -0.9681
vn -0.2475 0.0514 -0.9675
vn -0.2466 0.0382 -0.9684
vn -0.5412 0.0373 -0.8401
vn -0.5325 0.0306 -0.8459
vn -0.5272 0.0369 -0.8489
vn -0.6113 0.0202 -0.7911
vn -0.6007 0.0246 -0.7991
vn -0.4731 0.0121 -0.8809
vn -0.6218 0.0215 -0.7829
vn -0.4866 0.0131 -0.8735
vn -0.1874 0.0121 -0.9822
vn -0.4999 0.0075 -0.8661
vn -0.1991 0.0060 -0.9800
vn 0.0742 0.0074 -0.9972
vn -0.2099 0.0024 -0.9777
vn 0.0666 0.0103 -0.9977
vn 0.1774 0.0088 -0.9841
vn 0.0651 0.0250 -0.9976
vn 0.1627 0.0219 -0.9864
vn 0.0920 -0.0073 -0.9957
vn 0.1168 -0.0121 -0.9931
vn -0.0988 -0.0473 -0.9940
vn -0.0807 -0.0457 -0.9957
vn -0.3249 -0.0750 -0.9428
vn -0.3194 -0.0720 -0.9449
vn -0.5295 -0.0845 -0.8441
vn -0.5304 -0.0810 -0.8439
vn -0.6880 -0.0829 -0.7210
vn -0.6908 -0.0781 -0.7188
vn -0.7810 -0.0748 -0.6200
vn -0.7847 -0.0698 -0.6159
vn -0.8456 -0.0639 -0.5300
vn -0.8486 -0.0596 -0.5257
vn -0.8892 -0.0549 -0.4543
vn -0.8903 -0.0507 -0.4525
vn -0.9281 -0.0484 -0.3692
vn -0.9277 -0.0431 -0.3709
vn -0.9668 -0.0403 -0.2525
vn -0.9664 -0.0354 -0.2544
vn -0.9995 -0.0185 -0.0241
vn -0.9996 -0.0197 -0.0226
vn -0.9697 0.0175 0.2438
vn -0.9664 0.0081 0.2568
vn -0.9236 0.0569 0.3791
vn -0.9134 0.0393 0.4053
vn -0.9143 0.0899 0.3950
vn -0.9038 0.0685 0.4225
vn -0.9383 0.1031 0.3301
vn -0.9342 0.0873 0.3459
vn -0.9552 0.1003 0.2783
vn -0.9565 0.0917 0.2769
vn -0.9417 0.0927 0.3233
vn -0.9479 0.0872 0.3065
vn -0.8118 0.0950 0.5761
vn -0.8264 0.0886 0.5561
vn -0.4690 0.0980 0.8777
vn -0.4968 0.0777 0.8644
vn -0.0367 0.0782 0.9963
vn -0.0752 0.0478 0.9960
vn 0.2500 0.0353 0.9676
vn 0.2155 0.0204 0.9763
vn 0.1904 0.0001 0.9817
vn 0.1699 -0.0017 0.9855
vn -0.1275 -0.0125 0.9918
vn -0.1321 -0.0180 0.9911
vn -0.3639 -0.0027 0.9314
vn -0.3446 -0.0118 0.9387
vn -0.2772 0.0283 0.9604
vn -0.2493 0.0211 0.9682
vn -0.0186 0.0558 0.9983
vn -0.0092 0.0526 0.9986
vn 0.1990 0.0539 0.9785
vn -0.0267 0.0532 0.9982
vn 0.2136 0.0512 0.9756
vn 0.3445 0.0323 0.9382
vn 0.2235 0.0459 0.9736
vn 0.3599 0.0321 0.9324
vn 0.3858 0.0186 0.9224
vn 0.3784 0.0175 0.9255
vn 0.3990 0.0109 0.9169
vn 0.3966 0.0130 0.9179
vn 0.4278 0.0086 0.9039
vn 0.4283 0.0133 0.9035
vn 0.5008 0.0135 0.8655
vn 0.5046 0.0161 0.8632
vn 0.6045 0.0266 0.7962
vn 0.6148 0.0267 0.7882
vn 0.7386 0.0476 0.6724
vn 0.7550 0.0520 0.6537
vn 0.8620 0.0732 0.5016
vn 0.8764 0.0849 0.4740
vn 0.9295 0.0902 0.3576
vn 0.9331 0.1063 0.3436
vn 0.9674 0.0825 0.2396
vn 0.9611 0.0999 0.2574
vn 0.9874 0.0526 0.1493
vn 0.9805 0.0670 0.1849
vn 0.9982 0.0119 0.0595
vn 0.9951 0.0231 0.0966
vn 0.9973 -0.0370 -0.0632
vn 0.9994 -0.0245 -0.0248
vn 0.9677 -0.0867 -0.2368
vn 0.9745 -0.0765 -0.2110
vn 0.8855 -0.1129 -0.4508
vn 0.8857 -0.1116 -0.4507
vn 0.7730 -0.0997 -0.6265
vn 0.7523 -0.1086 -0.6499
vn 0.7235 -0.0559 -0.6881
vn 0.6833 -0.0730 -0.7265
vn 0.7918 -0.0042 -0.6108
vn 0.7570 -0.0218 -0.6530
vn 0.8684 0.0267 -0.4951
vn 0.8588 0.0184 -0.5121
vn 0.8810 0.0249 -0.4725
vn 0.8852 0.0305 -0.4642
vn 0.8852 0.0253 -0.4645
vn 0.8115 0.0315 -0.5836
vn 0.8096 0.0289 -0.5863
vn 0.5917 0.0392 -0.8052
vn 0.5847 0.0350 -0.8105
vn 0.5811 -0.0007 -0.8138
vn 0.2161 0.0387 -0.9756
vn 0.2039 0.0091 -0.9790
vn -0.2274 0.0369 -0.9731
vn -0.2376 0.0243 -0.9711
vn -0.5534 0.0303 -0.8324
vn -0.5524 0.0268 -0.8332
vn -0.5497 0.0358 -0.8346
vn -0.6506 0.0168 -0.7593
vn -0.6363 0.0204 -0.7712
vn -0.5183 0.0042 -0.8552
vn -0.6614 0.0194 -0.7498
vn -0.5369 0.0094 -0.8436
vn -0.2180 0.0122 -0.9759
vn -0.5523 0.0141 -0.8335
vn -0.2256 0.0153 -0.9741
vn 0.0660 0.0244 -0.9975
vn -0.2347 0.0142 -0.9720
vn 0.0611 0.0073 -0.9981
vn 0.1265 -0.0057 -0.9920
vn 0.1444 0.0177 -0.9894
vn 0.0373 -0.0269 -0.9989
vn 0.0620 -0.0131 -0.9980
vn -0.1377 -0.0525 -0.9891
vn -0.1180 -0.0485 -0.9918
vn -0.3431 -0.0773 -0.9361
vn -0.3316 -0.0729 -0.9406
vn -0.5333 -0.0917 -0.8409
vn -0.5305 -0.0853 -0.8434
vn -0.6821 -0.0912 -0.7255
vn -0.6852 -0.0849 -0.7234
vn -0.7754 -0.0842 -0.6258
vn -0.7778 -0.0770 -0.6238
vn -0.8417 -0.0768 -0.5345
vn -0.8432 -0.0679 -0.5334
vn -0.8880 -0.0702 -0.4544
vn -0.8884 -0.0599 -0.4551
vn -0.9310 -0.0635 -0.3594
vn -0.9295 -0.0543 -0.3648
vn -0.9690 -0.0580 -0.2401
vn -0.9674 -0.0475 -0.2488
vn -0.9992 -0.0305 -0.0274
vn -0.9994 -0.0199 -0.0271
vn -0.9785 0.0236 0.2048
vn -0.9735 0.0279 0.2270
vn -0.9440 0.0719 0.3221
vn -0.9342 0.0718 0.3496
vn -0.9286 0.1007 0.3571
vn -0.9224 0.1008 0.3728
vn -0.9403 0.1052 0.3236
vn -0.9400 0.1066 0.3241
vn -0.9521 0.0968 0.2900
vn -0.9538 0.1012 0.2830
vn -0.9282 0.0892 0.3613
vn -0.9346 0.0942 0.3429
vn -0.7833 0.0860 0.6157
vn -0.7970 0.0952 0.5964
vn -0.4423 0.0757 0.8936
vn -0.4554 0.1012 0.8845
vn 0.0257 0.0523 0.9983
vn 0.0001 0.0829 0.9966
vn 0.3261 0.0207 0.9451
vn 0.2941 0.0353 0.9551
vn 0.2329 -0.0017 0.9725
vn 0.2124 0.0006 0.9772
vn -0.1248 -0.0091 0.9921
vn -0.1263 -0.0109 0.9919
vn -0.3991 -0.0018 0.9169
vn -0.3834 0.0013 0.9236
vn -0.3229 0.0194 0.9462
vn -0.3020 0.0306 0.9528
vn -0.0370 0.0425 0.9984
vn -0.3399 0.0168 0.9403
vn -0.0484 0.0368 0.9981
vn 0.2280 0.0417 0.9728
vn -0.0566 0.0524 0.9970
vn 0.2308 0.0494 0.9718
vn 0.3792 0.0369 0.9246
vn 0.3707 0.0332 0.9281
vn 0.4045 0.0249 0.9142
vn 0.3948 0.0214 0.9185
vn 0.4103 0.0150 0.9118
vn 0.4042 0.0114 0.9146
vn 0.4256 0.0120 0.9048
vn 0.4270 0.0078 0.9042
vn 0.4793 0.0207 0.8774
vn 0.4919 0.0154 0.8705
vn 0.5760 0.0391 0.8165
vn 0.5919 0.0318 0.8054
vn 0.7134 0.0561 0.6985
vn 0.7252 0.0490 0.6868
vn 0.8420 0.0641 0.5356
vn 0.8501 0.0646 0.5227
vn 0.9245 0.0655 0.3756
vn 0.9267 0.0731 0.3686
vn 0.9744 0.0588 0.2171
vn 0.9723 0.0640 0.2248
vn 0.9945 0.0416 0.0965
vn 0.9920 0.0398 0.1198
vn 0.9997 0.0035 -0.0237
vn 0.9998 0.0026 0.0208
vn 0.9858 -0.0537 -0.1588
vn 0.9931 -0.0476 -0.1073
vn 0.9508 -0.1041 -0.2919
vn 0.9601 -0.0961 -0.2626
vn 0.8910 -0.1230 -0.4370
vn 0.8877 -0.1188 -0.4448
vn 0.8255 -0.0950 -0.5564
vn 0.7970 -0.1008 -0.5955
vn 0.8056 -0.0368 -0.5913
vn 0.7650 -0.0501 -0.6420
vn 0.8429 0.0077 -0.5380
vn 0.8217 0.0038 -0.5699
vn 0.8718 0.0149 -0.4897
vn 0.8730 0.0277 -0.4869
vn 0.8616 0.0001 -0.5076
vn 0.8718 0.0188 -0.4896
vn 0.7847 -0.0056 -0.6198
vn 0.7922 -0.0016 -0.6103
vn 0.8056 0.0048 -0.5924
vn 0.5882 -0.0128 -0.8086
vn 0.5934 -0.0093 -0.8049
vn 0.2506 -0.0040 -0.9681
vn 0.2339 0.0014 -0.9723
vn 0.2204 0.0469 -0.9743
vn -0.2151 0.0231 -0.9763
vn -0.2224 0.0454 -0.9739
vn -0.5598 0.0287 -0.8281
vn -0.5554 0.0369 -0.8308
vn -0.6791 0.0234 -0.7337
vn -0.6718 0.0247 -0.7403
vn -0.5647 0.0192 -0.8250
vn -0.6822 0.0278 -0.7306
vn -0.5728 0.0249 -0.8193
vn -0.2474 0.0133 -0.9688
vn -0.5807 0.0173 -0.8139
vn -0.2600 -0.0077 -0.9656
vn 0.0285 -0.0286 -0.9992
vn 0.0456 -0.0097 -0.9989
vn 0.1060 -0.0378 -0.9936
vn 0.1126 -0.0280 -0.9932
vn 0.0131 -0.0444 -0.9989
vn 0.0228 -0.0408 -0.9989
vn -0.1801 -0.0620 -0.9817
vn -0.1585 -0.0617 -0.9854
vn -0.3746 -0.0838 -0.9234
vn -0.3582 -0.0853 -0.9297
vn -0.5360 -0.0952 -0.8388
vn -0.5348 -0.0945 -0.8397
vn -0.6763 -0.0896 -0.7311
vn -0.6801 -0.0906 -0.7275
vn -0.7747 -0.0784 -0.6275
vn -0.7750 -0.0858 -0.6262
vn -0.8435 -0.0724 -0.5322
vn -0.8417 -0.0820 -0.5336
vn -0.8895 -0.0696 -0.4516
vn -0.8882 -0.0778 -0.4529
vn -0.9321 -0.0609 -0.3570
vn -0.9319 -0.0703 -0.3558
vn -0.9711 -0.0428 -0.2347
vn -0.9708 -0.0603 -0.2321
vn -0.9989 -0.0123 -0.0443
vn -0.9989 -0.0324 -0.0337
vn -0.9866 0.0251 0.1610
vn -0.9833 0.0141 0.1812
vn -0.9587 0.0562 0.2787
vn -0.9527 0.0555 0.2989
vn -0.9422 0.0777 0.3260
vn -0.9359 0.0852 0.3419
vn -0.9433 0.0866 0.3203
vn -0.9414 0.0967 0.3232
vn -0.9453 0.0810 0.3161
vn -0.9493 0.0906 0.3011
vn -0.9147 0.0669 0.3985
vn -0.9232 0.0817 0.3756
vn -0.7621 0.0640 0.6443
vn -0.7737 0.0779 0.6288
vn -0.4040 0.0687 0.9122
vn -0.4221 0.0655 0.9042
vn 0.0688 0.0553 0.9961
vn 0.0478 0.0438 0.9979
vn 0.3658 0.0297 0.9302
vn 0.3472 0.0211 0.9376
vn 0.2635 0.0063 0.9646
vn 0.2500 0.0047 0.9682
vn -0.1286 -0.0056 0.9917
vn -0.1279 -0.0019 0.9918
vn -0.4202 0.0056 0.9074
vn -0.4084 0.0011 0.9128
vn -0.3559 0.0332 0.9339
vn -0.4521 -0.0053 0.8920
vn -0.3780 0.0531 0.9243
vn -0.0605 0.0782 0.9951
vn -0.3288 -0.6208 0.7117
vn -0.0844 -0.6034 0.7930
vn 0.1512 -0.6098 0.7780
vn 0.2378 0.0704 0.9688
vn 0.2577 -0.6586 0.7070
vn 0.3917 0.0485 0.9188
vn 0.2633 -0.6807 0.6836
vn 0.4154 0.0299 0.9091
vn 0.2547 -0.6909 0.6766
vn 0.4164 0.0187 0.9090
vn 0.2536 -0.6877 0.6802
vn 0.4222 0.0182 0.9063
vn 0.2846 -0.6659 0.6896
vn 0.4615 0.0341 0.8865
vn 0.3717 -0.6287 0.6830
vn 0.5533 0.0623 0.8307
vn 0.5122 -0.6008 0.6137
vn 0.7002 0.0826 0.7092
vn 0.6263 -0.6059 0.4906
vn 0.8355 0.0869 0.5426
vn 0.7046 -0.6037 0.3729
vn 0.9206 0.0870 0.3806
vn 0.7546 -0.6072 0.2488
vn 0.9728 0.0830 0.2162
vn 0.7719 -0.6207 0.1374
vn 0.9943 0.0706 0.0795
vn 0.7695 -0.6387 -0.0054
vn 0.9967 0.0371 -0.0716
vn 0.7148 -0.6849 -0.1412
vn 0.9753 -0.0194 -0.2199
vn 0.6505 -0.7285 -0.2147
vn 0.9405 -0.0749 -0.3316
vn 0.5985 -0.7551 -0.2677
vn 0.8945 -0.1016 -0.4354
vn 0.5768 -0.7531 -0.3166
vn 0.8530 -0.0820 -0.5155
vn 0.5744 -0.7385 -0.3530
vn 0.8379 -0.0356 -0.5446
vn 0.5874 -0.7217 -0.3661
vn 0.8541 -0.0043 -0.5200
vn 0.5937 -0.7141 -0.3710
vn 0.8661 -0.0040 -0.4998
vn 0.5865 -0.7113 -0.3873
vn 0.8532 -0.0161 -0.5214
vn 0.5679 -0.6884 -0.4512
vn 0.7889 -0.0075 -0.6145
vn 0.4881 -0.6258 -0.6084
vn 0.6100 0.0387 -0.7915
vn 0.5910 0.0120 -0.8066
vn 0.2778 0.1023 -0.9552
vn 0.2564 0.0359 -0.9659
vn -0.1978 0.1335 -0.9711
vn -0.2017 0.0491 -0.9782
vn -0.2062 0.0173 -0.9784
vn -0.5664 0.0481 -0.8227
vn -0.5645 0.0286 -0.8250
vn -0.6896 0.0366 -0.7232
vn -0.5808 0.1027 -0.8075
vn -0.7197 0.0413 -0.6930
vn -0.6009 -0.0258 -0.7989
vn -0.5544 -0.6629 -0.5032
vn -0.3663 -0.7988 -0.4772
vn -0.1344 -0.8096 -0.5713
vn -0.2658 -0.0599 -0.9622
vn 0.0543 -0.7793 -0.6242
vn 0.0295 -0.0549 -0.9981
vn 0.1109 -0.7251 -0.6797
vn 0.1129 -0.0390 -0.9928
vn 0.0241 -0.7108 -0.7030
vn 0.0060 -0.0360 -0.9993
vn -0.1353 -0.7117 -0.6893
vn -0.2001 -0.0515 -0.9784
vn -0.2707 -0.7379 -0.6183
vn -0.3937 -0.0742 -0.9163
vn -0.3684 -0.7443 -0.5571
vn -0.5408 -0.0889 -0.8364
vn -0.4550 -0.7440 -0.4893
vn -0.6696 -0.0840 -0.7380
vn -0.5349 -0.7309 -0.4238
vn -0.7688 -0.0641 -0.6362
vn -0.6073 -0.7129 -0.3506
vn -0.8439 -0.0464 -0.5344
vn -0.6417 -0.7130 -0.2824
vn -0.8911 -0.0391 -0.4521
vn -0.6821 -0.6961 -0.2240
vn -0.9302 -0.0264 -0.3662
vn -0.7266 -0.6733 -0.1369
vn -0.9686 -0.0011 -0.2488
vn -0.7703 -0.6371 0.0288
vn -0.9979 0.0311 -0.0559
vn -0.7493 -0.6290 0.2070
vn -0.9870 0.0564 0.1507
vn -0.7153 -0.6331 0.2958
vn -0.9610 0.0706 0.2674
vn -0.6939 -0.6392 0.3315
vn -0.9452 0.0803 0.3164
vn -0.6899 -0.6407 0.3369
vn -0.9442 0.0829 0.3187
vn -0.6911 -0.6338 0.3473
vn -0.9411 0.0796 0.3286
vn -0.6864 -0.6035 0.4058
vn -0.9072 0.0852 0.4120
vn -0.6062 -0.5214 0.6006
vn -0.7565 0.1185 0.6432
vn -0.2832 -0.4734 0.8341
vn -0.3955 0.1492 0.9063
vn 0.1573 -0.5099 0.8457
vn 0.1007 0.1243 0.9871
vn 0.3599 -0.6449 0.6743
vn 0.4061 0.0475 0.9126
vn 0.2057 -0.7819 0.5885
vn 0.2847 -0.0249 0.9583
vn -0.0995 -0.8191 0.5650
vn -0.1353 -0.0477 0.9897
vn -0.3458 -0.7316 0.5875
vn -0.4943 -0.5677 -0.6583
vn -0.1638 -0.4975 -0.8519
vn 0.2544 -0.5531 -0.7933
vn -0.4671 0.1208 0.8759
vn -0.3070 0.1736 0.9357
vn -0.4574 0.0086 0.8892
vn -0.6026 -0.0845 0.7936
vn -0.4859 -0.1319 0.8640
vn -0.6818 -0.2129 0.6999
vn -0.4357 -0.3599 0.8250
vn -0.1693 0.7762 0.6074
vn -0.1775 0.6741 0.7170
vn -0.2013 0.7821 0.5897
vn -0.3233 0.8904 0.3205
vn -0.2478 0.7770 0.5787
vn -0.3499 0.8783 0.3258
vn -0.4239 0.9024 -0.0781
vn -0.3965 0.8518 0.3425
vn -0.4255 0.9022 -0.0705
vn -0.3161 0.7544 0.5753
vn -0.2849 0.6967 0.6583
vn -0.2265 0.6969 0.6805
vn -0.2434 0.6174 0.7480
vn -0.2718 0.6372 0.7212
vn -0.2089 0.5830 0.7852
vn -0.2260 0.5199 0.8238
vn -0.2423 0.5401 0.8059
vn -0.2058 0.4819 0.8517
vn -0.2117 0.4985 0.8407
vn -0.2520 0.5692 0.7827
vn -0.1512 0.4446 0.8829
vn -0.1483 0.4406 0.8854
vn 0.6662 -0.6410 -0.3811
vn -0.4851 -0.4263 -0.7635
vn -0.4057 -0.3278 -0.8532
vn -0.5040 -0.4479 -0.7385
vn -0.5786 -0.6017 -0.5506
vn -0.4874 -0.5035 -0.7134
vn -0.5755 -0.6364 -0.5136
vn -0.6448 -0.7239 -0.2453
vn -0.6450 -0.7182 -0.2611
vn -0.6872 -0.7248 0.0482
vn -0.6578 -0.7162 -0.2330
vn -0.6967 -0.7171 0.0208
vn -0.7072 -0.6720 0.2198
vn -0.6963 -0.6735 0.2480
vn -0.6540 -0.5997 0.4612
vn -0.6508 -0.5978 0.4680
vn -0.5021 -0.5022 0.7041
vn -0.5278 -0.4840 0.6980
vn -0.2790 -0.3956 0.8750
vn -0.3424 -0.3575 0.8689
vn -0.0535 -0.2879 0.9562
vn -0.1470 -0.2321 0.9615
vn -0.2176 -0.1529 0.9640
vn 0.0275 -0.0963 0.9950
vn -0.0214 0.0020 0.9998
vn -0.0109 0.0230 0.9997
vn 0.2583 0.1756 0.9500
vn 0.2502 0.1760 0.9521
vn 0.5369 0.3021 0.7877
vn 0.5139 0.2976 0.8045
vn 0.6951 0.3486 0.6287
vn 0.6736 0.3648 0.6429
vn 0.6499 0.4025 0.6447
vn 0.7775 0.4254 0.4631
vn 0.7622 0.4767 0.4380
vn 0.8500 0.4764 0.2247
vn 0.7800 0.3937 0.4864
vn 0.8369 0.4802 0.2626
vn 0.8380 0.5455 0.0117
vn 0.7846 0.5288 0.3238
vn 0.7941 0.6045 0.0631
vn 0.7596 0.6169 -0.2058
vn 0.7723 0.6288 0.0907
vn 0.7693 0.6112 -0.1858
vn 0.6901 0.5375 -0.4847
vn 0.8185 0.5504 -0.1647
vn 0.7519 0.4823 -0.4495
vn 0.5667 0.3607 -0.7408
vn 0.5379 0.3870 -0.7489
vn 0.3447 0.1961 -0.9180
vn 0.3611 0.1986 -0.9111
vn 0.1553 0.0343 -0.9873
vn 0.1663 0.0171 -0.9859
vn -0.0341 -0.1395 -0.9896
vn -0.0404 -0.1370 -0.9897
vn -0.2013 -0.3079 -0.9299
vn -0.2267 -0.2743 -0.9345
vn -0.2533 -0.2600 -0.9318
vn -0.3687 -0.4073 -0.8356
vn -0.3791 -0.3630 -0.8512
vn -0.4842 -0.5429 -0.6862
vn -0.3433 -0.4573 -0.8204
vn -0.4609 -0.5929 -0.6603
vn -0.5423 -0.6969 -0.4692
vn -0.5802 -0.6507 -0.4898
vn -0.6145 -0.7562 -0.2248
vn -0.5015 -0.7533 -0.4255
vn -0.5391 -0.8110 -0.2272
vn -0.5983 -0.7996 -0.0523
vn -0.6614 -0.7500 -0.0013
vn -0.6318 -0.7631 0.1364
vn -0.6798 -0.7103 0.1826
vn -0.5782 -0.7021 0.4156
vn -0.6382 -0.6336 0.4373
vn -0.3922 -0.5581 0.7312
vn -0.4691 -0.5054 0.7243
vn -0.2071 -0.3758 0.9033
vn -0.2335 -0.3703 0.8991
vn -0.1625 -0.2449 0.9558
vn -0.0647 -0.2609 0.9632
vn -0.1329 -0.0895 0.9871
vn 0.0279 -0.1449 0.9890
vn 0.1055 -0.1889 0.9763
vn 0.1522 0.0402 0.9875
vn 0.2814 0.0187 0.9594
vn 0.2640 0.1280 0.9560
vn 0.4537 0.3356 0.8255
vn 0.5045 0.3532 0.7878
vn 0.5516 0.5510 0.6262
vn 0.6491 0.4484 0.6145
vn 0.6294 0.6157 0.4741
vn 0.7286 0.4696 0.4985
vn 0.7117 0.6215 0.3274
vn 0.5966 0.6679 0.4450
vn 0.6941 0.6645 0.2768
vn 0.7871 0.6125 0.0733
vn 0.7587 0.6067 0.2372
vn 0.8269 0.5617 0.0266
vn 0.8600 0.4786 -0.1769
vn 0.8027 0.5963 -0.0120
vn 0.8027 0.5426 -0.2475
vn 0.7872 0.4487 -0.4230
vn 0.8165 0.4071 -0.4095
vn 0.6736 0.3603 -0.6453
vn 0.6229 0.3414 -0.7039
vn 0.4014 0.2432 -0.8830
vn 0.3343 0.2316 -0.9136
vn 0.0734 0.0809 -0.9940
vn 0.0960 0.0681 -0.9930
vn -0.1818 -0.1092 -0.9773
vn -0.0866 -0.1380 -0.9866
vn -0.3355 -0.2912 -0.8959
vn -0.2260 -0.3242 -0.9186
vn -0.4279 -0.4594 -0.7784
vn -0.3441 -0.4791 -0.8075
vn -0.5062 -0.6335 -0.5851
vn -0.4509 -0.6324 -0.6298
vn -0.5397 -0.7545 -0.3735
vn -0.5536 -0.6440 -0.5280
vn -0.6104 -0.6974 -0.3756
vn -0.6648 -0.6705 -0.3293
vn -0.5574 -0.7877 -0.2622
vn -0.7032 -0.6754 -0.2219
vn -0.6106 -0.7784 -0.1462
vn -0.6859 -0.7245 0.0683
vn -0.6408 -0.7631 0.0837
vn -0.5646 -0.7008 0.4360
vn -0.5523 -0.7149 0.4288
vn -0.4301 -0.5664 0.7030
vn -0.3685 -0.5752 0.7303
vn -0.3907 -0.4358 0.8108
vn -0.2720 -0.4131 0.8691
vn -0.3286 -0.3269 0.8861
vn -0.2818 -0.2813 0.9173
vn -0.1205 -0.1937 0.9736
vn -0.1995 -0.1154 0.9731
vn 0.1747 -0.0239 0.9843
vn 0.0414 0.0699 0.9967
vn 0.0068 0.1047 0.9945
vn 0.3909 0.2481 0.8864
vn 0.2916 0.3112 0.9045
vn 0.3303 0.3112 0.8911
vn 0.5405 0.4732 0.6957
vn 0.4920 0.5595 0.6671
vn 0.6781 0.5773 0.4547
vn 0.6396 0.3665 0.6757
vn 0.7438 0.4604 0.4846
vn 0.7903 0.5584 0.2520
vn 0.6963 0.4918 0.5228
vn 0.7531 0.5869 0.2973
vn 0.7559 0.6547 -0.0011
vn 0.6881 0.6600 0.3014
vn 0.7241 0.6896 0.0150
vn 0.6776 0.6707 -0.3019
vn 0.7101 0.6347 -0.3048
vn 0.5904 0.5972 -0.5430
vn 0.6785 0.5402 -0.4978
vn 0.5125 0.4905 -0.7048
vn 0.6420 0.4025 -0.6526
vn 0.4123 0.3573 -0.8381
vn 0.4789 0.2448 -0.8431
vn 0.1791 0.1338 -0.9747
vn 0.1653 0.0759 -0.9833
vn -0.1513 -0.1813 -0.9717
vn -0.1761 -0.1316 -0.9755
vn -0.3882 -0.4246 -0.8179
vn -0.3912 -0.3316 -0.8585
vn -0.5182 -0.5627 -0.6441
vn -0.4911 -0.5040 -0.7105
vn -0.5978 -0.6044 -0.5266
vn -0.5796 -0.4829 -0.6564
vn -0.6494 -0.4468 -0.6153
vn -0.6801 -0.3710 -0.6323
vn -0.6768 -0.5474 -0.4923
vn -0.7864 -0.4282 -0.4452
vn -0.7645 -0.4970 -0.4105
vn -0.8147 -0.5734 -0.0861
vn -0.7986 -0.5670 -0.2022
vn -0.7415 -0.6509 0.1628
vn -0.7290 -0.6757 0.1095
vn -0.6822 -0.6354 0.3617
vn -0.6090 -0.6802 0.4080
vn -0.6198 -0.5663 0.5433
vn -0.5276 -0.5803 0.6204
vn -0.4611 -0.4872 0.7417
vn -0.4598 -0.4628 0.7579
vn -0.1370 -0.3722 0.9180
vn -0.2479 -0.3627 0.8983
vn 0.1292 -0.2510 0.9593
vn 0.0545 -0.2702 0.9613
vn 0.2030 -0.1426 0.9687
vn 0.2829 -0.1376 0.9492
vn 0.2671 0.0706 0.9611
vn 0.4276 0.1067 0.8976
vn 0.4447 0.1899 0.8754
vn 0.5212 0.3895 0.7594
vn 0.6125 0.3798 0.6932
vn 0.6072 0.5811 0.5418
vn 0.4109 0.3715 0.8326
vn 0.5605 0.6078 0.5625
vn 0.6524 0.7018 0.2861
vn 0.5131 0.6271 0.5861
vn 0.6570 0.6966 0.2883
vn 0.7331 0.6801 -0.0027
vn 0.7073 0.7069 0.0055
vn 0.7486 0.5928 -0.2968
vn 0.7076 0.6447 -0.2894
vn 0.7110 0.4797 -0.5141
vn 0.6454 0.5490 -0.5311
vn 0.6427 0.3744 -0.6684
vn 0.5445 0.4563 -0.7038
vn 0.5350 0.2414 -0.8096
vn 0.4249 0.3553 -0.8326
vn 0.2880 -0.0017 -0.9576
vn 0.1782 0.1213 -0.9765
vn -0.0992 -0.2740 -0.9566
vn -0.1731 -0.2046 -0.9634
vn -0.4075 -0.4098 -0.8161
vn -0.4289 -0.4140 -0.8029
vn -0.5599 -0.4308 -0.7078
vn -0.2800 -0.4875 -0.8270
vn -0.4285 -0.5448 -0.7208
vn -0.4834 -0.5819 -0.6540
vn -0.6100 -0.4170 -0.6738
vn -0.5029 -0.6369 -0.5843
vn -0.6130 -0.4209 -0.6686
vn -0.6317 -0.7196 -0.2885
vn -0.7273 -0.5582 -0.3993
vn -0.7243 -0.6880 0.0462
vn -0.7697 -0.6375 0.0328
vn -0.7423 -0.6502 0.1622
vn -0.7529 -0.6361 0.1690
vn -0.7076 -0.6063 0.3630
vn -0.7354 -0.5938 0.3265
vn -0.5797 -0.5070 0.6379
vn -0.6299 -0.5422 0.5560
vn -0.4036 -0.3640 0.8394
vn -0.3981 -0.4613 0.7929
vn -0.2945 -0.1969 0.9351
vn -0.1288 -0.3108 0.9417
vn -0.3236 -0.0510 0.9448
vn -0.0354 -0.1545 0.9874
vn -0.3261 0.1014 0.9399
vn -0.0820 -0.0161 0.9965
vn -0.1313 0.3058 0.9430
vn 0.0036 0.1861 0.9825
vn 0.1843 0.5126 0.8386
vn 0.2631 0.4394 0.8589
vn 0.4691 0.6546 0.5928
vn 0.1987 0.5221 0.8294
vn 0.4826 0.6438 0.5939
vn 0.6743 0.6800 0.2879
vn 0.6582 0.6967 0.2853
vn 0.7596 0.6504 -0.0067
vn 0.7532 0.6578 -0.0055
vn 0.7686 0.5879 -0.2523
vn 0.7642 0.5800 -0.2821
vn 0.7223 0.5076 -0.4696
vn 0.7090 0.4943 -0.5029
vn 0.6408 0.3828 -0.6655
vn 0.6366 0.3872 -0.6670
vn 0.5256 0.1895 -0.8293
vn 0.5398 0.2049 -0.8165
vn 0.3407 -0.0718 -0.9374
vn 0.3438 -0.0633 -0.9369
vn 0.0838 -0.3361 -0.9381
vn 0.0189 -0.3319 -0.9431
vn -0.1745 -0.5339 -0.8273
vn 0.0984 -0.3250 -0.9406
vn -0.1288 -0.5305 -0.8378
vn -0.2952 -0.6376 -0.7115
vn -0.3273 -0.6353 -0.6994
vn -0.3838 -0.6749 -0.6302
vn -0.3944 -0.6812 -0.6168
vn -0.4730 -0.7164 -0.5129
vn -0.4588 -0.7246 -0.5143
vn -0.5835 -0.7639 -0.2757
vn -0.5830 -0.7642 -0.2759
vn -0.6553 -0.7553 0.0030
vn -0.6821 -0.7312 0.0075
vn -0.6740 -0.6982 0.2412
vn -0.7039 -0.6823 0.1975
vn -0.6391 -0.5909 0.4923
vn -0.6736 -0.5979 0.4345
vn -0.5634 -0.4366 0.7014
vn -0.5868 -0.4358 0.6824
vn -0.5083 -0.2958 0.8088
vn -0.4965 -0.2678 0.8257
vn -0.5002 -0.2054 0.8412
vn -0.4694 -0.1379 0.8721
vn -0.4517 -0.0918 0.8874
vn -0.4725 -0.0338 0.8807
vn -0.2909 0.0804 0.9534
vn -0.3641 0.1200 0.9236
vn -0.0271 0.2843 0.9583
vn -0.1096 0.3315 0.9371
vn 0.2729 0.4671 0.8410
vn 0.0568 0.2452 0.9678
vn 0.3366 0.4200 0.8428
vn 0.5658 0.5526 0.6120
vn 0.5361 0.5920 0.6017
vn 0.7207 0.6184 0.3133
vn 0.7072 0.6388 0.3031
vn 0.7850 0.6178 0.0451
vn 0.7780 0.6281 0.0180
vn 0.7927 0.5743 -0.2048
vn 0.7788 0.5842 -0.2285
vn 0.7592 0.4887 -0.4298
vn 0.7400 0.5057 -0.4435
vn 0.6773 0.3555 -0.6441
vn 0.6553 0.3699 -0.6586
vn 0.5365 0.1709 -0.8264
vn 0.5243 0.1835 -0.8316
vn 0.3356 -0.0711 -0.9393
vn 0.3316 -0.0641 -0.9412
vn 0.0963 -0.3243 -0.9410
vn 0.3408 -0.0798 -0.9367
vn 0.1014 -0.3059 -0.9466
vn -0.1144 -0.4688 -0.8759
vn -0.1151 -0.5057 -0.8550
vn -0.2658 -0.5689 -0.7783
vn -0.2760 -0.6009 -0.7501
vn -0.3732 -0.6297 -0.6814
vn -0.3838 -0.6459 -0.6599
vn -0.4872 -0.6795 -0.5486
vn -0.4865 -0.6983 -0.5251
vn -0.6349 -0.7284 -0.2577
vn -0.6039 -0.7538 -0.2591
vn -0.6935 -0.7184 0.0541
vn -0.6568 -0.7538 0.0205
vn -0.6895 -0.6665 0.2835
vn -0.6528 -0.7048 0.2777
vn -0.6607 -0.5517 0.5089
vn -0.6036 -0.5991 0.5260
vn -0.6250 -0.4313 0.6507
vn -0.5418 -0.4689 0.6976
vn -0.5910 -0.3284 0.7368
vn -0.5091 -0.3549 0.7841
vn -0.5337 -0.2385 0.8114
vn -0.4933 -0.2688 0.8273
vn -0.4060 -0.1089 0.9074
vn -0.4072 -0.1330 0.9036
vn -0.1806 0.0770 0.9805
vn -0.2193 0.0484 0.9744
vn 0.0943 0.2699 0.9583
vn -0.1603 0.1366 0.9776
vn 0.1339 0.3063 0.9425
vn 0.3723 0.4152 0.8301
vn 0.3416 0.4318 0.8348
vn 0.5898 0.5248 0.6138
vn 0.5647 0.5560 0.6099
vn 0.7282 0.5923 0.3449
vn 0.7176 0.6168 0.3233
vn 0.7871 0.6102 0.0899
vn 0.7800 0.6225 0.0647
vn 0.7981 0.5762 -0.1763
vn 0.7927 0.5787 -0.1916
vn 0.7638 0.4860 -0.4247
vn 0.7614 0.4881 -0.4266
vn 0.6916 0.3543 -0.6294
vn 0.6854 0.3584 -0.6338
vn 0.5456 0.1530 -0.8239
vn 0.5422 0.1601 -0.8249
vn 0.3410 -0.0737 -0.9372
vn 0.5600 0.1530 -0.8143
vn 0.3543 -0.0757 -0.9320
vn 0.1433 -0.2820 -0.9487
vn 0.1176 -0.2792 -0.9530
vn -0.0702 -0.4552 -0.8876
vn -0.1027 -0.4539 -0.8851
vn -0.2451 -0.5686 -0.7853
vn -0.2582 -0.5690 -0.7808
vn -0.3569 -0.6351 -0.6850
vn -0.3543 -0.6373 -0.6844
vn -0.4516 -0.7020 -0.5507
vn -0.4502 -0.6933 -0.5628
vn -0.5939 -0.7678 -0.2404
vn -0.6095 -0.7521 -0.2507
vn -0.6684 -0.7399 0.0765
vn -0.6889 -0.7208 0.0766
vn -0.6842 -0.6854 0.2494
vn -0.7048 -0.6574 0.2664
vn -0.6888 -0.5961 0.4126
vn -0.7034 -0.5447 0.4566
vn -0.6664 -0.4630 0.5844
vn -0.6810 -0.4169 0.6020
vn -0.6130 -0.3286 0.7185
vn -0.6299 -0.3034 0.7150
vn -0.5371 -0.2038 0.8185
vn -0.5464 -0.1994 0.8134
vn -0.3864 -0.0526 0.9208
vn -0.4141 -0.0672 0.9077
vn -0.0866 0.1501 0.9849
vn -0.3166 -0.0318 0.9480
vn -0.0098 0.1851 0.9827
vn 0.2311 0.3453 0.9096
vn 0.2183 0.3066 0.9265
vn 0.3964 0.4586 0.7954
vn 0.4216 0.3951 0.8162
vn 0.5442 0.5541 0.6300
vn 0.6009 0.4962 0.6267
vn 0.6742 0.6270 0.3902
vn 0.7250 0.5785 0.3737
vn 0.7673 0.6312 0.1128
vn 0.7870 0.6060 0.1156
vn 0.8026 0.5790 -0.1431
vn 0.8031 0.5753 -0.1555
vn 0.7725 0.4856 -0.4092
vn 0.7684 0.4802 -0.4230
vn 0.6897 0.3456 -0.6363
vn 0.6961 0.3438 -0.6303
vn 0.5656 0.1532 -0.8103
vn 0.7073 0.3439 -0.6176
vn 0.5500 0.1617 -0.8194
vn 0.3552 -0.0652 -0.9325
vn 0.3734 -0.0872 -0.9236
vn 0.1539 -0.2717 -0.9500
vn 0.1694 -0.2972 -0.9397
vn -0.0122 -0.4224 -0.9063
vn -0.0210 -0.4536 -0.8910
vn -0.1621 -0.5397 -0.8261
vn -0.1978 -0.5611 -0.8038
vn -0.2946 -0.6448 -0.7053
vn -0.3374 -0.6288 -0.7006
vn -0.4194 -0.7498 -0.5118
vn -0.4711 -0.7011 -0.5352
vn -0.5506 -0.8161 -0.1755
vn -0.6096 -0.7635 -0.2132
vn -0.6121 -0.7826 0.1133
vn -0.6605 -0.7451 0.0926
vn -0.6335 -0.7293 0.2585
vn -0.6594 -0.7069 0.2558
vn -0.6378 -0.6619 0.3939
vn -0.6479 -0.6474 0.4013
vn -0.6235 -0.5726 0.5323
vn -0.6264 -0.5336 0.5682
vn -0.5830 -0.4528 0.6746
vn -0.5953 -0.3919 0.7015
vn -0.4655 -0.2846 0.8380
vn -0.5218 -0.2388 0.8190
vn -0.2337 -0.0372 0.9716
vn -0.3755 -0.3217 0.8692
vn -0.1725 -0.0928 0.9806
vn 0.0269 0.1542 0.9877
vn 0.0166 0.2094 0.9777
vn 0.2057 0.3587 0.9105
vn 0.2014 0.3807 0.9025
vn 0.3656 0.4911 0.7907
vn 0.3573 0.5040 0.7863
vn 0.5624 0.5723 0.5969
vn 0.5162 0.5884 0.6224
vn 0.7362 0.5794 0.3496
vn 0.6835 0.6180 0.3884
vn 0.8288 0.5476 0.1146
vn 0.7987 0.5914 0.1106
vn 0.8606 0.4961 -0.1149
vn 0.8346 0.5360 -0.1272
vn 0.8462 0.4295 -0.3153
vn 0.8084 0.4632 -0.3632
vn 0.7606 0.3281 -0.5602
vn 0.8284 0.4567 -0.3244
vn 0.7866 0.3189 -0.5286
vn 0.6517 0.1353 -0.7463
vn 0.5730 0.1671 -0.8023
vn 0.4500 -0.0387 -0.8922
vn 0.3443 -0.0154 -0.9387
vn 0.1939 -0.2289 -0.9540
vn 0.1111 -0.2010 -0.9733
vn -0.0480 -0.3975 -0.9164
vn -0.0748 -0.3660 -0.9276
vn -0.2404 -0.5344 -0.8103
vn -0.2090 -0.5139 -0.8320
vn -0.4149 -0.6540 -0.6326
vn -0.3305 -0.6676 -0.6671
vn -0.4144 -0.7852 -0.4601
vn -0.5093 -0.8443 -0.1670
vn -0.5794 -0.8112 0.0790
vn -0.6291 -0.7534 0.1912
vn -0.6203 -0.7555 0.2109
vn -0.5945 -0.7296 0.3380
vn -0.6432 -0.6795 0.3529
vn -0.5273 -0.6576 0.5381
vn -0.6210 -0.5903 0.5156
vn -0.4183 -0.5381 0.7318
vn -0.5329 -0.4824 0.6952
vn -0.2880 -0.3748 0.8812
vn -0.4079 -0.5502 0.7287
vn -0.3207 -0.4090 0.8543
vn -0.2069 -0.2148 0.9545
vn -0.1486 -0.1678 0.9745
vn -0.0120 0.0301 0.9995
vn 0.0222 0.0793 0.9966
vn 0.2346 0.2719 0.9333
vn 0.2170 0.3129 0.9247
vn 0.4567 0.4490 0.7680
vn 0.4075 0.4711 0.7823
vn 0.6133 0.5634 0.5536
vn 0.6003 0.5763 0.5545
vn 0.7002 0.6333 0.3296
vn 0.7215 0.6195 0.3093
vn 0.7488 0.6579 0.0807
vn 0.7887 0.6086 0.0872
vn 0.7706 0.6115 -0.1793
vn 0.8256 0.5465 -0.1405
vn 0.7732 0.5080 -0.3796
vn 0.7970 0.5819 -0.1617
vn 0.7644 0.5035 -0.4027
vn 0.7044 0.3832 -0.5975
vn 0.7476 0.3488 -0.5652
vn 0.5954 0.1965 -0.7790
vn 0.6610 0.1416 -0.7369
vn 0.4467 -0.0361 -0.8939
vn 0.5185 -0.0768 -0.8516
vn 0.2715 -0.2786 -0.9212
vn 0.3104 -0.2976 -0.9028
vn 0.0746 -0.5008 -0.8624
vn 0.0691 -0.4742 -0.8777
vn -0.1153 -0.6591 -0.7431
vn -0.1719 -0.6039 -0.7783
vn -0.0905 -0.3632 -0.9273
vn -0.2857 -0.5210 -0.8043
vn -0.8132 -0.4834 0.3240
vn -0.7996 -0.3399 0.4951
vn -0.7038 -0.4300 0.5655
vn -0.7658 -0.5092 0.3928
vn -0.5124 -0.6432 0.5690
vn -0.6208 -0.6817 0.3872
vn -0.5991 -0.3579 0.7163
vn -0.7327 -0.1838 0.6552
vn -0.6127 -0.0447 0.7891
vn -0.4717 -0.2814 0.8357
vn -0.4362 0.0790 0.8964
vn -0.2991 -0.1664 0.9396
vn -0.1620 0.2339 0.9587
vn -0.0443 0.0267 0.9987
vn 0.1429 0.3919 0.9088
vn 0.2455 0.2485 0.9370
vn 0.4096 0.5094 0.7568
vn 0.4776 0.4220 0.7706
vn 0.6125 0.5654 0.5524
vn 0.6321 0.5259 0.5691
vn 0.7239 0.5766 0.3787
vn 0.7244 0.5790 0.3742
vn 0.8008 0.5714 0.1793
vn 0.7840 0.6059 0.1350
vn 0.8362 0.5401 -0.0954
vn 0.8015 0.4867 -0.3474
vn 0.7174 0.3978 -0.5719
vn 0.5709 0.2421 -0.7845
vn 0.3707 0.0500 -0.9274
vn 0.1475 -0.1522 -0.9773
vn 0.2370 -0.4243 -0.8740
vn -0.1095 -0.6109 -0.7841
vn -0.3598 -0.7682 -0.5296
vn -0.5413 -0.8000 0.2587
vn -0.6322 -0.6966 0.3393
vn -0.6942 -0.5017 0.5161
vn 0.8770 0.0631 0.4764
vn 0.9553 0.0456 0.2922
vn 0.9970 0.0178 0.0753
vn 0.9849 -0.0133 -0.1729
vn 0.8957 -0.0898 -0.4356
vn 0.7415 -0.1910 -0.6432
vn 0.5390 -0.2911 -0.7904
vn 0.7697 0.0730 0.6342
vn 0.6080 0.0754 0.7904
vn 0.3645 0.0831 0.9275
vn 0.0831 0.0354 0.9959
vn -0.2328 -0.0613 0.9706
vn -0.5518 -0.2542 0.7943
vn -0.4940 -0.8454 -0.2032
vn -0.4735 -0.8672 0.1542
vn -0.6221 -0.7150 -0.3190
vn -0.7759 -0.6308 -0.0078
vn -0.4849 -0.6522 -0.5826
vn -0.5931 -0.7081 -0.3831
vn -0.2876 -0.7588 -0.5844
vn -0.6974 -0.7160 0.0319
vn -0.5307 -0.7369 -0.4188
vn -0.6933 -0.6829 0.2303
vn -0.3764 -0.6825 -0.6265
vn -0.6482 -0.7568 -0.0848
vn -0.5286 -0.8242 -0.2030
vn -0.4323 -0.8245 -0.3651
vn -0.5564 -0.7647 -0.3252
vn -0.7535 -0.6010 -0.2665
vn -0.4770 -0.6353 -0.6074
vn -0.9380 -0.3340 -0.0927
vn -0.9785 -0.2052 0.0224
vn -0.9470 0.2052 0.2472
vn -0.8392 0.0990 0.5347
vn -0.8319 -0.1156 0.5428
vn -0.7113 0.0543 0.7008
vn 0.2439 -0.3667 0.8978
vn 0.6437 -0.6772 0.3564
vn 0.2228 -0.9008 0.3728
vn 0.6767 -0.7186 0.1601
vn 0.2271 -0.7887 -0.5713
vn -0.5725 -0.7573 0.3141
vn 0.2488 -0.9417 0.2263
vn -0.7534 -0.1609 0.6376
vn -0.8600 -0.4728 -0.1918
vn -0.7737 -0.4303 -0.4651
vn -0.9371 -0.0463 0.3460
vn -0.9319 0.1868 0.3110
vn -0.8822 -0.0774 0.4645
vn -0.0453 -0.6531 0.7559
vn 0.4028 -0.4854 0.7760
vn 0.1663 -0.8350 0.5245
vn -0.0550 -0.9696 -0.2383
vn -0.0894 -0.7610 -0.6425
vn -0.9051 -0.2625 -0.3345
vn -0.9805 0.1673 0.1028
vn -0.9223 -0.0634 0.3812
vn -0.9025 0.1505 0.4035
vn -0.2111 -0.1089 0.9714
vn 0.0709 -0.7498 0.6578
vn 0.5429 -0.5980 0.5897
vn 0.5634 -0.7781 -0.2777
vn -0.2826 -0.9053 -0.3172
vn -0.9810 -0.0532 0.1864
vn -0.9637 0.1987 0.1784
vn -0.4268 -0.3711 0.8247
vn 0.0228 -0.2317 0.9725
vn 0.1717 -0.9846 -0.0316
vn 0.4256 -0.7825 -0.4544
vn -0.9985 0.0380 -0.0394
vn -0.9573 -0.0479 0.2853
vn -0.2072 -0.5297 0.8225
vn 0.0906 -0.9857 -0.1420
vn -0.9924 0.1155 0.0430
vn -0.4805 -0.0083 0.8769
vn 0.6535 -0.7553 -0.0506
vn -0.9787 -0.1014 -0.1785
vn -0.9886 -0.1020 0.1106
vn -0.6446 -0.2355 0.7274
vn 0.2304 -0.9695 0.0840
vn -0.5406 0.6090 0.5804
vn -0.5502 0.5407 0.6363
vn -0.3069 0.5330 0.7885
vn -0.3438 0.6166 0.7082
vn 0.0576 0.4768 0.8771
vn 0.0043 0.5820 0.8132
vn 0.4655 0.3188 0.8256
vn 0.4676 0.4115 0.7823
vn 0.7152 0.1276 0.6872
vn 0.7706 0.1725 0.6135
vn 0.8159 -0.0362 0.5770
vn 0.8841 -0.0195 0.4668
vn 0.8576 -0.1920 0.4771
vn 0.9266 -0.2018 0.3173
vn 0.8494 -0.3202 0.4196
vn 0.9112 -0.3416 0.2301
vn 0.8121 -0.4240 0.4010
vn 0.8724 -0.4471 0.1978
vn 0.7870 -0.5990 0.1478
vn 0.8273 -0.5597 0.0483
vn 0.7229 -0.6715 -0.1629
vn 0.7941 -0.5973 -0.1125
vn 0.7121 -0.6389 -0.2911
vn 0.7995 -0.5674 -0.1970
vn 0.7263 -0.5897 -0.3533
vn 0.8162 -0.5212 -0.2493
vn 0.7445 -0.5354 -0.3989
vn 0.8267 -0.4715 -0.3071
vn 0.7100 -0.4826 -0.5129
vn 0.7825 -0.4199 -0.4598
vn 0.6056 -0.4367 -0.6652
vn 0.6345 -0.3589 -0.6846
vn 0.4024 -0.3859 -0.8302
vn 0.3899 -0.2844 -0.8758
vn 0.0600 -0.2487 -0.9667
vn 0.0914 -0.1630 -0.9824
vn -0.2476 -0.0526 -0.9674
vn -0.1664 -0.0011 -0.9861
vn -0.4192 0.0889 -0.9035
vn -0.3637 0.1511 -0.9192
vn -0.5636 0.2064 -0.7999
vn -0.5236 0.2764 -0.8059
vn -0.7156 0.3266 -0.6174
vn -0.6910 0.4112 -0.5945
vn -0.8281 0.4118 -0.3804
vn -0.8018 0.4990 -0.3289
vn -0.8748 0.4645 -0.1381
vn -0.8356 0.5358 -0.1209
vn -0.8480 0.5128 0.1339
vn -0.8079 0.5771 0.1195
vn -0.7331 0.5395 0.4141
vn -0.6965 0.6040 0.3874
vn -0.3910 -0.8597 0.3287
vn -0.9186 -0.2333 0.3191
vn -0.9003 -0.2593 0.3495
vn -0.3676 -0.8783 0.3056
vn -0.2708 -0.9440 0.1884
vn -0.7960 -0.3897 0.4631
vn -0.3909 -0.9143 0.1060
vn 0.0541 -0.6394 0.7669
vn 0.1795 -0.7220 0.6682
vn -0.4187 -0.9029 0.0978
vn -0.4467 -0.8796 0.1637
vn 0.3876 -0.8658 0.3164
vn -0.3149 -0.8538 0.4146
vn 0.1176 -0.9438 -0.3089
vn -0.1238 -0.9492 -0.2893
vn -0.2546 -0.8128 0.5240
vn -0.0880 -0.8847 0.4579
vn -0.6495 -0.7488 -0.1320
vn -0.7793 -0.6241 -0.0553
vn -0.1328 -0.9193 0.3704
vn -0.2928 -0.8983 0.3275
vn -0.9055 -0.3572 0.2290
vn -0.9147 -0.2909 0.2805
vn -0.3441 -0.8638 0.3681
vn -0.3487 -0.9315 0.1035
vn -0.5057 -0.4313 0.7471
vn -0.2860 -0.4613 0.8399
vn -0.3644 -0.9206 0.1401
vn -0.4192 -0.8751 0.2418
vn 0.4044 -0.9139 0.0359
vn 0.3386 -0.9298 -0.1445
vn -0.3920 -0.8747 0.2848
vn -0.1308 -0.8235 0.5520
vn -0.4212 -0.8821 -0.2111
vn -0.8514 -0.5199 0.0693
vn -0.1820 -0.9315 0.3150
vn -0.9190 -0.2570 0.2989
vn -0.3756 -0.8580 0.3503
vn -0.1173 -0.5443 0.8307
vn -0.3710 -0.9204 0.1235
vn 0.2555 -0.9285 -0.2694
vn -0.3437 -0.8788 0.3311
vn -0.9013 -0.4053 0.1530
vn -0.2720 -0.9175 0.2902
vn -0.6848 -0.4196 0.5958
vn -0.2978 -0.9476 0.1152
vn 0.4282 -0.8842 0.1867
vn -0.4220 -0.8833 0.2042
vn -0.8715 -0.3053 0.3838
vn -0.3299 -0.9071 0.2614
vn 0.2726 -0.8249 0.4953
vn -0.4692 -0.8772 0.1015
vn 0.8130 0.2604 0.5208
vn 0.5227 -0.8232 0.2217
vn 0.5173 -0.3001 0.8015
vn 0.6764 -0.2082 0.7065
vn 0.2940 -0.4268 0.8552
vn 0.3926 -0.0027 0.9197
vn 0.7256 -0.3766 -0.5759
vn 0.7034 -0.5626 -0.4344
vn 0.4475 -0.5660 -0.6924
vn 0.3430 -0.7896 -0.5088
vn -0.3137 -0.7300 -0.6072
vn -0.0284 -0.9158 -0.4007
vn -0.4922 -0.7197 -0.4897
vn -0.2641 -0.9486 -0.1745
vn 0.6131 0.1295 0.7793
vn 0.8773 0.3831 0.2890
vn 0.9127 0.3823 0.1442
vn 0.9538 0.2934 -0.0647
vn 0.9929 -0.1105 0.0436
vn -0.2769 -0.7990 0.5338
vn -0.1579 -0.7070 0.6894
vn -0.2505 -0.2978 0.9212
vn 0.0723 -0.1528 0.9856
vn 0.9663 0.1304 -0.2219
vn 0.5129 -0.6987 -0.4987
vn -0.1690 -0.9413 -0.2921
vn -0.7599 -0.6446 0.0839
vn -0.6323 -0.5130 0.5805
vn -0.4868 -0.4194 0.7662
vn 0.9169 -0.0621 0.3942
vn 0.9633 -0.2283 -0.1410
vn -0.3362 -0.9416 -0.0186
vn 0.1926 -0.6608 -0.7254
vn 0.1640 -0.8590 -0.4849
vn -0.6216 -0.7026 -0.3463
vn -0.7293 -0.5911 0.3445
vn 0.8880 0.3525 0.2953
vn 0.9155 -0.0781 0.3946
vn 0.8976 0.3229 0.3002
vn 0.9141 -0.0941 0.3945
vn 0.0422 -0.5758 0.8165
vn 0.8610 -0.3975 -0.3173
vn 0.8378 -0.1142 0.5339
vn -0.3598 -0.9188 0.1626
vn 0.9102 -0.1135 -0.3982
vn -0.0592 -0.7111 -0.7006
vn -0.7206 -0.6782 -0.1442
vn 0.9676 -0.0253 0.2512
vn -0.3402 -0.8711 0.3541
vn 0.7908 0.5559 0.2560
vn 0.7693 0.5549 0.3165
vn 0.6758 0.5559 0.4840
vn 0.7079 0.5601 0.4304
vn 0.5353 0.5475 0.6432
vn 0.5705 0.5561 0.6044
vn 0.2971 0.5194 0.8012
vn 0.3247 0.5308 0.7828
vn -0.0025 0.4538 0.8911
vn 0.0255 0.4632 0.8859
vn -0.3341 0.3431 0.8779
vn -0.2879 0.3515 0.8908
vn -0.6674 0.1591 0.7275
vn -0.5647 0.1863 0.8040
vn -0.8696 -0.0686 0.4890
vn -0.7357 -0.0219 0.6770
vn -0.9167 -0.2693 0.2950
vn -0.8122 -0.2477 0.5282
vn -0.8946 -0.4127 0.1714
vn -0.8207 -0.4354 0.3701
vn -0.8609 -0.5061 0.0522
vn -0.8039 -0.5565 0.2097
vn -0.8242 -0.5505 -0.1325
vn -0.7769 -0.6217 -0.0996
vn -0.8055 -0.5395 -0.2451
vn -0.7351 -0.5988 -0.3178
vn -0.8216 -0.5104 -0.2538
vn -0.7560 -0.5671 -0.3267
vn -0.7909 -0.4778 -0.3823
vn -0.7439 -0.5378 -0.3968
vn -0.6390 -0.3888 -0.6637
vn -0.6206 -0.4520 -0.6408
vn -0.3791 -0.2320 -0.8958
vn -0.3980 -0.3087 -0.8639
vn -0.0437 -0.0463 -0.9980
vn -0.1295 -0.1640 -0.9779
vn 0.2754 0.1131 -0.9547
vn 0.1730 -0.0113 -0.9848
vn 0.5120 0.2303 -0.8275
vn 0.4340 0.1306 -0.8914
vn 0.6974 0.3483 -0.6263
vn 0.6455 0.2738 -0.7131
vn 0.8148 0.4509 -0.3646
vn 0.7889 0.3991 -0.4672
vn 0.8536 0.5073 -0.1179
vn 0.8520 0.4748 -0.2206
vn 0.8360 0.5379 0.1081
vn 0.8510 0.5247 0.0226
vn 0.4294 -0.8586 0.2800
vn 0.8738 -0.0703 0.4812
vn 0.3796 -0.8847 0.2704
vn -0.5221 -0.8520 -0.0395
vn -0.5466 -0.8273 0.1296
vn 0.3991 -0.8864 0.2346
vn 0.3418 -0.8433 0.4147
vn -0.1919 -0.9226 -0.3347
vn 0.6989 -0.6858 -0.2032
vn 0.1476 -0.8510 0.5040
vn 0.5824 -0.7304 0.3567
vn 0.9684 0.0811 0.2357
vn 0.9920 0.0031 0.1259
vn 0.5456 -0.7508 0.3723
vn -0.5051 -0.7977 0.3294
vn 0.4388 -0.8782 0.1906
vn 0.4471 -0.8910 0.0792
vn -0.0867 -0.5918 0.8014
vn 0.4338 -0.9008 0.0217
vn 0.1932 -0.4966 0.8462
vn 0.9847 -0.1659 0.0536
vn 0.4386 -0.8153 0.3781
vn -0.3281 -0.9009 -0.2841
vn 0.3761 -0.8642 0.3343
vn 0.1832 -0.8120 0.5542
vn 0.4398 -0.8395 -0.3191
vn 0.4955 -0.3673 0.7871
vn 0.3930 -0.9186 0.0405
vn 0.7083 -0.2133 0.6729
vn 0.3852 -0.9096 0.1556
vn 0.9024 -0.4282 -0.0488
vn 0.2456 -0.8750 0.4171
vn -0.4004 -0.7459 0.5323
vn 0.4633 -0.8740 0.1468
vn 0.2963 -0.8136 0.5002
vn -0.0032 -0.9294 -0.3690
vn 0.5425 -0.7686 0.3392
vn 0.9470 0.0448 0.3182
vn 0.3736 -0.8808 0.2909
vn -0.4423 -0.8767 -0.1889
vn 0.2485 -0.8069 0.5359
vn 0.2142 -0.9032 -0.3720
vn 0.5795 -0.7401 0.3411
vn 0.9472 0.0753 0.3117
vn 0.9464 0.1053 0.3052
vn 0.6011 -0.7217 0.3434
vn -0.2712 -0.6715 0.6896
vn 0.4540 -0.8832 0.1176
vn -0.5502 0.7921 -0.2642
vn -0.3888 0.8689 -0.3064
vn -0.2579 0.8928 -0.3692
vn -0.1219 0.8945 -0.4302
vn 0.0464 0.8858 -0.4618
vn -0.8673 0.4288 0.2529
vn -0.8976 0.4262 0.1128
vn -0.8935 0.4491 0.0008
vn -0.8327 0.5382 -0.1304
vn -0.7083 0.6694 -0.2240
vn -0.7499 0.4754 0.4601
vn -0.5256 0.5915 0.6115
vn -0.2928 0.7118 0.6384
vn -0.1220 0.7827 0.6103
vn -0.0480 0.8205 0.5696
vn -0.0225 0.8399 0.5423
vn -0.0011 0.8383 0.5452
vn 0.0344 0.8136 0.5805
vn 0.1161 0.7708 0.6265
vn 0.3070 0.7026 0.6420
vn 0.5586 0.6000 0.5727
vn 0.7384 0.5026 0.4497
vn 0.8366 0.4468 0.3170
vn 0.8892 0.4156 0.1911
vn 0.9059 0.4194 0.0589
vn 0.8690 0.4885 -0.0784
vn 0.7820 0.5976 -0.1768
vn 0.6470 0.7168 -0.2602
vn 0.5087 0.7916 -0.3384
vn 0.3966 0.8248 -0.4031
vn 0.2365 0.8601 -0.4520
vn -0.0563 -0.9977 0.0366
vn -0.0559 -0.9951 0.0819
vn -0.0413 -0.9949 0.0919
vn -0.0391 -0.9961 0.0786
vn -0.0488 -0.9969 0.0618
vn -0.0575 -0.9970 0.0526
vn -0.0595 -0.9965 0.0581
vn -0.0505 -0.9954 0.0810
vn -0.0271 -0.9934 0.1116
vn 0.0047 -0.9913 0.1316
vn 0.0327 -0.9898 0.1388
vn 0.0551 -0.9886 0.1399
vn 0.0729 -0.9884 0.1331
vn 0.0797 -0.9893 0.1220
vn 0.0653 -0.9938 0.0903
vn 0.0250 -0.9980 0.0578
vn -0.0227 -0.9982 0.0552
vn -0.0501 -0.9969 0.0600
vn -0.0501 -0.9975 0.0508
vn -0.0369 -0.9990 0.0239
vn -0.0267 -0.9996 -0.0039
vn -0.0255 -0.9995 -0.0179
vn -0.0235 -0.9995 -0.0192
vn -0.0021 -0.9997 -0.0234
vn 0.0377 -0.9976 -0.0589
vn -0.0271 -0.9992 -0.0304
vn 0.0332 -0.9990 0.0315
vn 0.0470 -0.9965 0.0691
vn 0.0388 -0.9970 0.0666
vn 0.0348 -0.9983 0.0462
vn 0.0315 -0.9989 0.0357
vn 0.0274 -0.9987 0.0430
vn 0.0302 -0.9978 0.0584
vn 0.0361 -0.9971 0.0674
vn 0.0351 -0.9973 0.0649
vn 0.0223 -0.9981 0.0569
vn 0.0040 -0.9985 0.0544
vn -0.0100 -0.9983 0.0569
vn -0.0245 -0.9978 0.0613
vn -0.0443 -0.9966 0.0695
vn -0.0582 -0.9927 0.1059
vn -0.0541 -0.9881 0.1440
vn -0.0416 -0.9874 0.1525
vn -0.0346 -0.9873 0.1550
vn -0.0322 -0.9870 0.1577
vn -0.0362 -0.9866 0.1588
vn -0.0541 -0.9852 0.1628
vn -0.0586 -0.9791 0.1948
vn 0.0070 -0.9746 0.2237
vn 0.0864 -0.9833 0.1603
vn 0.0686 -0.9966 0.0465
vn 0.0133 -0.9993 -0.0347
vn -0.0054 -0.9983 -0.0580
vn -0.0273 -0.9993 -0.0237
vn -0.0821 -0.9910 -0.1059
vn -0.0320 -0.9858 -0.1651
vn 0.0458 -0.9901 -0.1329
vt 0.410625 0.352809
vt 0.422599 0.343709
vt 0.420063 0.332673
vt 0.404973 0.335054
vt 0.387362 0.335513
vt 0.388667 0.350624
vt 0.387303 0.364946
vt 0.401258 0.366498
vt 0.339259 0.638916
vt 0.327211 0.628931
vt 0.322981 0.637294
vt 0.336043 0.646707
vt 0.348835 0.652744
vt 0.351458 0.645591
vt 0.345313 0.447884
vt 0.346649 0.423138
vt 0.334437 0.420694
vt 0.330304 0.436894
vt 0.324632 0.448910
vt 0.336376 0.463344
vt 0.359594 0.444202
vt 0.358563 0.422626
vt 0.356603 0.471736
vt 0.366917 0.464806
vt 0.347755 0.481459
vt 0.323640 0.418210
vt 0.321529 0.407339
vt 0.310261 0.413215
vt 0.317753 0.426093
vt 0.335159 0.404288
vt 0.297265 0.421041
vt 0.306398 0.396473
vt 0.293549 0.399948
vt 0.277346 0.400205
vt 0.277716 0.416789
vt 0.274349 0.431715
vt 0.290254 0.438506
vt 0.311281 0.436311
vt 0.304234 0.448829
vt 0.184635 0.420600
vt 0.192927 0.398719
vt 0.178741 0.395614
vt 0.169023 0.413856
vt 0.206444 0.415713
vt 0.209488 0.398866
vt 0.188851 0.435850
vt 0.206719 0.429388
vt 0.154627 0.431056
vt 0.164797 0.438706
vt 0.171910 0.447849
vt 0.108417 0.341965
vt 0.107861 0.332807
vt 0.096348 0.334885
vt 0.102492 0.347017
vt 0.120279 0.348041
vt 0.123297 0.336333
vt 0.115593 0.359116
vt 0.097951 0.415123
vt 0.078265 0.414028
vt 0.075042 0.432071
vt 0.090595 0.437246
vt 0.110810 0.425709
vt 0.122872 0.408370
vt 0.112433 0.397642
vt 0.100751 0.442662
vt 0.068720 0.329720
vt 0.083028 0.326304
vt 0.081295 0.314553
vt 0.067390 0.314421
vt 0.080127 0.346019
vt 0.088184 0.339615
vt 0.049097 0.323656
vt 0.045699 0.333372
vt 0.060349 0.340694
vt 0.050030 0.312712
vt 0.072383 0.353379
vt 0.546151 0.347189
vt 0.533450 0.343967
vt 0.539372 0.331822
vt 0.550273 0.334246
vt 0.560825 0.335993
vt 0.558230 0.347729
vt 0.557773 0.363241
vt 0.546146 0.361658
vt 0.667139 0.521006
vt 0.675446 0.533988
vt 0.659051 0.541053
vt 0.649966 0.532504
vt 0.669019 0.499005
vt 0.685146 0.501898
vt 0.685421 0.520388
vt 0.686653 0.531346
vt 0.771170 0.522158
vt 0.761103 0.534973
vt 0.749989 0.531978
vt 0.752348 0.520673
vt 0.753680 0.503233
vt 0.770189 0.501217
vt 0.787328 0.534035
vt 0.776350 0.542876
vt 0.888238 0.335087
vt 0.903394 0.342519
vt 0.895268 0.349919
vt 0.879582 0.347223
vt 0.881941 0.319796
vt 0.897843 0.319870
vt 0.904481 0.331818
vt 0.862711 0.334131
vt 0.862994 0.319179
vt 0.860431 0.348077
vt 0.910890 0.338238
vt 0.728033 0.972024
vt 0.722879 0.971360
vt 0.726710 0.958923
vt 0.732292 0.961611
vt 0.558153 0.938875
vt 0.557484 0.927093
vt 0.563642 0.926221
vt 0.562886 0.939125
vt 0.713131 0.978298
vt 0.716220 0.967443
vt 0.718503 0.980326
vt 0.627963 0.590792
vt 0.624807 0.581923
vt 0.639240 0.571883
vt 0.644998 0.587740
vt 0.615054 0.600400
vt 0.611986 0.591282
vt 0.630416 0.609517
vt 0.617655 0.614625
vt 0.645235 0.606013
vt 0.659349 0.603067
vt 0.655958 0.622975
vt 0.643124 0.624832
vt 0.630298 0.627164
vt 0.659114 0.582979
vt 0.673741 0.578685
vt 0.673294 0.601503
vt 0.653678 0.563987
vt 0.668753 0.556210
vt 0.685274 0.550759
vt 0.688051 0.575909
vt 0.544849 0.468026
vt 0.548863 0.450690
vt 0.559295 0.452500
vt 0.556361 0.470010
vt 0.553456 0.488058
vt 0.542279 0.485699
vt 0.549507 0.506128
vt 0.538736 0.503144
vt 0.567266 0.472001
vt 0.563945 0.490705
vt 0.559748 0.509288
vt 0.554398 0.527420
vt 0.544231 0.523760
vt 0.574689 0.492794
vt 0.570181 0.511851
vt 0.564913 0.530438
vt 0.071405 0.514298
vt 0.081288 0.498643
vt 0.071603 0.492607
vt 0.062014 0.508364
vt 0.581055 0.513754
vt 0.575819 0.532430
vt 0.080326 0.520824
vt 0.090610 0.505427
vt 0.100470 0.489660
vt 0.091075 0.483136
vt 0.088809 0.528000
vt 0.099436 0.512600
vt 0.109438 0.496571
vt 0.119029 0.479780
vt 0.109937 0.472802
vt 0.107817 0.520028
vt 0.117959 0.503711
vt 0.127687 0.486879
vt 0.137825 0.470368
vt 0.129051 0.463131
vt 0.126077 0.510860
vt 0.135867 0.493921
vt 0.146032 0.477615
vt 0.157648 0.462257
vt 0.149467 0.454381
vt 0.143675 0.500765
vt 0.153790 0.484866
vt 0.165225 0.470463
vt 0.178648 0.458031
vt 0.161364 0.491860
vt 0.172585 0.478844
vt 0.185091 0.468187
vt 0.198582 0.460306
vt 0.193632 0.448311
vt 0.179471 0.486907
vt 0.191264 0.478350
vt 0.203918 0.471442
vt 0.215403 0.467986
vt 0.211954 0.455719
vt 0.951515 0.700572
vt 0.951153 0.712513
vt 0.938113 0.712036
vt 0.938386 0.699151
vt 0.938212 0.690731
vt 0.951357 0.690771
vt 0.938426 0.680863
vt 0.951134 0.681303
vt 0.938551 0.671366
vt 0.952324 0.671629
vt 0.226772 0.466112
vt 0.238673 0.465288
vt 0.239220 0.452919
vt 0.225621 0.453618
vt 0.239960 0.439880
vt 0.224570 0.440297
vt 0.208988 0.442878
vt 0.224298 0.427092
vt 0.241041 0.426626
vt 0.242296 0.413110
vt 0.224881 0.413493
vt 0.243372 0.398757
vt 0.226587 0.398543
vt 0.244195 0.383313
vt 0.228449 0.382591
vt 0.212915 0.381751
vt 0.230168 0.365992
vt 0.215743 0.364607
vt 0.201918 0.362708
vt 0.198341 0.380273
vt 0.188795 0.360036
vt 0.184704 0.377586
vt 0.176211 0.356611
vt 0.171907 0.373595
vt 0.165670 0.390622
vt 0.156506 0.407368
vt 0.159453 0.368336
vt 0.153321 0.384333
vt 0.144760 0.400278
vt 0.133338 0.416587
vt 0.143997 0.423825
vt 0.141275 0.376629
vt 0.133567 0.392056
vt 0.128971 0.368189
vt 0.122248 0.382150
vt 0.109455 0.369515
vt 0.101324 0.380091
vt 0.090656 0.389897
vt 0.097134 0.354854
vt 0.090262 0.362701
vt 0.082251 0.369835
vt 0.074064 0.374838
vt 0.078288 0.393878
vt 0.065566 0.359558
vt 0.820271 0.656957
vt 0.815434 0.662085
vt 0.804218 0.649384
vt 0.809679 0.643767
vt 0.054480 0.348881
vt 0.829826 0.667761
vt 0.825342 0.673292
vt 0.835205 0.682130
vt 0.831045 0.688898
vt 0.820799 0.679746
vt 0.810276 0.668655
vt 0.839002 0.676022
vt 0.848489 0.681840
vt 0.845185 0.688488
vt 0.042529 0.342358
vt 0.031467 0.330386
vt 0.030569 0.338904
vt 0.032652 0.321000
vt 0.017554 0.320518
vt 0.017473 0.330398
vt 0.019343 0.339526
vt 0.858452 0.685264
vt 0.854927 0.692362
vt 0.523075 0.337066
vt 0.526534 0.328438
vt 0.552390 0.615281
vt 0.564373 0.613471
vt 0.563251 0.621989
vt 0.552093 0.623048
vt 0.574569 0.619827
vt 0.575178 0.628708
vt 0.563158 0.630679
vt 0.551997 0.631484
vt 0.563173 0.640139
vt 0.551863 0.640907
vt 0.850969 0.700027
vt 0.846652 0.708597
vt 0.836741 0.703517
vt 0.841239 0.695553
vt 0.826475 0.696534
vt 0.831756 0.712398
vt 0.821427 0.705289
vt 0.810455 0.697256
vt 0.815740 0.687767
vt 0.798862 0.688986
vt 0.804649 0.677699
vt 0.787343 0.681489
vt 0.792878 0.667524
vt 0.798947 0.656669
vt 0.781185 0.658680
vt 0.786942 0.644258
vt 0.792639 0.634760
vt 0.774364 0.633050
vt 0.780845 0.619603
vt 0.787776 0.610690
vt 0.798524 0.627952
vt 0.761712 0.624184
vt 0.768616 0.606414
vt 0.777722 0.594407
vt 0.750002 0.618114
vt 0.756037 0.596516
vt 0.766541 0.579392
vt 0.743618 0.589037
vt 0.753156 0.566335
vt 0.069889 0.449033
vt 0.062483 0.465580
vt 0.071813 0.471317
vt 0.081397 0.454828
vt 0.081374 0.477042
vt 0.091279 0.460303
vt 0.100735 0.466320
vt 0.110260 0.448926
vt 0.120786 0.432712
vt 0.119795 0.455913
vt 0.130862 0.439887
vt 0.140502 0.447052
vt 0.062014 0.486972
vt 0.053493 0.481769
vt 0.043668 0.497631
vt 0.052430 0.502959
vt 0.720349 0.550415
vt 0.737596 0.556465
vt 0.730479 0.582597
vt 0.716770 0.578062
vt 0.702324 0.575710
vt 0.702585 0.548711
vt 0.534514 0.520814
vt 0.712869 0.605004
vt 0.699805 0.602423
vt 0.686900 0.601311
vt 0.695735 0.625746
vt 0.682533 0.623511
vt 0.669000 0.622437
vt 0.678316 0.642200
vt 0.665458 0.641171
vt 0.652866 0.641635
vt 0.662996 0.658663
vt 0.650986 0.658824
vt 0.638624 0.659456
vt 0.640529 0.642986
vt 0.625882 0.659802
vt 0.628046 0.644385
vt 0.613014 0.659564
vt 0.615591 0.645190
vt 0.617672 0.629795
vt 0.602403 0.645716
vt 0.603785 0.632695
vt 0.603510 0.620250
vt 0.589256 0.635640
vt 0.588969 0.625186
vt 0.587651 0.615632
vt 0.601907 0.608958
vt 0.584555 0.607648
vt 0.599332 0.599855
vt 0.551119 0.378944
vt 0.559977 0.380577
vt 0.562301 0.398171
vt 0.553991 0.395627
vt 0.563297 0.416066
vt 0.555200 0.413431
vt 0.569292 0.382869
vt 0.571718 0.400452
vt 0.573570 0.418570
vt 0.572542 0.436662
vt 0.562278 0.434770
vt 0.583083 0.403303
vt 0.584477 0.421390
vt 0.584158 0.439255
vt 0.581643 0.456734
vt 0.570152 0.454334
vt 0.596893 0.424789
vt 0.596502 0.442599
vt 0.593853 0.459680
vt 0.590260 0.476892
vt 0.578424 0.474428
vt 0.610096 0.446113
vt 0.607271 0.462862
vt 0.603111 0.479547
vt 0.597984 0.496852
vt 0.585897 0.494861
vt 0.621704 0.466314
vt 0.617239 0.482673
vt 0.611403 0.499365
vt 0.604868 0.516966
vt 0.592576 0.515286
vt 0.632635 0.486658
vt 0.626241 0.503051
vt 0.618300 0.519744
vt 0.610722 0.537574
vt 0.598766 0.535483
vt 0.644164 0.509704
vt 0.633026 0.524182
vt 0.623211 0.540484
vt 0.112898 0.551570
vt 0.123722 0.534986
vt 0.115796 0.527592
vt 0.104482 0.543533
vt 0.635555 0.545326
vt 0.122546 0.559003
vt 0.131749 0.541450
vt 0.141491 0.524024
vt 0.133862 0.517719
vt 0.132095 0.563911
vt 0.139540 0.546883
vt 0.148748 0.529460
vt 0.158400 0.512740
vt 0.151239 0.507220
vt 0.948973 0.769777
vt 0.949656 0.787011
vt 0.936676 0.788149
vt 0.935969 0.770131
vt 0.936474 0.753273
vt 0.949353 0.753050
vt 0.937251 0.738286
vt 0.950040 0.738018
vt 0.168588 0.498419
vt 0.937726 0.725161
vt 0.950680 0.724680
vt 0.950859 0.803695
vt 0.937888 0.805962
vt 0.951765 0.819910
vt 0.939072 0.822682
vt 0.952388 0.836445
vt 0.939779 0.836162
vt 0.935969 0.435949
vt 0.948000 0.431545
vt 0.950544 0.442501
vt 0.938091 0.446003
vt 0.951835 0.454956
vt 0.938667 0.456472
vt 0.952037 0.467623
vt 0.938906 0.468216
vt 0.951921 0.480339
vt 0.939094 0.480493
vt 0.952164 0.492568
vt 0.939364 0.492709
vt 0.952658 0.504343
vt 0.940017 0.503825
vt 0.953368 0.514636
vt 0.940634 0.513413
vt 0.953274 0.530205
vt 0.940557 0.528921
vt 0.952711 0.545566
vt 0.939708 0.543291
vt 0.951746 0.560115
vt 0.938783 0.559410
vt 0.951297 0.576206
vt 0.938345 0.575982
vt 0.951649 0.592480
vt 0.938599 0.592179
vt 0.952002 0.607086
vt 0.938833 0.606766
vt 0.952344 0.620085
vt 0.938957 0.620100
vt 0.951822 0.631554
vt 0.939184 0.632236
vt 0.951839 0.642931
vt 0.938825 0.644034
vt 0.951702 0.652577
vt 0.938587 0.653243
vt 0.951937 0.661941
vt 0.938689 0.663049
vt 0.250397 0.467191
vt 0.261397 0.470392
vt 0.265614 0.458288
vt 0.252766 0.454683
vt 0.269955 0.445420
vt 0.255210 0.441450
vt 0.257660 0.427894
vt 0.259779 0.414051
vt 0.260387 0.399466
vt 0.275778 0.383876
vt 0.260134 0.383854
vt 0.274451 0.367564
vt 0.259799 0.367537
vt 0.244957 0.366945
vt 0.259851 0.350746
vt 0.245803 0.350068
vt 0.231726 0.349006
vt 0.246827 0.333135
vt 0.233195 0.332075
vt 0.219682 0.330510
vt 0.217904 0.347442
vt 0.206454 0.328475
vt 0.204493 0.345452
vt 0.193566 0.326088
vt 0.191597 0.342861
vt 0.180802 0.323563
vt 0.178975 0.339863
vt 0.168055 0.321171
vt 0.166378 0.336716
vt 0.163750 0.352386
vt 0.153316 0.332814
vt 0.150802 0.347203
vt 0.146866 0.361877
vt 0.137353 0.341616
vt 0.133898 0.354972
vt 0.139399 0.328324
vt 0.124888 0.324417
vt 0.140646 0.315421
vt 0.125782 0.312510
vt 0.110349 0.311088
vt 0.109606 0.322337
vt 0.095254 0.312450
vt 0.095263 0.323654
vt 0.110609 0.299348
vt 0.094952 0.300670
vt 0.080660 0.302358
vt 0.094966 0.288593
vt 0.080394 0.289688
vt 0.066139 0.290232
vt 0.066652 0.302545
vt 0.050727 0.289588
vt 0.050516 0.301444
vt 0.034739 0.288453
vt 0.034214 0.299964
vt 0.033491 0.310810
vt 0.018811 0.298813
vt 0.018103 0.309924
vt 0.528266 0.307748
vt 0.528374 0.296294
vt 0.541905 0.296574
vt 0.541759 0.308783
vt 0.541182 0.320505
vt 0.527795 0.318549
vt 0.553586 0.309574
vt 0.552561 0.321965
vt 0.565120 0.310768
vt 0.563352 0.323513
vt 0.576941 0.312545
vt 0.575085 0.325515
vt 0.572240 0.338291
vt 0.569547 0.350891
vt 0.587774 0.328247
vt 0.585365 0.341513
vt 0.582772 0.355014
vt 0.580814 0.369673
vt 0.568475 0.365913
vt 0.600668 0.344515
vt 0.598789 0.359119
vt 0.596381 0.373849
vt 0.595636 0.389602
vt 0.580882 0.385780
vt 0.616637 0.362176
vt 0.614336 0.377770
vt 0.612330 0.393847
vt 0.611414 0.411014
vt 0.595993 0.406854
vt 0.631153 0.381573
vt 0.629049 0.398157
vt 0.627847 0.415374
vt 0.626594 0.432694
vt 0.611374 0.428701
vt 0.644242 0.402312
vt 0.643039 0.419426
vt 0.641834 0.436618
vt 0.640101 0.453644
vt 0.624733 0.449743
vt 0.657358 0.422637
vt 0.656933 0.440099
vt 0.655889 0.457606
vt 0.653542 0.474888
vt 0.637189 0.470296
vt 0.671661 0.442886
vt 0.671393 0.461148
vt 0.670303 0.479617
vt 0.649843 0.492050
vt 0.685998 0.463934
vt 0.685712 0.482871
vt 0.699590 0.465885
vt 0.699230 0.484672
vt 0.698551 0.502657
vt 0.698422 0.518349
vt 0.712388 0.485590
vt 0.711989 0.502757
vt 0.711800 0.517111
vt 0.711937 0.528933
vt 0.699186 0.529659
vt 0.725551 0.502772
vt 0.725323 0.517082
vt 0.724856 0.529035
vt 0.739386 0.503212
vt 0.738832 0.518252
vt 0.737492 0.529981
vt 0.725725 0.486036
vt 0.739362 0.485775
vt 0.753508 0.485028
vt 0.739273 0.467483
vt 0.753191 0.466567
vt 0.768131 0.464585
vt 0.769190 0.482562
vt 0.784082 0.461726
vt 0.786347 0.478342
vt 0.789715 0.494911
vt 0.794801 0.511773
vt 0.803190 0.473813
vt 0.807269 0.489357
vt 0.813201 0.505118
vt 0.820685 0.521098
vt 0.804797 0.525990
vt 0.823226 0.484801
vt 0.828656 0.500917
vt 0.834715 0.518198
vt 0.840564 0.536013
vt 0.827454 0.538107
vt 0.842146 0.498015
vt 0.847501 0.516087
vt 0.852987 0.534563
vt 0.388672 0.521699
vt 0.378072 0.506510
vt 0.368980 0.515210
vt 0.380039 0.529954
vt 0.859287 0.513961
vt 0.864796 0.532714
vt 0.397978 0.514370
vt 0.387761 0.498659
vt 0.377062 0.482712
vt 0.367336 0.490517
vt 0.407971 0.508091
vt 0.398014 0.491925
vt 0.387708 0.475943
vt 0.378632 0.458902
vt 0.408369 0.485977
vt 0.398618 0.469751
vt 0.390671 0.453446
vt 0.384994 0.436522
vt 0.372383 0.440509
vt 0.409378 0.463946
vt 0.402301 0.448065
vt 0.396766 0.432107
vt 0.393372 0.416001
vt 0.382117 0.418669
vt 0.283158 0.575785
vt 0.270444 0.563150
vt 0.263351 0.579539
vt 0.274850 0.590714
vt 0.286442 0.602147
vt 0.294206 0.589495
vt 0.298307 0.614183
vt 0.304758 0.603527
vt 0.269781 0.611328
vt 0.281642 0.619733
vt 0.293603 0.628295
vt 0.306388 0.637795
vt 0.310470 0.626350
vt 0.279379 0.639306
vt 0.291152 0.644955
vt 0.303548 0.651238
vt 0.317279 0.658149
vt 0.319743 0.647047
vt 0.290719 0.662230
vt 0.302369 0.665994
vt 0.315317 0.670103
vt 0.329274 0.675155
vt 0.331393 0.664719
vt 0.301774 0.681101
vt 0.313834 0.683429
vt 0.326458 0.686553
vt 0.337619 0.690353
vt 0.341026 0.679603
vt 0.311971 0.697195
vt 0.323413 0.699215
vt 0.333730 0.702236
vt 0.342898 0.705741
vt 0.346877 0.694078
vt 0.320338 0.712632
vt 0.330030 0.714812
vt 0.338846 0.717860
vt 0.347586 0.721135
vt 0.351567 0.708876
vt 0.326487 0.728283
vt 0.335009 0.730691
vt 0.343561 0.733494
vt 0.067075 0.723631
vt 0.075896 0.722408
vt 0.073642 0.709662
vt 0.064780 0.710915
vt 0.331556 0.743970
vt 0.339606 0.746271
vt 0.069674 0.736803
vt 0.078015 0.735532
vt 0.086655 0.734357
vt 0.084810 0.721120
vt 0.072166 0.750336
vt 0.080014 0.748992
vt 0.088202 0.747799
vt 0.096734 0.746749
vt 0.095583 0.733049
vt 0.082300 0.762673
vt 0.089819 0.761567
vt 0.097642 0.760758
vt 0.105999 0.760054
vt 0.105538 0.745827
vt 0.091619 0.775817
vt 0.098742 0.775050
vt 0.106659 0.774282
vt 0.115588 0.773247
vt 0.115203 0.759007
vt 0.100169 0.789517
vt 0.107498 0.788530
vt 0.115975 0.787564
vt 0.125585 0.786540
vt 0.125571 0.772001
vt 0.108647 0.803016
vt 0.116358 0.801894
vt 0.125564 0.800868
vt 0.135957 0.800054
vt 0.136240 0.785519
vt 0.117402 0.816205
vt 0.125908 0.815088
vt 0.135937 0.814218
vt 0.147390 0.813393
vt 0.147380 0.799363
vt 0.127059 0.829320
vt 0.136631 0.828248
vt 0.147847 0.827180
vt 0.160280 0.826172
vt 0.160152 0.812309
vt 0.137843 0.842269
vt 0.148626 0.841018
vt 0.160700 0.840011
vt 0.172930 0.839260
vt 0.172917 0.825242
vt 0.149705 0.854936
vt 0.161257 0.853867
vt 0.172980 0.853348
vt 0.184032 0.853234
vt 0.184251 0.839005
vt 0.161918 0.867849
vt 0.173002 0.867402
vt 0.183795 0.867385
vt 0.194073 0.867536
vt 0.194411 0.853364
vt 0.173255 0.881652
vt 0.183635 0.881592
vt 0.193721 0.881704
vt 0.203510 0.881856
vt 0.204026 0.867727
vt 0.183598 0.895981
vt 0.193420 0.895897
vt 0.203069 0.895921
vt 0.212604 0.895973
vt 0.213208 0.882011
vt 0.193216 0.910102
vt 0.202651 0.909992
vt 0.212003 0.909994
vt 0.221282 0.910061
vt 0.222112 0.896140
vt 0.202391 0.924000
vt 0.211478 0.923861
vt 0.220588 0.923842
vt 0.229716 0.923873
vt 0.230744 0.910331
vt 0.210949 0.937568
vt 0.219727 0.937462
vt 0.228555 0.937528
vt 0.237184 0.937913
vt 0.238752 0.924009
vt 0.218830 0.951196
vt 0.227245 0.951160
vt 0.235702 0.951448
vt 0.243929 0.951953
vt 0.245483 0.938467
vt 0.226346 0.964810
vt 0.234512 0.964403
vt 0.242809 0.964309
vt 0.250537 0.964487
vt 0.251558 0.952557
vt 0.233932 0.977445
vt 0.241944 0.976373
vt 0.249633 0.975800
vt 0.256600 0.975806
vt 0.257654 0.964898
vt 0.226007 0.978611
vt 0.218023 0.965230
vt 0.217757 0.979551
vt 0.209687 0.965592
vt 0.209494 0.980085
vt 0.201633 0.965880
vt 0.201203 0.980114
vt 0.193512 0.965964
vt 0.193169 0.979626
vt 0.185456 0.965912
vt 0.185591 0.979070
vt 0.177739 0.965817
vt 0.178411 0.978617
vt 0.170306 0.965907
vt 0.171601 0.978369
vt 0.163182 0.966372
vt 0.165041 0.978479
vt 0.156376 0.967294
vt 0.158596 0.979161
vt 0.150147 0.968395
vt 0.152235 0.980323
vt 0.144269 0.969090
vt 0.145970 0.980892
vt 0.138715 0.969379
vt 0.140365 0.981218
vt 0.133701 0.969616
vt 0.135177 0.981638
vt 0.129014 0.969851
vt 0.130466 0.981924
vt 0.124501 0.970039
vt 0.125918 0.982510
vt 0.119873 0.969979
vt 0.121202 0.982538
vt 0.288572 0.982538
vt 0.290270 0.970353
vt 0.286013 0.969663
vt 0.284255 0.981719
vt 0.281570 0.968914
vt 0.279668 0.980191
vt 0.275705 0.967669
vt 0.274429 0.978399
vt 0.270099 0.966416
vt 0.268772 0.977097
vt 0.264189 0.965574
vt 0.262959 0.976265
vt 0.270924 0.954979
vt 0.264866 0.954077
vt 0.258565 0.953285
vt 0.266452 0.941506
vt 0.260171 0.940353
vt 0.253235 0.939265
vt 0.263145 0.926533
vt 0.255703 0.925330
vt 0.247421 0.924488
vt 0.258427 0.911884
vt 0.249414 0.911015
vt 0.240148 0.910482
vt 0.251030 0.897712
vt 0.241411 0.896981
vt 0.231734 0.896557
vt 0.242585 0.883236
vt 0.232760 0.882681
vt 0.222981 0.882283
vt 0.233594 0.868793
vt 0.223674 0.868446
vt 0.213835 0.868058
vt 0.224271 0.854466
vt 0.214454 0.854013
vt 0.204504 0.853627
vt 0.214944 0.840032
vt 0.205025 0.839556
vt 0.194846 0.839140
vt 0.205529 0.825374
vt 0.195266 0.824997
vt 0.184523 0.824841
vt 0.195581 0.810810
vt 0.184778 0.810691
vt 0.172902 0.811255
vt 0.184859 0.796545
vt 0.172871 0.797181
vt 0.160055 0.798288
vt 0.172706 0.783104
vt 0.159930 0.784188
vt 0.147712 0.784873
vt 0.160237 0.769609
vt 0.148236 0.769993
vt 0.136484 0.770823
vt 0.148624 0.755404
vt 0.136848 0.756145
vt 0.125576 0.757504
vt 0.137017 0.741622
vt 0.125451 0.743237
vt 0.114965 0.744735
vt 0.125055 0.728889
vt 0.114577 0.730372
vt 0.104805 0.731690
vt 0.113364 0.716232
vt 0.103399 0.718015
vt 0.093870 0.719663
vt 0.101368 0.704443
vt 0.091815 0.706297
vt 0.082658 0.708067
vt 0.089908 0.693058
vt 0.080591 0.695308
vt 0.071579 0.697111
vt 0.078685 0.683061
vt 0.069866 0.685098
vt 0.061243 0.686297
vt 0.062822 0.698308
vt 0.068281 0.673586
vt 0.060146 0.674866
vt 0.355407 0.697191
vt 0.359220 0.686120
vt 0.350613 0.683244
vt 0.362710 0.675541
vt 0.354153 0.673268
vt 0.344009 0.669824
vt 0.357564 0.664114
vt 0.346617 0.660804
vt 0.333200 0.654925
vt 0.360265 0.655690
vt 0.368799 0.656636
vt 0.370781 0.648131
vt 0.362222 0.648195
vt 0.365844 0.665759
vt 0.058314 0.654014
vt 0.065664 0.652495
vt 0.064856 0.642996
vt 0.057614 0.644725
vt 0.059196 0.663997
vt 0.066913 0.662598
vt 0.075494 0.660227
vt 0.074174 0.649974
vt 0.076910 0.671296
vt 0.086417 0.668130
vt 0.085200 0.656821
vt 0.087951 0.680231
vt 0.098288 0.677322
vt 0.097559 0.664351
vt 0.099539 0.690835
vt 0.109996 0.688966
vt 0.109426 0.675151
vt 0.111508 0.702595
vt 0.122869 0.700824
vt 0.121654 0.687532
vt 0.124151 0.714556
vt 0.135929 0.712967
vt 0.135329 0.699276
vt 0.136659 0.727173
vt 0.148770 0.726027
vt 0.148605 0.711955
vt 0.148806 0.740621
vt 0.160619 0.740337
vt 0.160944 0.725747
vt 0.160536 0.755144
vt 0.172166 0.754668
vt 0.172113 0.740376
vt 0.172486 0.769116
vt 0.184339 0.768241
vt 0.184104 0.754000
vt 0.184756 0.782315
vt 0.195812 0.781930
vt 0.195635 0.767547
vt 0.195743 0.796491
vt 0.205857 0.796748
vt 0.205915 0.782043
vt 0.205853 0.811169
vt 0.215747 0.811531
vt 0.215717 0.796967
vt 0.215400 0.825910
vt 0.225170 0.826362
vt 0.225289 0.811894
vt 0.224780 0.840425
vt 0.234622 0.840827
vt 0.234886 0.826573
vt 0.234112 0.854865
vt 0.244080 0.855244
vt 0.244448 0.841094
vt 0.243510 0.869255
vt 0.253528 0.869837
vt 0.254137 0.855554
vt 0.252446 0.884034
vt 0.262046 0.885088
vt 0.263277 0.870675
vt 0.260590 0.898721
vt 0.269215 0.899861
vt 0.270894 0.886242
vt 0.266628 0.913123
vt 0.273751 0.914643
vt 0.276635 0.901067
vt 0.269531 0.928249
vt 0.275026 0.929826
vt 0.279361 0.916261
vt 0.272240 0.942757
vt 0.277892 0.943941
vt 0.280516 0.931549
vt 0.276561 0.956012
vt 0.281674 0.956818
vt 0.282591 0.944927
vt 0.287350 0.945766
vt 0.290013 0.934189
vt 0.285278 0.932872
vt 0.286350 0.957243
vt 0.291195 0.957921
vt 0.292046 0.946661
vt 0.117263 0.945496
vt 0.122037 0.944654
vt 0.118593 0.932565
vt 0.114133 0.934103
vt 0.294707 0.935551
vt 0.118705 0.957087
vt 0.123330 0.957127
vt 0.127986 0.956997
vt 0.126391 0.944068
vt 0.131312 0.943230
vt 0.127798 0.930023
vt 0.123179 0.931174
vt 0.132742 0.956741
vt 0.137575 0.956478
vt 0.136053 0.942625
vt 0.141020 0.942258
vt 0.138616 0.927870
vt 0.133199 0.928738
vt 0.142805 0.956139
vt 0.148304 0.955580
vt 0.146414 0.941844
vt 0.152802 0.941499
vt 0.151067 0.926864
vt 0.144567 0.927083
vt 0.154570 0.954887
vt 0.161501 0.954169
vt 0.159873 0.940941
vt 0.167719 0.940288
vt 0.166324 0.925984
vt 0.158263 0.926563
vt 0.169011 0.953487
vt 0.177080 0.952940
vt 0.175972 0.939485
vt 0.184606 0.938717
vt 0.184070 0.924709
vt 0.174925 0.925328
vt 0.185204 0.952578
vt 0.193463 0.952141
vt 0.193266 0.938211
vt 0.202186 0.937833
vt 0.193215 0.924261
vt 0.201947 0.951686
vt 0.210412 0.951338
vt 0.183714 0.910399
vt 0.173633 0.896160
vt 0.174138 0.910785
vt 0.163873 0.896511
vt 0.164897 0.911259
vt 0.154697 0.897264
vt 0.156427 0.911746
vt 0.146002 0.898477
vt 0.148593 0.912242
vt 0.138381 0.899849
vt 0.141472 0.913022
vt 0.131690 0.901195
vt 0.135159 0.914220
vt 0.125657 0.902473
vt 0.129267 0.915540
vt 0.120015 0.903700
vt 0.123619 0.916961
vt 0.114495 0.904865
vt 0.118574 0.918274
vt 0.109194 0.905645
vt 0.113049 0.920049
vt 0.104846 0.906196
vt 0.108752 0.921536
vt 0.299293 0.922852
vt 0.303347 0.907601
vt 0.298718 0.906370
vt 0.294405 0.921194
vt 0.293494 0.905069
vt 0.289607 0.919486
vt 0.288322 0.903774
vt 0.284629 0.917971
vt 0.282899 0.902366
vt 0.290770 0.889552
vt 0.285150 0.888437
vt 0.278545 0.887356
vt 0.286999 0.874414
vt 0.280351 0.873154
vt 0.272563 0.871921
vt 0.282653 0.858687
vt 0.274106 0.857228
vt 0.264196 0.856147
vt 0.275598 0.843224
vt 0.264845 0.841862
vt 0.254446 0.841276
vt 0.265533 0.827982
vt 0.254726 0.827042
vt 0.244672 0.826651
vt 0.255000 0.813058
vt 0.244524 0.812334
vt 0.234757 0.812130
vt 0.244564 0.798231
vt 0.234683 0.797455
vt 0.225294 0.797147
vt 0.234772 0.783097
vt 0.225066 0.782479
vt 0.215485 0.782322
vt 0.225429 0.768139
vt 0.215648 0.767466
vt 0.205968 0.767368
vt 0.216710 0.753149
vt 0.206381 0.752819
vt 0.195328 0.753148
vt 0.207008 0.739163
vt 0.195784 0.739581
vt 0.183984 0.740136
vt 0.195666 0.726021
vt 0.184061 0.726299
vt 0.172670 0.725916
vt 0.184365 0.711513
vt 0.172992 0.711461
vt 0.161110 0.711545
vt 0.172893 0.696385
vt 0.161104 0.697132
vt 0.148421 0.697997
vt 0.160566 0.682054
vt 0.147721 0.684191
vt 0.134484 0.686084
vt 0.146871 0.670076
vt 0.133933 0.672326
vt 0.121356 0.673728
vt 0.134322 0.657221
vt 0.122122 0.659227
vt 0.109740 0.661312
vt 0.122907 0.643746
vt 0.110136 0.647630
vt 0.096683 0.652396
vt 0.109141 0.634823
vt 0.095972 0.641247
vt 0.083911 0.646402
vt 0.094446 0.631010
vt 0.082450 0.636754
vt 0.072442 0.639935
vt 0.081453 0.627287
vt 0.071580 0.631201
vt 0.063872 0.634160
vt 0.092016 0.621617
vt 0.888568 0.360406
vt 0.883607 0.373741
vt 0.869752 0.375842
vt 0.873242 0.361087
vt 0.106643 0.623914
vt 0.103106 0.613815
vt 0.119746 0.615130
vt 0.115596 0.604057
vt 0.122557 0.628575
vt 0.135066 0.622832
vt 0.132755 0.606029
vt 0.135259 0.640207
vt 0.146774 0.636440
vt 0.146970 0.617192
vt 0.146524 0.654268
vt 0.158728 0.650516
vt 0.158690 0.632075
vt 0.159568 0.667066
vt 0.171665 0.663967
vt 0.170905 0.646619
vt 0.172463 0.680246
vt 0.183561 0.679000
vt 0.183367 0.661592
vt 0.183965 0.695874
vt 0.194672 0.695332
vt 0.194427 0.678280
vt 0.195273 0.711277
vt 0.206223 0.710532
vt 0.205281 0.694805
vt 0.206946 0.725151
vt 0.217824 0.724513
vt 0.217288 0.709642
vt 0.217753 0.739091
vt 0.227949 0.739459
vt 0.228477 0.724380
vt 0.226620 0.754221
vt 0.236209 0.755525
vt 0.237546 0.740814
vt 0.235402 0.769297
vt 0.245811 0.770925
vt 0.246543 0.757240
vt 0.245074 0.784526
vt 0.256046 0.786440
vt 0.256879 0.773025
vt 0.255448 0.799659
vt 0.267528 0.801866
vt 0.268049 0.788979
vt 0.266533 0.814707
vt 0.279112 0.817291
vt 0.280224 0.804673
vt 0.277263 0.829940
vt 0.287761 0.832329
vt 0.289869 0.819742
vt 0.285274 0.845106
vt 0.292736 0.847204
vt 0.295557 0.834299
vt 0.289527 0.860571
vt 0.295561 0.862487
vt 0.298868 0.849181
vt 0.292844 0.875715
vt 0.298250 0.877030
vt 0.301032 0.863932
vt 0.295938 0.890688
vt 0.301043 0.891735
vt 0.303195 0.878286
vt 0.308252 0.879515
vt 0.311069 0.866663
vt 0.306200 0.865297
vt 0.305859 0.892726
vt 0.102184 0.891185
vt 0.107248 0.890756
vt 0.105232 0.877096
vt 0.100188 0.877761
vt 0.110259 0.876360
vt 0.107717 0.862844
vt 0.102655 0.863781
vt 0.097659 0.864667
vt 0.112229 0.890369
vt 0.117578 0.889712
vt 0.115412 0.875603
vt 0.120656 0.874767
vt 0.118139 0.860604
vt 0.112790 0.861805
vt 0.122954 0.888867
vt 0.128929 0.887811
vt 0.126505 0.873744
vt 0.133203 0.872398
vt 0.130905 0.858020
vt 0.124013 0.859375
vt 0.135661 0.886465
vt 0.143519 0.884791
vt 0.141353 0.870681
vt 0.151086 0.869008
vt 0.139461 0.856463
vt 0.152799 0.883079
vt 0.162863 0.882024
vt 0.128768 0.843659
vt 0.119147 0.830545
vt 0.121465 0.844963
vt 0.112633 0.831885
vt 0.115335 0.846373
vt 0.107040 0.833170
vt 0.109824 0.847743
vt 0.101996 0.834406
vt 0.104854 0.848883
vt 0.096856 0.835692
vt 0.099802 0.850035
vt 0.091963 0.836878
vt 0.094757 0.851065
vt 0.314473 0.853567
vt 0.317804 0.840233
vt 0.312811 0.839038
vt 0.309565 0.852181
vt 0.307541 0.837626
vt 0.304228 0.850723
vt 0.301803 0.835975
vt 0.310341 0.824879
vt 0.304217 0.823344
vt 0.297718 0.821636
vt 0.306629 0.810467
vt 0.299307 0.808961
vt 0.290953 0.807108
vt 0.300565 0.796053
vt 0.291686 0.794353
vt 0.280718 0.791885
vt 0.292417 0.781291
vt 0.281525 0.778855
vt 0.268923 0.775813
vt 0.282661 0.765181
vt 0.270278 0.762595
vt 0.257926 0.759724
vt 0.271036 0.748976
vt 0.258811 0.746168
vt 0.247521 0.743132
vt 0.260220 0.732003
vt 0.249346 0.728139
vt 0.238834 0.725294
vt 0.251883 0.713805
vt 0.240234 0.710517
vt 0.228420 0.709260
vt 0.241553 0.697144
vt 0.228583 0.695170
vt 0.216550 0.694620
vt 0.229314 0.681088
vt 0.216729 0.679379
vt 0.205279 0.678456
vt 0.217640 0.662311
vt 0.206144 0.660686
vt 0.194725 0.660491
vt 0.207445 0.641095
vt 0.195178 0.641338
vt 0.183122 0.643332
vt 0.195346 0.619831
vt 0.182917 0.623012
vt 0.170767 0.627344
vt 0.182243 0.599998
vt 0.170497 0.605827
vt 0.158725 0.611702
vt 0.168292 0.583247
vt 0.157846 0.590480
vt 0.146098 0.598190
vt 0.151406 0.570938
vt 0.140059 0.582136
vt 0.127992 0.593912
vt 0.879357 0.407544
vt 0.880775 0.426124
vt 0.871006 0.427457
vt 0.868945 0.408931
vt 0.868160 0.392107
vt 0.880505 0.390246
vt 0.856808 0.412488
vt 0.854679 0.396075
vt 0.855146 0.379932
vt 0.841720 0.400266
vt 0.841428 0.383374
vt 0.843017 0.366541
vt 0.857533 0.364002
vt 0.844862 0.350488
vt 0.828406 0.369726
vt 0.829700 0.353450
vt 0.830683 0.337809
vt 0.846283 0.335173
vt 0.831216 0.322710
vt 0.846922 0.320307
vt 0.831313 0.308041
vt 0.847075 0.305972
vt 0.862459 0.304907
vt 0.847161 0.291881
vt 0.862557 0.291271
vt 0.877661 0.292188
vt 0.878301 0.305735
vt 0.892631 0.294339
vt 0.893959 0.307544
vt 0.907873 0.295049
vt 0.909299 0.307847
vt 0.911402 0.318697
vt 0.915080 0.328881
vt 0.445803 0.319357
vt 0.446752 0.308330
vt 0.432975 0.308873
vt 0.432881 0.320015
vt 0.433288 0.330807
vt 0.443710 0.330021
vt 0.433691 0.338990
vt 0.442389 0.337137
vt 0.418704 0.320896
vt 0.418166 0.308555
vt 0.402810 0.307199
vt 0.403060 0.321019
vt 0.387813 0.306655
vt 0.387261 0.320886
vt 0.372771 0.306527
vt 0.372146 0.321012
vt 0.371912 0.336021
vt 0.372557 0.351259
vt 0.357636 0.322298
vt 0.357842 0.337283
vt 0.358651 0.352801
vt 0.359535 0.367997
vt 0.373140 0.366125
vt 0.343812 0.339514
vt 0.344882 0.354786
vt 0.346171 0.370263
vt 0.347197 0.386136
vt 0.359839 0.384295
vt 0.330958 0.357497
vt 0.332654 0.373159
vt 0.334108 0.388668
vt 0.347576 0.403526
vt 0.318783 0.376759
vt 0.320146 0.392316
vt 0.304527 0.380391
vt 0.316944 0.361146
vt 0.302678 0.364921
vt 0.288639 0.366942
vt 0.290588 0.382865
vt 0.300864 0.349131
vt 0.287353 0.350578
vt 0.273762 0.350926
vt 0.287037 0.333951
vt 0.273827 0.333984
vt 0.260408 0.333743
vt 0.274530 0.317286
vt 0.261317 0.316947
vt 0.247980 0.316371
vt 0.262357 0.300553
vt 0.249120 0.299981
vt 0.235813 0.299118
vt 0.234589 0.315400
vt 0.222480 0.297884
vt 0.221222 0.313927
vt 0.209129 0.296225
vt 0.207952 0.312043
vt 0.195775 0.294321
vt 0.194868 0.309915
vt 0.182475 0.292532
vt 0.181887 0.307800
vt 0.169139 0.291194
vt 0.168814 0.306085
vt 0.155919 0.290516
vt 0.155777 0.304644
vt 0.155116 0.318712
vt 0.141424 0.302539
vt 0.141758 0.289631
vt 0.126652 0.288312
vt 0.126314 0.300543
vt 0.110925 0.287965
vt 0.127011 0.275752
vt 0.111316 0.275615
vt 0.095559 0.276280
vt 0.111707 0.263222
vt 0.095972 0.263869
vt 0.080637 0.264594
vt 0.080441 0.277140
vt 0.065816 0.265151
vt 0.065886 0.277749
vt 0.050951 0.265159
vt 0.050805 0.277544
vt 0.035651 0.264332
vt 0.035201 0.276599
vt 0.020691 0.263223
vt 0.020035 0.275328
vt 0.019434 0.287230
vt 0.528321 0.284267
vt 0.528288 0.271876
vt 0.541912 0.271483
vt 0.541790 0.284135
vt 0.554309 0.271506
vt 0.554051 0.284405
vt 0.553947 0.297067
vt 0.566068 0.285058
vt 0.565805 0.297993
vt 0.578201 0.286286
vt 0.577701 0.299402
vt 0.591280 0.287757
vt 0.590359 0.301160
vt 0.589398 0.314632
vt 0.604904 0.301841
vt 0.603838 0.316067
vt 0.602685 0.330597
vt 0.619433 0.315643
vt 0.618948 0.330857
vt 0.618558 0.346380
vt 0.634340 0.331693
vt 0.634072 0.348201
vt 0.632838 0.365065
vt 0.646475 0.350870
vt 0.646285 0.368158
vt 0.645447 0.385365
vt 0.657723 0.370682
vt 0.657767 0.388245
vt 0.657719 0.405489
vt 0.670070 0.389411
vt 0.671027 0.407142
vt 0.671479 0.424845
vt 0.684603 0.408026
vt 0.685372 0.426442
vt 0.685826 0.445076
vt 0.698843 0.427799
vt 0.699419 0.446765
vt 0.712157 0.428927
vt 0.712586 0.448064
vt 0.712677 0.467152
vt 0.725707 0.448748
vt 0.725802 0.467724
vt 0.739127 0.448733
vt 0.725432 0.429721
vt 0.738939 0.429995
vt 0.752884 0.429849
vt 0.752975 0.448100
vt 0.767404 0.429149
vt 0.767628 0.446817
vt 0.782436 0.427921
vt 0.782996 0.444891
vt 0.798093 0.425981
vt 0.798955 0.442197
vt 0.800553 0.458216
vt 0.814706 0.439163
vt 0.816391 0.454395
vt 0.819203 0.469519
vt 0.831515 0.450437
vt 0.834002 0.465534
vt 0.837555 0.481196
vt 0.847599 0.461968
vt 0.850485 0.478052
vt 0.854410 0.495407
vt 0.862461 0.475510
vt 0.865976 0.492761
vt 0.870367 0.511237
vt 0.875974 0.529735
vt 0.877766 0.490166
vt 0.881576 0.508024
vt 0.886790 0.525942
vt 0.418312 0.502563
vt 0.893527 0.505175
vt 0.897757 0.522880
vt 0.428031 0.496447
vt 0.418167 0.480442
vt 0.238542 0.545601
vt 0.220486 0.542059
vt 0.221565 0.566869
vt 0.236161 0.568174
vt 0.250436 0.571538
vt 0.255720 0.552863
vt 0.234760 0.593471
vt 0.246982 0.597133
vt 0.258525 0.603503
vt 0.245281 0.625728
vt 0.256608 0.630203
vt 0.267936 0.634582
vt 0.256399 0.652961
vt 0.268299 0.655537
vt 0.279509 0.658545
vt 0.268660 0.673817
vt 0.279646 0.676288
vt 0.290504 0.678800
vt 0.278970 0.692113
vt 0.289528 0.694207
vt 0.300431 0.695785
vt 0.287753 0.709449
vt 0.298633 0.710581
vt 0.309745 0.711337
vt 0.296949 0.724979
vt 0.307728 0.725439
vt 0.317647 0.726456
vt 0.305822 0.739478
vt 0.314940 0.740527
vt 0.323323 0.742040
vt 0.312474 0.754714
vt 0.320552 0.755906
vt 0.328422 0.757478
vt 0.336124 0.759363
vt 0.318110 0.769799
vt 0.325571 0.771002
vt 0.332769 0.772620
vt 0.074948 0.764091
vt 0.323047 0.784654
vt 0.329684 0.786028
vt 0.078342 0.778100
vt 0.084785 0.776852
vt 0.081851 0.792965
vt 0.087415 0.791760
vt 0.093679 0.790585
vt 0.090480 0.806850
vt 0.096099 0.805508
vt 0.102050 0.804219
vt 0.099019 0.820024
vt 0.104352 0.818717
vt 0.110398 0.817439
vt 0.093804 0.821533
vt 0.085301 0.808210
vt 0.088994 0.822877
vt 0.320814 0.827313
vt 0.323940 0.813836
vt 0.318746 0.812888
vt 0.315812 0.826165
vt 0.312939 0.811778
vt 0.321089 0.798896
vt 0.314970 0.798068
vt 0.308168 0.797239
vt 0.316355 0.783770
vt 0.309345 0.783442
vt 0.301676 0.782830
vt 0.310535 0.769062
vt 0.302717 0.768420
vt 0.293423 0.767135
vt 0.303987 0.753699
vt 0.294374 0.752588
vt 0.283309 0.751123
vt 0.295574 0.738753
vt 0.284199 0.737668
vt 0.272097 0.735467
vt 0.285691 0.724087
vt 0.274344 0.721876
vt 0.263189 0.718021
vt 0.277119 0.707259
vt 0.266270 0.704163
vt 0.254135 0.700249
vt 0.267773 0.689407
vt 0.255650 0.686350
vt 0.242570 0.683489
vt 0.256360 0.671279
vt 0.243418 0.668510
vt 0.230292 0.665343
vt 0.244309 0.649862
vt 0.231995 0.646204
vt 0.219709 0.642905
vt 0.233458 0.621875
vt 0.221064 0.619296
vt 0.208190 0.618485
vt 0.221940 0.592054
vt 0.208094 0.592509
vt 0.194631 0.595255
vt 0.206357 0.567911
vt 0.191863 0.571163
vt 0.179041 0.576567
vt 0.186217 0.547809
vt 0.172058 0.554370
vt 0.160996 0.561738
vt 0.885920 0.457666
vt 0.887513 0.471571
vt 0.874733 0.473444
vt 0.872617 0.458892
vt 0.871976 0.444618
vt 0.882970 0.443677
vt 0.860053 0.459784
vt 0.859934 0.444982
vt 0.859421 0.429345
vt 0.846131 0.446721
vt 0.845435 0.432405
vt 0.843863 0.417024
vt 0.830248 0.435853
vt 0.829185 0.420627
vt 0.828060 0.403854
vt 0.813807 0.423558
vt 0.813218 0.406968
vt 0.812973 0.389939
vt 0.827716 0.386719
vt 0.813248 0.372989
vt 0.797588 0.392748
vt 0.797537 0.376018
vt 0.797847 0.359254
vt 0.813901 0.356618
vt 0.798535 0.343126
vt 0.814697 0.340740
vt 0.799047 0.327391
vt 0.815004 0.325339
vt 0.799367 0.311883
vt 0.815073 0.310273
vt 0.799621 0.296524
vt 0.814889 0.295514
vt 0.831061 0.293591
vt 0.814910 0.280880
vt 0.830933 0.279563
vt 0.847193 0.278295
vt 0.830860 0.265621
vt 0.847163 0.264625
vt 0.863230 0.263800
vt 0.862880 0.277464
vt 0.878083 0.264304
vt 0.877591 0.278411
vt 0.892537 0.266382
vt 0.892288 0.280708
vt 0.906735 0.267897
vt 0.907074 0.282029
vt 0.447331 0.282608
vt 0.447166 0.268689
vt 0.433078 0.269363
vt 0.433098 0.283240
vt 0.433070 0.296215
vt 0.447191 0.295531
vt 0.418853 0.282203
vt 0.418522 0.295601
vt 0.403639 0.279950
vt 0.403298 0.293520
vt 0.388850 0.278873
vt 0.388414 0.292650
vt 0.373607 0.278761
vt 0.373332 0.292531
vt 0.358233 0.279532
vt 0.357991 0.293422
vt 0.357727 0.307583
vt 0.343024 0.295185
vt 0.342992 0.309604
vt 0.343188 0.324446
vt 0.328462 0.312408
vt 0.328845 0.327374
vt 0.329618 0.342379
vt 0.314240 0.330819
vt 0.315056 0.345959
vt 0.300283 0.333252
vt 0.314052 0.315440
vt 0.300628 0.317131
vt 0.287668 0.317443
vt 0.301350 0.301188
vt 0.288588 0.301243
vt 0.275517 0.300938
vt 0.289561 0.285335
vt 0.276538 0.284971
vt 0.263400 0.284536
vt 0.277520 0.269338
vt 0.264393 0.268860
vt 0.251108 0.268334
vt 0.250171 0.283980
vt 0.237746 0.267760
vt 0.236877 0.283266
vt 0.224260 0.266984
vt 0.223493 0.282232
vt 0.210642 0.265852
vt 0.210007 0.280829
vt 0.196870 0.264512
vt 0.196421 0.279227
vt 0.183002 0.263256
vt 0.182776 0.277693
vt 0.169117 0.262428
vt 0.169197 0.276732
vt 0.155391 0.262411
vt 0.155632 0.276565
vt 0.142028 0.262818
vt 0.141985 0.276370
vt 0.127273 0.262959
vt 0.141667 0.248925
vt 0.127292 0.249941
vt 0.111894 0.250603
vt 0.127045 0.236573
vt 0.111815 0.237803
vt 0.096289 0.238747
vt 0.096239 0.251330
vt 0.080901 0.239300
vt 0.080825 0.251949
vt 0.065796 0.239615
vt 0.065809 0.252398
vt 0.050938 0.239592
vt 0.050973 0.252482
vt 0.036141 0.238988
vt 0.035968 0.251828
vt 0.021817 0.237920
vt 0.021327 0.250706
vt 0.528449 0.246343
vt 0.528725 0.233253
vt 0.542056 0.232625
vt 0.541888 0.245686
vt 0.541934 0.258668
vt 0.528323 0.259277
vt 0.554728 0.245386
vt 0.554546 0.258393
vt 0.567166 0.245772
vt 0.566770 0.258902
vt 0.566451 0.272077
vt 0.579267 0.260022
vt 0.578799 0.273111
vt 0.593149 0.261109
vt 0.592143 0.274324
vt 0.608036 0.260154
vt 0.606909 0.273931
vt 0.605884 0.287797
vt 0.621948 0.272100
vt 0.621037 0.286374
vt 0.620327 0.300885
vt 0.634843 0.286094
vt 0.634628 0.300764
vt 0.634462 0.315906
vt 0.646868 0.302266
vt 0.646913 0.317719
vt 0.646862 0.333815
vt 0.657721 0.319568
vt 0.657708 0.335903
vt 0.657699 0.353205
vt 0.668559 0.337108
vt 0.668646 0.354304
vt 0.669109 0.371777
vt 0.681415 0.354769
vt 0.682335 0.372060
vt 0.683501 0.389791
vt 0.695910 0.372605
vt 0.696999 0.390499
vt 0.698029 0.408960
vt 0.710787 0.391488
vt 0.711524 0.410003
vt 0.724766 0.392619
vt 0.725079 0.410962
vt 0.738859 0.393431
vt 0.738842 0.411543
vt 0.753078 0.393882
vt 0.752856 0.411757
vt 0.767468 0.394148
vt 0.767298 0.411592
vt 0.782172 0.394120
vt 0.782158 0.410965
vt 0.797734 0.409409
vt 0.768004 0.376863
vt 0.782689 0.377189
vt 0.768517 0.359943
vt 0.783246 0.360255
vt 0.768927 0.343408
vt 0.783698 0.343700
vt 0.769419 0.327396
vt 0.784272 0.327785
vt 0.769904 0.311760
vt 0.784710 0.312124
vt 0.770443 0.296422
vt 0.785319 0.296574
vt 0.770834 0.281353
vt 0.785706 0.281328
vt 0.800084 0.281351
vt 0.786054 0.266430
vt 0.800433 0.266527
vt 0.814970 0.266380
vt 0.800789 0.251756
vt 0.815099 0.252077
vt 0.830945 0.251839
vt 0.815615 0.237742
vt 0.831122 0.238141
vt 0.847118 0.237759
vt 0.847178 0.251154
vt 0.863061 0.236847
vt 0.863288 0.250259
vt 0.878780 0.236197
vt 0.878645 0.250315
vt 0.892874 0.237113
vt 0.892798 0.251890
vt 0.906553 0.238309
vt 0.906693 0.253228
vt 0.446609 0.254341
vt 0.446037 0.239707
vt 0.432613 0.240296
vt 0.432908 0.255047
vt 0.418862 0.239658
vt 0.418919 0.254082
vt 0.418825 0.268252
vt 0.404105 0.252161
vt 0.403903 0.266126
vt 0.389004 0.251313
vt 0.388997 0.265081
vt 0.373764 0.251377
vt 0.373744 0.265109
vt 0.358474 0.251897
vt 0.358367 0.265706
vt 0.343626 0.252938
vt 0.343414 0.266958
vt 0.343191 0.281038
vt 0.328962 0.268522
vt 0.328578 0.283002
vt 0.328348 0.297632
vt 0.314820 0.284760
vt 0.314298 0.300022
vt 0.302113 0.285415
vt 0.315420 0.269783
vt 0.302910 0.270067
vt 0.290465 0.269794
vt 0.303735 0.254996
vt 0.291364 0.254552
vt 0.278506 0.254001
vt 0.292246 0.239552
vt 0.279517 0.238865
vt 0.266357 0.238340
vt 0.265379 0.253483
vt 0.252864 0.237932
vt 0.251992 0.253017
vt 0.239206 0.237566
vt 0.238487 0.252539
vt 0.225422 0.237147
vt 0.224881 0.251939
vt 0.211533 0.236494
vt 0.211142 0.251069
vt 0.197504 0.235657
vt 0.197247 0.249997
vt 0.183314 0.234823
vt 0.183188 0.248986
vt 0.169162 0.234214
vt 0.169150 0.248315
vt 0.155066 0.234156
vt 0.155209 0.248180
vt 0.141113 0.235076
vt 0.154771 0.220269
vt 0.140547 0.221286
vt 0.126411 0.223064
vt 0.139817 0.207552
vt 0.125531 0.209494
vt 0.110932 0.211507
vt 0.111395 0.224660
vt 0.095789 0.212909
vt 0.096164 0.225904
vt 0.080666 0.213692
vt 0.080858 0.226551
vt 0.065656 0.213817
vt 0.065758 0.226693
vt 0.050838 0.213553
vt 0.050868 0.226584
vt 0.036230 0.212838
vt 0.036185 0.225962
vt 0.022252 0.211666
vt 0.022066 0.224874
vt 0.529121 0.220016
vt 0.529468 0.206665
vt 0.542809 0.205953
vt 0.542401 0.219395
vt 0.555871 0.205689
vt 0.555332 0.219099
vt 0.554967 0.232309
vt 0.568237 0.219367
vt 0.567679 0.232614
vt 0.581348 0.220378
vt 0.580557 0.233837
vt 0.579800 0.247129
vt 0.594152 0.234131
vt 0.593712 0.247661
vt 0.609162 0.232239
vt 0.608600 0.246024
vt 0.623367 0.230180
vt 0.623148 0.243857
vt 0.622694 0.257907
vt 0.636266 0.243509
vt 0.635887 0.257583
vt 0.635380 0.271851
vt 0.647483 0.258897
vt 0.647153 0.273029
vt 0.646903 0.287457
vt 0.658235 0.274000
vt 0.657922 0.288619
vt 0.657900 0.303754
vt 0.669027 0.289544
vt 0.668701 0.304911
vt 0.668613 0.320762
vt 0.680853 0.305789
vt 0.680874 0.321555
vt 0.680965 0.337905
vt 0.694248 0.322423
vt 0.694466 0.338615
vt 0.695023 0.355323
vt 0.708853 0.339709
vt 0.709372 0.356366
vt 0.710034 0.373607
vt 0.724182 0.357673
vt 0.724529 0.374875
vt 0.738929 0.358612
vt 0.738947 0.375773
vt 0.753705 0.359315
vt 0.753402 0.376376
vt 0.738921 0.342097
vt 0.753975 0.342830
vt 0.739041 0.326111
vt 0.754302 0.326827
vt 0.739317 0.310568
vt 0.754682 0.311277
vt 0.739660 0.295345
vt 0.755115 0.296054
vt 0.739994 0.280419
vt 0.755488 0.281093
vt 0.740314 0.265675
vt 0.755798 0.266337
vt 0.771163 0.266495
vt 0.756056 0.251767
vt 0.771429 0.251863
vt 0.786400 0.251670
vt 0.771606 0.237419
vt 0.786586 0.237095
vt 0.801156 0.237096
vt 0.786777 0.222698
vt 0.801554 0.222770
vt 0.816232 0.223548
vt 0.801973 0.208499
vt 0.816698 0.209349
vt 0.831549 0.210317
vt 0.831382 0.224334
vt 0.846572 0.210231
vt 0.846923 0.224236
vt 0.861712 0.209648
vt 0.862568 0.223373
vt 0.876825 0.208225
vt 0.878315 0.222121
vt 0.891471 0.207537
vt 0.892569 0.222279
vt 0.905401 0.207979
vt 0.906219 0.223092
vt 0.445692 0.224704
vt 0.445864 0.209774
vt 0.432317 0.210486
vt 0.432371 0.225394
vt 0.418477 0.210460
vt 0.418594 0.225060
vt 0.403996 0.209950
vt 0.404074 0.224135
vt 0.404088 0.238253
vt 0.388993 0.223653
vt 0.389000 0.237534
vt 0.373739 0.223798
vt 0.373747 0.237667
vt 0.358604 0.224174
vt 0.358553 0.238065
vt 0.344033 0.224874
vt 0.343846 0.238932
vt 0.330280 0.225616
vt 0.329771 0.239900
vt 0.329289 0.254227
vt 0.316821 0.240398
vt 0.316097 0.255060
vt 0.304515 0.240178
vt 0.317666 0.225872
vt 0.305389 0.225424
vt 0.293111 0.224667
vt 0.306160 0.210689
vt 0.293979 0.209869
vt 0.281323 0.209122
vt 0.280446 0.223978
vt 0.268145 0.208619
vt 0.267278 0.223416
vt 0.254437 0.208405
vt 0.253688 0.223105
vt 0.240428 0.208336
vt 0.239856 0.222853
vt 0.226284 0.208202
vt 0.225889 0.222578
vt 0.212024 0.207882
vt 0.211829 0.222103
vt 0.197707 0.207396
vt 0.197651 0.221459
vt 0.183271 0.206847
vt 0.183356 0.220760
vt 0.168780 0.206457
vt 0.169039 0.220245
vt 0.154320 0.206538
vt 0.168443 0.192804
vt 0.153800 0.193006
vt 0.139117 0.194035
vt 0.153286 0.179589
vt 0.138568 0.180593
vt 0.123963 0.182236
vt 0.124608 0.195836
vt 0.109370 0.184409
vt 0.110142 0.198018
vt 0.094689 0.186242
vt 0.095249 0.199640
vt 0.079988 0.187251
vt 0.080372 0.200604
vt 0.065331 0.187514
vt 0.065516 0.200764
vt 0.050828 0.187138
vt 0.050837 0.200397
vt 0.036539 0.186306
vt 0.036389 0.199620
vt 0.022649 0.185095
vt 0.022447 0.198399
vt 0.529701 0.193290
vt 0.529779 0.179925
vt 0.543373 0.178934
vt 0.543162 0.192457
vt 0.556597 0.178514
vt 0.556335 0.192127
vt 0.569765 0.178852
vt 0.569295 0.192310
vt 0.568796 0.206015
vt 0.582856 0.193211
vt 0.581966 0.206882
vt 0.596866 0.192789
vt 0.595924 0.206550
vt 0.594980 0.220332
vt 0.610660 0.204347
vt 0.609845 0.218287
vt 0.624524 0.202754
vt 0.623931 0.216587
vt 0.637043 0.202491
vt 0.636872 0.216197
vt 0.636653 0.229731
vt 0.648687 0.216801
vt 0.648392 0.230720
vt 0.647998 0.244831
vt 0.659482 0.231593
vt 0.659167 0.245794
vt 0.658716 0.259915
vt 0.670513 0.246447
vt 0.670136 0.260659
vt 0.669591 0.274893
vt 0.681999 0.261190
vt 0.681610 0.275734
vt 0.681107 0.290557
vt 0.695073 0.276683
vt 0.694647 0.291589
vt 0.694325 0.306716
vt 0.709113 0.292942
vt 0.708747 0.308059
vt 0.708626 0.323625
vt 0.724044 0.309542
vt 0.723824 0.325038
vt 0.723885 0.341055
vt 0.724319 0.294345
vt 0.709516 0.278009
vt 0.724647 0.279404
vt 0.709838 0.263279
vt 0.724951 0.264645
vt 0.710124 0.248787
vt 0.725263 0.250143
vt 0.740605 0.251170
vt 0.725566 0.235864
vt 0.740857 0.236855
vt 0.756274 0.237438
vt 0.741110 0.222641
vt 0.756457 0.223200
vt 0.771746 0.223079
vt 0.756568 0.208952
vt 0.771858 0.208844
vt 0.787046 0.208470
vt 0.771936 0.194846
vt 0.787157 0.194356
vt 0.802154 0.194258
vt 0.787091 0.180290
vt 0.802131 0.180030
vt 0.816906 0.180469
vt 0.816963 0.194985
vt 0.831270 0.181094
vt 0.831519 0.195822
vt 0.845503 0.181131
vt 0.846060 0.195960
vt 0.859702 0.180642
vt 0.860562 0.195388
vt 0.874081 0.179856
vt 0.875108 0.194143
vt 0.888877 0.179220
vt 0.890062 0.193262
vt 0.903392 0.179149
vt 0.904327 0.193345
vt 0.446376 0.195328
vt 0.446919 0.181371
vt 0.432630 0.181850
vt 0.432448 0.195933
vt 0.418323 0.182048
vt 0.418391 0.196102
vt 0.403712 0.182000
vt 0.403794 0.195947
vt 0.388756 0.182110
vt 0.388799 0.195984
vt 0.388919 0.209827
vt 0.373655 0.196177
vt 0.373717 0.210003
vt 0.358680 0.196470
vt 0.358657 0.210323
vt 0.344298 0.196786
vt 0.344142 0.210812
vt 0.331106 0.196919
vt 0.330616 0.211323
vt 0.318897 0.196690
vt 0.318244 0.211303
vt 0.306939 0.196028
vt 0.319537 0.182188
vt 0.307614 0.181402
vt 0.295516 0.180505
vt 0.294802 0.195159
vt 0.282927 0.179817
vt 0.282157 0.194449
vt 0.269664 0.179515
vt 0.268950 0.194000
vt 0.255589 0.179577
vt 0.255072 0.193902
vt 0.241213 0.179836
vt 0.240896 0.193995
vt 0.226677 0.180034
vt 0.226551 0.194030
vt 0.212072 0.179994
vt 0.212107 0.193863
vt 0.197421 0.179766
vt 0.197623 0.193515
vt 0.182746 0.179456
vt 0.183050 0.193108
vt 0.168028 0.179285
vt 0.182327 0.165889
vt 0.167537 0.165808
vt 0.152785 0.166152
vt 0.166948 0.152298
vt 0.152200 0.152680
vt 0.137478 0.153647
vt 0.138054 0.167122
vt 0.122845 0.155208
vt 0.123508 0.168698
vt 0.108274 0.157281
vt 0.108770 0.170806
vt 0.093695 0.159204
vt 0.094151 0.172746
vt 0.079256 0.160317
vt 0.079576 0.173748
vt 0.064952 0.160509
vt 0.065132 0.174019
vt 0.050785 0.160172
vt 0.050809 0.173724
vt 0.036725 0.159334
vt 0.036650 0.172881
vt 0.022809 0.158158
vt 0.022759 0.171687
vt 0.529714 0.166516
vt 0.529434 0.153033
vt 0.543165 0.151677
vt 0.543400 0.165356
vt 0.556655 0.150959
vt 0.556756 0.164845
vt 0.569886 0.151157
vt 0.569968 0.165104
vt 0.583560 0.151596
vt 0.583540 0.165574
vt 0.583534 0.179623
vt 0.597593 0.164524
vt 0.597434 0.178549
vt 0.611945 0.162265
vt 0.611611 0.176231
vt 0.611229 0.190428
vt 0.625480 0.175000
vt 0.625007 0.188785
vt 0.637748 0.174873
vt 0.637365 0.188700
vt 0.649422 0.175580
vt 0.649106 0.189275
vt 0.648827 0.202924
vt 0.660624 0.189816
vt 0.660289 0.203489
vt 0.659870 0.217426
vt 0.671771 0.204126
vt 0.671119 0.218035
vt 0.670661 0.232217
vt 0.682856 0.218688
vt 0.682298 0.232633
vt 0.682148 0.246838
vt 0.695974 0.233294
vt 0.695657 0.247536
vt 0.695416 0.261948
vt 0.710486 0.234580
vt 0.696440 0.219447
vt 0.710833 0.220539
vt 0.725849 0.221682
vt 0.711113 0.206527
vt 0.726075 0.207666
vt 0.741309 0.208550
vt 0.726227 0.193652
vt 0.741373 0.194516
vt 0.756634 0.194961
vt 0.741427 0.180517
vt 0.756666 0.180981
vt 0.771902 0.180843
vt 0.756603 0.166932
vt 0.771826 0.166778
vt 0.786945 0.166190
vt 0.771616 0.152731
vt 0.786665 0.151984
vt 0.801470 0.151411
vt 0.801868 0.165786
vt 0.816097 0.151326
vt 0.816592 0.165889
vt 0.830472 0.151454
vt 0.830887 0.166203
vt 0.844707 0.151447
vt 0.845025 0.166241
vt 0.858945 0.151258
vt 0.859191 0.165902
vt 0.873416 0.150996
vt 0.873630 0.165411
vt 0.888042 0.150856
vt 0.888263 0.165072
vt 0.902738 0.151037
vt 0.902876 0.165095
vt 0.447329 0.167596
vt 0.447708 0.153798
vt 0.433114 0.154037
vt 0.432795 0.168009
vt 0.418817 0.154086
vt 0.418466 0.168122
vt 0.404084 0.154165
vt 0.403836 0.168075
vt 0.388983 0.154405
vt 0.388830 0.168247
vt 0.373803 0.154605
vt 0.373699 0.168453
vt 0.373649 0.182343
vt 0.358881 0.168635
vt 0.358764 0.182590
vt 0.344860 0.168650
vt 0.344572 0.182737
vt 0.332208 0.168419
vt 0.331627 0.182636
vt 0.320137 0.167894
vt 0.332555 0.154272
vt 0.320585 0.153662
vt 0.308700 0.152742
vt 0.308198 0.167044
vt 0.296675 0.151350
vt 0.296113 0.165955
vt 0.284175 0.150721
vt 0.283641 0.165242
vt 0.270320 0.151029
vt 0.270229 0.165118
vt 0.255797 0.151516
vt 0.255882 0.165415
vt 0.241251 0.152005
vt 0.241342 0.165862
vt 0.226470 0.152461
vt 0.226673 0.166186
vt 0.211522 0.152622
vt 0.211882 0.166248
vt 0.196615 0.152522
vt 0.197100 0.166101
vt 0.181753 0.152349
vt 0.195956 0.138999
vt 0.181039 0.138790
vt 0.166208 0.138724
vt 0.180244 0.125233
vt 0.165392 0.125114
vt 0.150628 0.125378
vt 0.151459 0.139082
vt 0.136034 0.126203
vt 0.136824 0.139989
vt 0.121598 0.127731
vt 0.122297 0.141546
vt 0.107322 0.129808
vt 0.107894 0.143632
vt 0.092950 0.131777
vt 0.093357 0.145553
vt 0.078721 0.132898
vt 0.079035 0.146660
vt 0.064678 0.133067
vt 0.064818 0.146859
vt 0.050692 0.132646
vt 0.050757 0.146488
vt 0.036804 0.131752
vt 0.036757 0.145634
vt 0.022909 0.130448
vt 0.022842 0.144429
vt 0.528938 0.139356
vt 0.528372 0.125405
vt 0.542131 0.123835
vt 0.542670 0.137871
vt 0.555634 0.122955
vt 0.556221 0.136981
vt 0.569229 0.123064
vt 0.569655 0.137081
vt 0.583155 0.123646
vt 0.583380 0.137752
vt 0.597121 0.122547
vt 0.597652 0.136548
vt 0.597842 0.150553
vt 0.611764 0.134098
vt 0.612035 0.148253
vt 0.625614 0.132796
vt 0.625762 0.146969
vt 0.625709 0.161034
vt 0.638324 0.146970
vt 0.638047 0.160927
vt 0.649887 0.147653
vt 0.649670 0.161667
vt 0.661386 0.148288
vt 0.661234 0.162237
vt 0.660957 0.176087
vt 0.672877 0.162718
vt 0.672600 0.176589
vt 0.672237 0.190373
vt 0.684516 0.176929
vt 0.684208 0.190839
vt 0.683641 0.204776
vt 0.697259 0.191392
vt 0.696914 0.205456
vt 0.711365 0.192473
vt 0.697473 0.177419
vt 0.711579 0.178451
vt 0.726351 0.179627
vt 0.711748 0.164473
vt 0.726413 0.165615
vt 0.741411 0.166543
vt 0.726423 0.151645
vt 0.741389 0.152596
vt 0.756490 0.153024
vt 0.741307 0.138647
vt 0.756296 0.139014
vt 0.771317 0.138621
vt 0.755886 0.124829
vt 0.770865 0.124493
vt 0.785883 0.123550
vt 0.786318 0.137748
vt 0.800688 0.122728
vt 0.801090 0.137040
vt 0.815329 0.122379
vt 0.815712 0.136816
vt 0.829850 0.122278
vt 0.830145 0.136827
vt 0.844311 0.122223
vt 0.844483 0.136793
vt 0.858781 0.122163
vt 0.858833 0.136681
vt 0.873355 0.122143
vt 0.873341 0.136576
vt 0.887984 0.122202
vt 0.887985 0.136586
vt 0.902629 0.122387
vt 0.902693 0.136815
vt 0.448117 0.139815
vt 0.448564 0.125615
vt 0.434118 0.125671
vt 0.433605 0.139948
vt 0.419723 0.125964
vt 0.419299 0.140035
vt 0.404646 0.126532
vt 0.404406 0.140282
vt 0.389328 0.127025
vt 0.389173 0.140641
vt 0.374049 0.127281
vt 0.373933 0.140865
vt 0.359255 0.127206
vt 0.359113 0.140880
vt 0.359005 0.154691
vt 0.345222 0.140655
vt 0.345059 0.154618
vt 0.332905 0.140243
vt 0.345381 0.126824
vt 0.333176 0.126210
vt 0.321479 0.125448
vt 0.321088 0.139675
vt 0.309614 0.124371
vt 0.309272 0.138490
vt 0.297099 0.123039
vt 0.297042 0.136912
vt 0.283731 0.122730
vt 0.284032 0.136503
vt 0.269714 0.123385
vt 0.270098 0.137234
vt 0.255031 0.123767
vt 0.255474 0.137630
vt 0.240473 0.124381
vt 0.240946 0.138198
vt 0.225373 0.125321
vt 0.226040 0.138831
vt 0.210268 0.125652
vt 0.210972 0.139095
vt 0.195214 0.125509
vt 0.209452 0.112139
vt 0.194432 0.111994
vt 0.179417 0.111639
vt 0.193706 0.098501
vt 0.178655 0.098105
vt 0.163667 0.097830
vt 0.164513 0.111465
vt 0.148836 0.097901
vt 0.149732 0.111673
vt 0.134126 0.098453
vt 0.135094 0.112359
vt 0.119648 0.099679
vt 0.120689 0.113738
vt 0.105437 0.101605
vt 0.106482 0.115781
vt 0.091464 0.103564
vt 0.092315 0.117818
vt 0.077732 0.104627
vt 0.078296 0.118905
vt 0.064080 0.104837
vt 0.064456 0.119125
vt 0.050491 0.104334
vt 0.050605 0.118637
vt 0.036889 0.103280
vt 0.036845 0.117649
vt 0.023226 0.101800
vt 0.023018 0.116263
vt 0.527798 0.111246
vt 0.527238 0.096811
vt 0.541016 0.095067
vt 0.541559 0.109553
vt 0.554520 0.094182
vt 0.555049 0.108636
vt 0.568393 0.094541
vt 0.568731 0.108907
vt 0.582091 0.094883
vt 0.582614 0.109397
vt 0.595630 0.094297
vt 0.596464 0.108463
vt 0.610036 0.092558
vt 0.610752 0.106289
vt 0.611331 0.120176
vt 0.625054 0.105211
vt 0.625357 0.118947
vt 0.638249 0.105284
vt 0.638342 0.119089
vt 0.638363 0.133015
vt 0.650078 0.119675
vt 0.649994 0.133705
vt 0.661705 0.120255
vt 0.661488 0.134242
vt 0.673416 0.120917
vt 0.673137 0.134827
vt 0.672984 0.148799
vt 0.685095 0.135218
vt 0.684845 0.149101
vt 0.684705 0.163024
vt 0.697731 0.149586
vt 0.697636 0.163476
vt 0.711727 0.150534
vt 0.697847 0.135703
vt 0.711690 0.136677
vt 0.726360 0.137785
vt 0.711712 0.122836
vt 0.726197 0.123920
vt 0.741039 0.124690
vt 0.725965 0.109943
vt 0.740627 0.110658
vt 0.755398 0.110925
vt 0.740168 0.096490
vt 0.754891 0.096779
vt 0.769613 0.096532
vt 0.770268 0.110529
vt 0.784419 0.095532
vt 0.785235 0.109493
vt 0.799477 0.094424
vt 0.800119 0.108480
vt 0.814421 0.093860
vt 0.814891 0.108021
vt 0.829205 0.093591
vt 0.829548 0.107868
vt 0.843968 0.093414
vt 0.844155 0.107763
vt 0.858692 0.093273
vt 0.858756 0.107689
vt 0.873434 0.093174
vt 0.873392 0.107652
vt 0.888154 0.093108
vt 0.888043 0.107671
vt 0.902804 0.093147
vt 0.902656 0.107779
vt 0.448893 0.111231
vt 0.449023 0.096839
vt 0.434516 0.097110
vt 0.434401 0.111408
vt 0.419734 0.098011
vt 0.419850 0.111999
vt 0.404535 0.099098
vt 0.404705 0.112809
vt 0.389339 0.099861
vt 0.389384 0.113449
vt 0.374153 0.100096
vt 0.374121 0.113716
vt 0.359586 0.099835
vt 0.359432 0.113535
vt 0.345922 0.099210
vt 0.345657 0.113025
vt 0.333761 0.098550
vt 0.333517 0.112246
vt 0.321893 0.097944
vt 0.321722 0.111519
vt 0.309788 0.097066
vt 0.309685 0.110607
vt 0.297075 0.095805
vt 0.297066 0.109334
vt 0.283412 0.095719
vt 0.283653 0.109151
vt 0.269142 0.096428
vt 0.269348 0.109784
vt 0.254003 0.096476
vt 0.254502 0.109955
vt 0.238933 0.097320
vt 0.239714 0.110756
vt 0.223840 0.098475
vt 0.224556 0.111875
vt 0.208740 0.098728
vt 0.223245 0.085156
vt 0.208202 0.085369
vt 0.193119 0.085091
vt 0.207752 0.072110
vt 0.192678 0.071801
vt 0.177566 0.071258
vt 0.178024 0.084632
vt 0.162450 0.070755
vt 0.162978 0.084248
vt 0.147389 0.070570
vt 0.148045 0.084202
vt 0.132502 0.070836
vt 0.133238 0.084633
vt 0.117780 0.071589
vt 0.118648 0.085650
vt 0.103471 0.072879
vt 0.104402 0.087291
vt 0.089748 0.074319
vt 0.090585 0.089034
vt 0.076424 0.075133
vt 0.077071 0.090039
vt 0.063314 0.075246
vt 0.063695 0.090202
vt 0.050196 0.074654
vt 0.050318 0.089635
vt 0.037003 0.073581
vt 0.036951 0.088568
vt 0.023655 0.072226
vt 0.023434 0.087108
vt 0.526762 0.082165
vt 0.526437 0.067333
vt 0.540124 0.065853
vt 0.540560 0.080444
vt 0.554291 0.065124
vt 0.554290 0.079617
vt 0.568257 0.065484
vt 0.568230 0.080024
vt 0.581957 0.065723
vt 0.581830 0.080303
vt 0.595714 0.065642
vt 0.595370 0.079947
vt 0.610091 0.065219
vt 0.609820 0.078998
vt 0.624726 0.064786
vt 0.624622 0.078287
vt 0.624741 0.091625
vt 0.638136 0.078100
vt 0.638157 0.091666
vt 0.650247 0.078285
vt 0.650164 0.092075
vt 0.650118 0.105727
vt 0.661999 0.092523
vt 0.661888 0.106319
vt 0.673818 0.093030
vt 0.673679 0.106966
vt 0.685675 0.093446
vt 0.685497 0.107428
vt 0.685327 0.121341
vt 0.698051 0.107974
vt 0.697963 0.121855
vt 0.711603 0.108920
vt 0.698143 0.094027
vt 0.711522 0.094944
vt 0.725671 0.095883
vt 0.711569 0.080852
vt 0.725384 0.081671
vt 0.739847 0.082352
vt 0.725432 0.067475
vt 0.739795 0.068253
vt 0.754388 0.068652
vt 0.754455 0.082753
vt 0.768853 0.068379
vt 0.769087 0.082442
vt 0.783434 0.067667
vt 0.783743 0.081652
vt 0.798340 0.066801
vt 0.798828 0.080617
vt 0.813412 0.066064
vt 0.813881 0.079900
vt 0.828448 0.065534
vt 0.828833 0.079483
vt 0.843479 0.065146
vt 0.843734 0.079201
vt 0.858487 0.064801
vt 0.858622 0.078968
vt 0.873486 0.064463
vt 0.873481 0.078754
vt 0.888476 0.064138
vt 0.888310 0.078564
vt 0.903493 0.063902
vt 0.903087 0.078483
vt 0.448864 0.082418
vt 0.448386 0.068066
vt 0.433379 0.068769
vt 0.434250 0.082873
vt 0.418397 0.070088
vt 0.419183 0.084071
vt 0.403597 0.071326
vt 0.404155 0.085296
vt 0.388806 0.072188
vt 0.389120 0.086080
vt 0.374157 0.072679
vt 0.374186 0.086489
vt 0.359878 0.072533
vt 0.359700 0.086199
vt 0.346460 0.071863
vt 0.346142 0.085519
vt 0.334208 0.071195
vt 0.333942 0.084864
vt 0.322252 0.070744
vt 0.322000 0.084390
vt 0.310182 0.070180
vt 0.309901 0.083636
vt 0.297399 0.069261
vt 0.297107 0.082461
vt 0.283319 0.069378
vt 0.283288 0.082449
vt 0.268743 0.070148
vt 0.268908 0.083187
vt 0.253312 0.070205
vt 0.253640 0.083221
vt 0.237915 0.070846
vt 0.238359 0.084022
vt 0.222763 0.071879
vt 0.237444 0.057846
vt 0.222287 0.058792
vt 0.207349 0.058936
vt 0.221874 0.045796
vt 0.207122 0.045783
vt 0.192317 0.045336
vt 0.192402 0.058568
vt 0.177364 0.044717
vt 0.177343 0.057971
vt 0.162168 0.044064
vt 0.162166 0.057361
vt 0.146886 0.043583
vt 0.146993 0.057009
vt 0.131673 0.043447
vt 0.131954 0.057094
vt 0.116797 0.043560
vt 0.117144 0.057588
vt 0.102415 0.043994
vt 0.102819 0.058459
vt 0.088712 0.044514
vt 0.089071 0.059485
vt 0.075549 0.044690
vt 0.075915 0.060008
vt 0.062801 0.044455
vt 0.062954 0.059932
vt 0.050110 0.043790
vt 0.050108 0.059318
vt 0.037206 0.042880
vt 0.037062 0.058301
vt 0.024004 0.041846
vt 0.023850 0.057064
vt 0.526280 0.052208
vt 0.526354 0.036985
vt 0.540096 0.036524
vt 0.539932 0.051275
vt 0.554333 0.036342
vt 0.554252 0.050778
vt 0.568581 0.036572
vt 0.568339 0.050966
vt 0.582643 0.036954
vt 0.582236 0.051282
vt 0.596715 0.037175
vt 0.596176 0.051407
vt 0.610973 0.037204
vt 0.610499 0.051275
vt 0.625216 0.037106
vt 0.624935 0.051059
vt 0.638493 0.037114
vt 0.638183 0.050861
vt 0.638132 0.064494
vt 0.650493 0.050840
vt 0.650321 0.064535
vt 0.662551 0.051118
vt 0.662240 0.064832
vt 0.662093 0.078687
vt 0.674130 0.065260
vt 0.673892 0.079171
vt 0.686153 0.065627
vt 0.685818 0.079524
vt 0.698532 0.066025
vt 0.698275 0.079998
vt 0.711685 0.066703
vt 0.699018 0.052003
vt 0.711881 0.052514
vt 0.725861 0.053305
vt 0.712617 0.038336
vt 0.726668 0.039473
vt 0.740946 0.040093
vt 0.740228 0.054175
vt 0.754945 0.040243
vt 0.754591 0.054559
vt 0.769012 0.039941
vt 0.768865 0.054248
vt 0.783250 0.039463
vt 0.783296 0.053634
vt 0.797830 0.038892
vt 0.798047 0.052905
vt 0.812689 0.038302
vt 0.813029 0.052213
vt 0.827698 0.037774
vt 0.828064 0.051658
vt 0.842807 0.037297
vt 0.843168 0.051195
vt 0.857961 0.036813
vt 0.858272 0.050754
vt 0.873177 0.036292
vt 0.873405 0.050313
vt 0.888448 0.035722
vt 0.888556 0.049864
vt 0.903814 0.035189
vt 0.903764 0.049513
vt 0.447792 0.053905
vt 0.447210 0.039797
vt 0.431907 0.040539
vt 0.432572 0.054679
vt 0.416960 0.041550
vt 0.417623 0.055893
vt 0.402354 0.042629
vt 0.402978 0.057100
vt 0.388020 0.043644
vt 0.388455 0.058078
vt 0.373956 0.044263
vt 0.374088 0.058606
vt 0.360274 0.044450
vt 0.360150 0.058693
vt 0.347387 0.044296
vt 0.347071 0.058193
vt 0.335138 0.044134
vt 0.334854 0.057539
vt 0.322748 0.044100
vt 0.322614 0.057182
vt 0.310347 0.043828
vt 0.310302 0.056801
vt 0.297263 0.043121
vt 0.297451 0.056210
vt 0.283102 0.043880
vt 0.283431 0.056664
vt 0.268122 0.044855
vt 0.268374 0.057330
vt 0.252491 0.044471
vt 0.252859 0.057238
vt 0.236828 0.044928
vt 0.252356 0.031956
vt 0.236210 0.032081
vt 0.221417 0.032604
vt 0.235896 0.019477
vt 0.221334 0.019267
vt 0.207198 0.018971
vt 0.207022 0.032484
vt 0.192687 0.018650
vt 0.192430 0.032043
vt 0.177987 0.018208
vt 0.177590 0.031470
vt 0.162823 0.017663
vt 0.162411 0.030853
vt 0.147501 0.017054
vt 0.147048 0.030290
vt 0.132216 0.016399
vt 0.131776 0.029889
vt 0.117266 0.015712
vt 0.116820 0.029591
vt 0.102809 0.015025
vt 0.102348 0.029499
vt 0.089071 0.014400
vt 0.088663 0.029504
vt 0.075523 0.013736
vt 0.075352 0.029271
vt 0.063558 0.013145
vt 0.062955 0.028793
vt 0.051074 0.012522
vt 0.050372 0.028139
vt 0.038133 0.011794
vt 0.037475 0.027376
vt 0.024360 0.011467
vt 0.024177 0.026644
vt 0.526542 0.021750
vt 0.526841 0.006591
vt 0.540909 0.007073
vt 0.540393 0.021750
vt 0.555275 0.007501
vt 0.554659 0.021902
vt 0.569681 0.007878
vt 0.569021 0.022219
vt 0.583795 0.008289
vt 0.583213 0.022639
vt 0.597939 0.008788
vt 0.597320 0.022960
vt 0.612053 0.009301
vt 0.611499 0.023171
vt 0.626163 0.009768
vt 0.625676 0.023253
vt 0.639832 0.010128
vt 0.639327 0.023392
vt 0.651829 0.010258
vt 0.651792 0.023803
vt 0.650844 0.037342
vt 0.663812 0.024338
vt 0.663084 0.037769
vt 0.675415 0.024647
vt 0.675188 0.038117
vt 0.674666 0.051541
vt 0.687270 0.038030
vt 0.686774 0.051805
vt 0.699576 0.037760
vt 0.687138 0.024414
vt 0.699910 0.023963
vt 0.713990 0.024510
vt 0.700363 0.011095
vt 0.714699 0.010920
vt 0.728298 0.010909
vt 0.727573 0.025476
vt 0.741836 0.010961
vt 0.741470 0.025709
vt 0.755408 0.010982
vt 0.755233 0.025633
vt 0.769127 0.010891
vt 0.769121 0.025471
vt 0.783039 0.010738
vt 0.783202 0.025152
vt 0.797388 0.010558
vt 0.797629 0.024755
vt 0.812044 0.010299
vt 0.812378 0.024317
vt 0.826886 0.009958
vt 0.827322 0.023876
vt 0.841897 0.009533
vt 0.842383 0.023422
vt 0.856972 0.009033
vt 0.857511 0.022920
vt 0.872096 0.008437
vt 0.872747 0.022345
vt 0.887416 0.007626
vt 0.888079 0.021660
vt 0.902950 0.006591
vt 0.903545 0.020848
vt 0.446728 0.025624
vt 0.446289 0.011467
vt 0.430542 0.011776
vt 0.431334 0.026254
vt 0.415459 0.012691
vt 0.416274 0.027130
vt 0.400802 0.013545
vt 0.401654 0.028092
vt 0.386604 0.014338
vt 0.387411 0.028985
vt 0.372849 0.015090
vt 0.373582 0.029691
vt 0.359470 0.015837
vt 0.360017 0.030123
vt 0.346608 0.016425
vt 0.347026 0.030390
vt 0.334699 0.016775
vt 0.334865 0.030646
vt 0.321997 0.017229
vt 0.322886 0.030935
vt 0.309916 0.018024
vt 0.310705 0.030956
vt 0.296948 0.018811
vt 0.297300 0.030672
vt 0.281720 0.019293
vt 0.282193 0.031426
vt 0.267063 0.019329
vt 0.267814 0.032347
vt 0.252325 0.019598
vt 0.687306 0.010757
vt 0.675366 0.009940
vt 0.663974 0.010148
vt 0.889912 0.487671
vt 0.202810 0.543161
vt 0.326786 0.799870
vt 0.359295 0.402575
vt 0.370517 0.420926
vt 0.370794 0.401361
vt 0.372105 0.383021
vt 0.382010 0.400144
vt 0.384068 0.382204
vt 0.392524 0.399273
vt 0.395216 0.382301
vt 0.315940 0.616843
vt 0.918057 0.335500
vt 0.056677 0.636186
vt 0.358282 0.499350
vt 0.339344 0.491309
vt 0.349765 0.508573
vt 0.360415 0.524374
vt 0.341557 0.517627
vt 0.352102 0.533608
vt 0.362755 0.548024
vt 0.371666 0.538939
vt 0.343175 0.541812
vt 0.352144 0.556680
vt 0.813812 0.541446
vt 0.799798 0.546767
vt 0.334509 0.548853
vt 0.341826 0.563099
vt 0.789143 0.553724
vt 0.333434 0.525923
vt 0.325424 0.532801
vt 0.323304 0.509337
vt 0.315738 0.516493
vt 0.331256 0.500757
vt 0.320698 0.484941
vt 0.312875 0.494174
vt 0.328572 0.474748
vt 0.317241 0.460713
vt 0.309522 0.471597
vt 0.297358 0.460550
vt 0.290613 0.471636
vt 0.302221 0.481764
vt 0.284275 0.482103
vt 0.295120 0.490887
vt 0.305684 0.502420
vt 0.278385 0.463852
vt 0.272366 0.474939
vt 0.284123 0.451851
vt 0.644660 0.551776
vt 0.096627 0.535621
vt 0.587231 0.533925
vt 0.553931 0.433393
vt 0.573818 0.611761
vt 0.575452 0.638282
vt 0.588733 0.646929
vt 0.575413 0.648891
vt 0.563289 0.650550
vt 0.575234 0.660653
vt 0.563414 0.661979
vt 0.551907 0.662515
vt 0.551850 0.651354
vt 0.841818 0.718030
vt 0.836238 0.727897
vt 0.826219 0.721946
vt 0.829640 0.738518
vt 0.820106 0.732413
vt 0.810396 0.725973
vt 0.816047 0.715100
vt 0.800339 0.720251
vt 0.805380 0.708040
vt 0.790164 0.715750
vt 0.794103 0.701877
vt 0.779705 0.712241
vt 0.782857 0.697152
vt 0.768138 0.708824
vt 0.772115 0.692534
vt 0.776295 0.675188
vt 0.761712 0.687707
vt 0.765679 0.669392
vt 0.769445 0.650573
vt 0.755204 0.664287
vt 0.757908 0.644277
vt 0.744097 0.660119
vt 0.746122 0.639884
vt 0.731379 0.656399
vt 0.733978 0.636281
vt 0.737791 0.613178
vt 0.721476 0.632658
vt 0.725473 0.608753
vt 0.708757 0.628905
vt 0.717867 0.652483
vt 0.704451 0.648431
vt 0.691429 0.644917
vt 0.700502 0.664894
vt 0.687201 0.661672
vt 0.674934 0.659500
vt 0.684013 0.677892
vt 0.672413 0.676503
vt 0.661156 0.675378
vt 0.670476 0.693409
vt 0.659136 0.691998
vt 0.647985 0.690076
vt 0.649748 0.674659
vt 0.635889 0.687865
vt 0.637304 0.674158
vt 0.623063 0.686671
vt 0.624251 0.673684
vt 0.610083 0.685996
vt 0.611213 0.673064
vt 0.597748 0.685728
vt 0.598674 0.672592
vt 0.600263 0.659243
vt 0.586572 0.672715
vt 0.587705 0.659489
vt 0.574743 0.673420
vt 0.585825 0.685881
vt 0.574326 0.686618
vt 0.563040 0.687509
vt 0.563174 0.674344
vt 0.551868 0.687840
vt 0.551850 0.674735
vt 0.563756 0.700770
vt 0.552718 0.701137
vt 0.822250 0.749845
vt 0.814252 0.761058
vt 0.805960 0.755334
vt 0.813254 0.743587
vt 0.797930 0.750665
vt 0.804383 0.737954
vt 0.789808 0.746722
vt 0.795337 0.733360
vt 0.781119 0.743244
vt 0.785787 0.729683
vt 0.771255 0.739392
vt 0.776011 0.726212
vt 0.760562 0.734995
vt 0.764646 0.722243
vt 0.748812 0.730286
vt 0.752551 0.717693
vt 0.756805 0.704238
vt 0.740622 0.712482
vt 0.745779 0.698945
vt 0.751488 0.682842
vt 0.735079 0.692839
vt 0.740827 0.677908
vt 0.724076 0.687129
vt 0.728184 0.673047
vt 0.710899 0.682639
vt 0.714361 0.668647
vt 0.697230 0.679718
vt 0.707761 0.697119
vt 0.695290 0.694988
vt 0.682613 0.694207
vt 0.693669 0.710830
vt 0.681634 0.709514
vt 0.668906 0.708577
vt 0.679204 0.723930
vt 0.666871 0.722205
vt 0.654118 0.720686
vt 0.656345 0.707300
vt 0.641448 0.718726
vt 0.644465 0.704564
vt 0.629981 0.716383
vt 0.633213 0.701851
vt 0.618589 0.714022
vt 0.621335 0.699947
vt 0.607299 0.712403
vt 0.609097 0.698863
vt 0.596268 0.711870
vt 0.597084 0.698527
vt 0.585882 0.712141
vt 0.585673 0.698896
vt 0.575473 0.712985
vt 0.574635 0.699833
vt 0.564947 0.713679
vt 0.575502 0.726042
vt 0.565451 0.726183
vt 0.556097 0.726268
vt 0.554271 0.713993
vt 0.807071 0.771978
vt 0.801858 0.782815
vt 0.794553 0.778983
vt 0.799373 0.767197
vt 0.787018 0.775776
vt 0.791816 0.763426
vt 0.779400 0.772716
vt 0.784017 0.759981
vt 0.770840 0.769074
vt 0.775741 0.756407
vt 0.761222 0.765161
vt 0.766107 0.752113
vt 0.751283 0.761433
vt 0.756092 0.747782
vt 0.740620 0.758170
vt 0.744558 0.743513
vt 0.730316 0.755888
vt 0.733780 0.739874
vt 0.736844 0.725807
vt 0.722671 0.737057
vt 0.725095 0.721583
vt 0.729611 0.707067
vt 0.714946 0.717332
vt 0.719075 0.701428
vt 0.704745 0.713699
vt 0.711896 0.733948
vt 0.701320 0.730038
vt 0.690854 0.726593
vt 0.697992 0.744364
vt 0.687068 0.740624
vt 0.676030 0.737724
vt 0.683011 0.754250
vt 0.672449 0.751629
vt 0.661547 0.749568
vt 0.664283 0.735733
vt 0.649918 0.748177
vt 0.651898 0.734263
vt 0.637590 0.746978
vt 0.639472 0.732740
vt 0.625359 0.745168
vt 0.627358 0.730540
vt 0.613973 0.743466
vt 0.616026 0.728501
vt 0.603174 0.742127
vt 0.605101 0.727075
vt 0.593053 0.741320
vt 0.594932 0.726489
vt 0.583047 0.740244
vt 0.585313 0.726224
vt 0.573506 0.739161
vt 0.579824 0.753648
vt 0.570901 0.752159
vt 0.564057 0.751044
vt 0.565012 0.738417
vt 0.557027 0.750432
vt 0.557429 0.737973
vt 0.797985 0.793230
vt 0.794823 0.804449
vt 0.788499 0.802401
vt 0.791160 0.790461
vt 0.781588 0.800236
vt 0.783949 0.787913
vt 0.773620 0.797798
vt 0.776127 0.785210
vt 0.765359 0.795067
vt 0.767601 0.781823
vt 0.756715 0.792452
vt 0.758227 0.778450
vt 0.746445 0.790457
vt 0.747871 0.775758
vt 0.735340 0.788084
vt 0.737783 0.774144
vt 0.722937 0.784421
vt 0.726499 0.771482
vt 0.711340 0.780124
vt 0.715380 0.766966
vt 0.720005 0.752753
vt 0.704685 0.762265
vt 0.708973 0.748700
vt 0.693931 0.757815
vt 0.700427 0.775498
vt 0.689981 0.771179
vt 0.679673 0.768151
vt 0.686650 0.785112
vt 0.677015 0.782562
vt 0.667079 0.780606
vt 0.669319 0.765939
vt 0.656981 0.779057
vt 0.659045 0.764244
vt 0.646171 0.777559
vt 0.648099 0.762811
vt 0.634461 0.776153
vt 0.636048 0.761469
vt 0.622194 0.774915
vt 0.623847 0.760065
vt 0.610152 0.773630
vt 0.612221 0.758641
vt 0.598702 0.771940
vt 0.601315 0.757190
vt 0.587533 0.769587
vt 0.590751 0.755557
vt 0.576681 0.767144
vt 0.584977 0.784101
vt 0.574953 0.782390
vt 0.567008 0.781479
vt 0.568288 0.765760
vt 0.560160 0.781213
vt 0.561951 0.765010
vt 0.553543 0.781221
vt 0.555612 0.764957
vt 0.791499 0.817556
vt 0.784797 0.830844
vt 0.778848 0.828287
vt 0.784846 0.815386
vt 0.772466 0.825910
vt 0.777983 0.813085
vt 0.765623 0.823587
vt 0.770457 0.810778
vt 0.758070 0.821193
vt 0.762483 0.808404
vt 0.749722 0.818688
vt 0.753893 0.805848
vt 0.740570 0.815720
vt 0.744087 0.803349
vt 0.729471 0.812359
vt 0.732770 0.800412
vt 0.717283 0.808486
vt 0.720037 0.796482
vt 0.705322 0.804826
vt 0.708250 0.792428
vt 0.694339 0.801716
vt 0.696933 0.788444
vt 0.684314 0.799272
vt 0.691876 0.815260
vt 0.682151 0.813398
vt 0.672604 0.811626
vt 0.674815 0.797212
vt 0.663162 0.809809
vt 0.665277 0.795287
vt 0.653482 0.807786
vt 0.655434 0.793476
vt 0.643141 0.805746
vt 0.644751 0.791722
vt 0.632004 0.803893
vt 0.633161 0.790170
vt 0.619896 0.802628
vt 0.620623 0.789110
vt 0.607216 0.801824
vt 0.608117 0.787969
vt 0.595140 0.800708
vt 0.596278 0.786246
vt 0.584197 0.799325
vt 0.595076 0.814830
vt 0.584485 0.813984
vt 0.575365 0.813347
vt 0.574738 0.798239
vt 0.567312 0.812987
vt 0.566895 0.797690
vt 0.559718 0.812826
vt 0.559721 0.797582
vt 0.552489 0.812877
vt 0.552931 0.797658
vt 0.777839 0.844075
vt 0.772097 0.857023
vt 0.765764 0.854611
vt 0.771921 0.841544
vt 0.759632 0.852392
vt 0.765764 0.839102
vt 0.753195 0.850013
vt 0.759421 0.836750
vt 0.746261 0.847300
vt 0.752476 0.834360
vt 0.738695 0.844002
vt 0.744681 0.831397
vt 0.730583 0.840417
vt 0.735982 0.828029
vt 0.720667 0.836494
vt 0.725538 0.824390
vt 0.709656 0.833156
vt 0.713752 0.820534
vt 0.699167 0.831012
vt 0.702250 0.817475
vt 0.689291 0.829267
vt 0.695809 0.844813
vt 0.686283 0.843156
vt 0.676943 0.841524
vt 0.679763 0.827581
vt 0.667729 0.839729
vt 0.670412 0.825811
vt 0.658360 0.837789
vt 0.660918 0.823940
vt 0.648777 0.835786
vt 0.651157 0.821884
vt 0.638861 0.833760
vt 0.641102 0.819726
vt 0.628471 0.831986
vt 0.630384 0.817895
vt 0.617499 0.830599
vt 0.618933 0.816485
vt 0.606028 0.829596
vt 0.606828 0.815574
vt 0.594803 0.828889
vt 0.604951 0.843713
vt 0.594310 0.843011
vt 0.584508 0.842524
vt 0.584642 0.828257
vt 0.575751 0.842058
vt 0.575808 0.827786
vt 0.567690 0.841807
vt 0.567647 0.827490
vt 0.560121 0.841797
vt 0.560036 0.827351
vt 0.553124 0.841867
vt 0.552915 0.827408
vt 0.767192 0.869897
vt 0.763013 0.882991
vt 0.756510 0.880925
vt 0.760751 0.867746
vt 0.749927 0.878654
vt 0.754241 0.865497
vt 0.743275 0.875977
vt 0.747793 0.862969
vt 0.736292 0.872815
vt 0.740848 0.859966
vt 0.728673 0.869380
vt 0.733368 0.856560
vt 0.720384 0.865854
vt 0.725295 0.852963
vt 0.711228 0.862660
vt 0.715716 0.849382
vt 0.701705 0.860387
vt 0.705699 0.846729
vt 0.692226 0.858633
vt 0.698066 0.873965
vt 0.688972 0.872430
vt 0.679888 0.870987
vt 0.682996 0.857090
vt 0.670919 0.869394
vt 0.673887 0.855444
vt 0.661935 0.867545
vt 0.664864 0.853634
vt 0.652917 0.865480
vt 0.655687 0.851682
vt 0.643722 0.863466
vt 0.646252 0.849658
vt 0.634252 0.861673
vt 0.636523 0.847743
vt 0.624415 0.860111
vt 0.626395 0.846106
vt 0.614194 0.858875
vt 0.615831 0.844784
vt 0.603806 0.857891
vt 0.612808 0.872881
vt 0.602727 0.871993
vt 0.592905 0.871248
vt 0.593612 0.857155
vt 0.583669 0.870822
vt 0.584062 0.856672
vt 0.575181 0.870688
vt 0.575389 0.856349
vt 0.567470 0.870818
vt 0.567548 0.856278
vt 0.560084 0.871078
vt 0.559906 0.856424
vt 0.553070 0.871457
vt 0.552638 0.856685
vt 0.758886 0.896635
vt 0.754039 0.910310
vt 0.747502 0.908115
vt 0.752248 0.894487
vt 0.740770 0.905504
vt 0.745508 0.892035
vt 0.733899 0.902397
vt 0.738755 0.889138
vt 0.726956 0.898880
vt 0.731841 0.885770
vt 0.719445 0.895062
vt 0.724235 0.882088
vt 0.711704 0.891871
vt 0.716012 0.878652
vt 0.703490 0.889346
vt 0.707283 0.875943
vt 0.694822 0.887472
vt 0.699287 0.903075
vt 0.691342 0.901092
vt 0.682859 0.899412
vt 0.685972 0.886076
vt 0.673998 0.897796
vt 0.676954 0.884703
vt 0.664962 0.896006
vt 0.668011 0.882991
vt 0.656214 0.894467
vt 0.659025 0.881136
vt 0.647355 0.892846
vt 0.650089 0.879142
vt 0.638677 0.891198
vt 0.641163 0.877251
vt 0.629879 0.889605
vt 0.631996 0.875558
vt 0.620976 0.888110
vt 0.622553 0.874041
vt 0.611726 0.886738
vt 0.619224 0.902200
vt 0.610465 0.900552
vt 0.601481 0.899296
vt 0.602062 0.885806
vt 0.592537 0.898646
vt 0.592529 0.885199
vt 0.583928 0.898499
vt 0.583564 0.884762
vt 0.576004 0.898846
vt 0.575297 0.884839
vt 0.568580 0.899499
vt 0.567645 0.885301
vt 0.561278 0.900380
vt 0.560236 0.885834
vt 0.554050 0.901294
vt 0.553162 0.886374
vt 0.748863 0.924234
vt 0.743343 0.938156
vt 0.736564 0.935330
vt 0.742337 0.921922
vt 0.729767 0.932140
vt 0.735600 0.919010
vt 0.723000 0.928779
vt 0.728697 0.915658
vt 0.716167 0.925406
vt 0.721683 0.912075
vt 0.709185 0.922223
vt 0.714382 0.908548
vt 0.701990 0.919342
vt 0.706975 0.905584
vt 0.694797 0.916816
vt 0.697073 0.933034
vt 0.690174 0.930332
vt 0.683034 0.927783
vt 0.687337 0.914515
vt 0.675610 0.925398
vt 0.679377 0.912374
vt 0.668099 0.923394
vt 0.671049 0.910493
vt 0.660181 0.922198
vt 0.662450 0.909087
vt 0.651809 0.921017
vt 0.653891 0.907890
vt 0.643369 0.920154
vt 0.645147 0.906706
vt 0.634554 0.919013
vt 0.636474 0.905364
vt 0.625719 0.917673
vt 0.627743 0.903808
vt 0.617085 0.916054
vt 0.624069 0.930422
vt 0.615289 0.929337
vt 0.607071 0.927987
vt 0.608758 0.914266
vt 0.599278 0.926957
vt 0.600387 0.913063
vt 0.591651 0.926174
vt 0.592355 0.912422
vt 0.584365 0.925703
vt 0.584497 0.912274
vt 0.577134 0.925486
vt 0.576925 0.912495
vt 0.570207 0.925768
vt 0.569803 0.913016
vt 0.562898 0.913643
vt 0.555839 0.914459
vt 0.737612 0.950213
vt 0.731206 0.947334
vt 0.720072 0.955952
vt 0.724396 0.944487
vt 0.713324 0.953390
vt 0.717599 0.941701
vt 0.706127 0.950830
vt 0.710624 0.938807
vt 0.699097 0.948389
vt 0.703788 0.935865
vt 0.692156 0.945925
vt 0.695634 0.960034
vt 0.688407 0.957764
vt 0.681277 0.955626
vt 0.685419 0.943299
vt 0.674495 0.953601
vt 0.678553 0.940621
vt 0.667780 0.951812
vt 0.671651 0.938443
vt 0.661112 0.950156
vt 0.664639 0.936695
vt 0.654209 0.948590
vt 0.657344 0.935235
vt 0.646932 0.947133
vt 0.649628 0.933991
vt 0.639334 0.945678
vt 0.641547 0.932825
vt 0.631393 0.944155
vt 0.632969 0.931647
vt 0.623034 0.942857
vt 0.629370 0.957433
vt 0.621647 0.955919
vt 0.613870 0.954543
vt 0.614552 0.941900
vt 0.605931 0.953426
vt 0.606208 0.941019
vt 0.598126 0.952408
vt 0.598472 0.940209
vt 0.590345 0.951286
vt 0.590886 0.939329
vt 0.582811 0.950090
vt 0.583677 0.938360
vt 0.575710 0.948504
vt 0.576637 0.937586
vt 0.568920 0.948128
vt 0.569934 0.937683
vt 0.581712 0.961778
vt 0.574037 0.961047
vt 0.566659 0.960602
vt 0.703632 0.985430
vt 0.696868 0.983251
vt 0.699691 0.972977
vt 0.706427 0.975199
vt 0.710408 0.988140
vt 0.702768 0.962309
vt 0.709616 0.964716
vt 0.692649 0.970731
vt 0.689923 0.981371
vt 0.682992 0.979816
vt 0.685617 0.968911
vt 0.676163 0.978774
vt 0.678423 0.967327
vt 0.669165 0.977958
vt 0.671404 0.965984
vt 0.662281 0.977393
vt 0.664457 0.964803
vt 0.655116 0.976801
vt 0.657706 0.963608
vt 0.647919 0.975989
vt 0.650901 0.962179
vt 0.640916 0.974786
vt 0.644017 0.960660
vt 0.633972 0.973321
vt 0.636817 0.959121
vt 0.626758 0.971627
vt 0.619462 0.969865
vt 0.612045 0.968052
vt 0.604541 0.966219
vt 0.596935 0.964516
vt 0.589422 0.963010
vt 0.540375 0.351187
vt 0.723208 0.980862
vt 0.558499 0.949593
vt 0.563048 0.949301
vt 0.714529 0.989339
vt 0.718616 0.990653
vt 0.557835 0.960705
vt 0.562187 0.960703
vt 0.479661 0.685129
vt 0.472905 0.669465
vt 0.476159 0.667355
vt 0.470641 0.672289
vt 0.469212 0.674980
vt 0.446799 0.601223
vt 0.427040 0.599420
vt 0.425228 0.604793
vt 0.445798 0.606722
vt 0.447612 0.596755
vt 0.428816 0.595033
vt 0.448206 0.592638
vt 0.430561 0.590955
vt 0.431970 0.587292
vt 0.448592 0.589155
vt 0.448660 0.586038
vt 0.433191 0.583606
vt 0.434194 0.579743
vt 0.448645 0.583263
vt 0.448524 0.580951
vt 0.435177 0.576131
vt 0.420789 0.703706
vt 0.436241 0.703422
vt 0.436938 0.700611
vt 0.420412 0.699784
vt 0.421119 0.707726
vt 0.435305 0.705748
vt 0.420063 0.695763
vt 0.437294 0.697570
vt 0.437575 0.694162
vt 0.419555 0.691758
vt 0.419217 0.687633
vt 0.437645 0.690516
vt 0.437832 0.686067
vt 0.418944 0.683096
vt 0.419140 0.678667
vt 0.438041 0.681621
vt 0.438589 0.676938
vt 0.419288 0.674001
vt 0.419413 0.669019
vt 0.439261 0.671961
vt 0.439965 0.666708
vt 0.419756 0.664086
vt 0.419957 0.658899
vt 0.440581 0.661097
vt 0.441164 0.655164
vt 0.420248 0.652967
vt 0.420461 0.646352
vt 0.441615 0.648463
vt 0.442148 0.641175
vt 0.420437 0.639016
vt 0.420582 0.631440
vt 0.442867 0.633862
vt 0.443628 0.626678
vt 0.420942 0.623975
vt 0.422294 0.616987
vt 0.444166 0.619649
vt 0.444881 0.612914
vt 0.423737 0.610583
vt 0.480169 0.666606
vt 0.484354 0.667149
vt 0.488246 0.669009
vt 0.491722 0.671677
vt 0.494304 0.675165
vt 0.495773 0.678919
vt 0.496581 0.682445
vt 0.496629 0.685886
vt 0.496112 0.689104
vt 0.494974 0.691973
vt 0.493133 0.694246
vt 0.490510 0.695470
vt 0.487677 0.696389
vt 0.485149 0.696691
vt 0.482717 0.696982
vt 0.480377 0.696982
vt 0.477940 0.696974
vt 0.475521 0.696909
vt 0.467341 0.686828
vt 0.466769 0.684584
vt 0.466777 0.682255
vt 0.467348 0.679984
vt 0.468054 0.677588
vt 0.492465 0.666549
vt 0.506586 0.666980
vt 0.505571 0.676629
vt 0.491843 0.675745
vt 0.504125 0.685626
vt 0.490937 0.684552
vt 0.501732 0.695127
vt 0.489327 0.693684
vt 0.499584 0.701840
vt 0.487775 0.700637
vt 0.497190 0.708668
vt 0.486112 0.707350
vt 0.495199 0.714597
vt 0.484757 0.713156
vt 0.493812 0.719443
vt 0.483879 0.717998
vt 0.492372 0.724621
vt 0.483190 0.722904
vt 0.491522 0.729401
vt 0.482948 0.727280
vt 0.490399 0.734262
vt 0.482188 0.731762
vt 0.485069 0.560040
vt 0.493610 0.558324
vt 0.494832 0.563112
vt 0.485878 0.564551
vt 0.495880 0.567924
vt 0.486365 0.568999
vt 0.496836 0.573114
vt 0.486971 0.573744
vt 0.497604 0.578106
vt 0.487505 0.578561
vt 0.498484 0.583819
vt 0.488111 0.584131
vt 0.499274 0.589833
vt 0.488573 0.590168
vt 0.500377 0.596553
vt 0.488825 0.596723
vt 0.501587 0.602775
vt 0.489223 0.603008
vt 0.502891 0.609064
vt 0.489876 0.609419
vt 0.504137 0.615608
vt 0.490598 0.616096
vt 0.505323 0.622901
vt 0.491384 0.623410
vt 0.506060 0.630551
vt 0.491883 0.631061
vt 0.506570 0.638883
vt 0.492313 0.639315
vt 0.506971 0.647976
vt 0.492637 0.648199
vt 0.507139 0.657377
vt 0.492708 0.657297
vt 0.465002 0.657320
vt 0.479161 0.657306
vt 0.479166 0.666253
vt 0.465203 0.665944
vt 0.464881 0.648760
vt 0.479095 0.648472
vt 0.464717 0.640202
vt 0.478859 0.639754
vt 0.464517 0.631934
vt 0.478526 0.631509
vt 0.464471 0.624184
vt 0.478241 0.623834
vt 0.464551 0.616905
vt 0.477891 0.616522
vt 0.464812 0.610072
vt 0.477657 0.609750
vt 0.465363 0.603585
vt 0.477609 0.603284
vt 0.466456 0.597334
vt 0.477909 0.596981
vt 0.467926 0.591240
vt 0.478444 0.590629
vt 0.468156 0.585162
vt 0.478327 0.584595
vt 0.467971 0.579788
vt 0.477940 0.579170
vt 0.467805 0.574830
vt 0.477617 0.574380
vt 0.467681 0.570287
vt 0.477293 0.569852
vt 0.468126 0.565811
vt 0.477352 0.565560
vt 0.468176 0.561085
vt 0.477019 0.561068
vt 0.465632 0.724861
vt 0.474647 0.725757
vt 0.474352 0.730087
vt 0.465571 0.729159
vt 0.465051 0.720311
vt 0.474406 0.721422
vt 0.464471 0.715186
vt 0.474431 0.716501
vt 0.464526 0.709725
vt 0.474878 0.711442
vt 0.464916 0.704068
vt 0.475740 0.705760
vt 0.465347 0.697747
vt 0.476772 0.699246
vt 0.465692 0.690661
vt 0.477722 0.692198
vt 0.465699 0.682685
vt 0.478574 0.683621
vt 0.465443 0.674276
vt 0.478949 0.675027
vt 0.496127 0.562755
vt 0.497175 0.567599
vt 0.496512 0.567779
vt 0.495462 0.562951
vt 0.504179 0.608817
vt 0.505432 0.615380
vt 0.504757 0.615516
vt 0.503510 0.608959
vt 0.506880 0.676709
vt 0.505422 0.685809
vt 0.504733 0.685709
vt 0.506200 0.676670
vt 0.500828 0.702304
vt 0.498440 0.709126
vt 0.497799 0.708862
vt 0.500188 0.702025
vt 0.493685 0.724967
vt 0.492819 0.729793
vt 0.492151 0.729597
vt 0.493009 0.724786
vt 0.500586 0.589757
vt 0.501684 0.596343
vt 0.501010 0.596457
vt 0.499901 0.589783
vt 0.508285 0.647942
vt 0.508449 0.657420
vt 0.507764 0.657397
vt 0.507600 0.647966
vt 0.502332 0.695239
vt 0.503031 0.695369
vt 0.496457 0.715026
vt 0.495813 0.714781
vt 0.491672 0.734613
vt 0.491013 0.734445
vt 0.502881 0.602528
vt 0.502210 0.602672
vt 0.507889 0.667067
vt 0.507216 0.667018
vt 0.495094 0.719850
vt 0.494448 0.719617
vt 0.498913 0.577872
vt 0.499823 0.583692
vt 0.499115 0.583756
vt 0.498229 0.578002
vt 0.507375 0.630502
vt 0.507879 0.638834
vt 0.507201 0.638867
vt 0.506691 0.630534
vt 0.498142 0.572799
vt 0.497473 0.572980
vt 0.506626 0.622755
vt 0.505935 0.622846
vt 0.494900 0.558003
vt 0.494239 0.558174
vt 0.413591 0.710301
vt 0.412359 0.706220
vt 0.411432 0.702139
vt 0.410497 0.697882
vt 0.409447 0.693941
vt 0.408713 0.689398
vt 0.407991 0.674310
vt 0.407656 0.669254
vt 0.407438 0.663982
vt 0.407046 0.658126
vt 0.407338 0.652001
vt 0.407687 0.645311
vt 0.408958 0.622726
vt 0.409855 0.614918
vt 0.410904 0.607667
vt 0.413023 0.600176
vt 0.415759 0.595267
vt 0.418824 0.590475
vt 0.421301 0.586305
vt 0.425049 0.578880
vt 0.423317 0.582933
vt 0.426775 0.574853
vt 0.429680 0.571119
vt 0.408526 0.684626
vt 0.408349 0.679303
vt 0.407856 0.638013
vt 0.408060 0.630444
vt 0.504595 0.652124
vt 0.489783 0.639316
vt 0.505880 0.649634
vt 0.480427 0.715271
vt 0.466934 0.710384
vt 0.466109 0.713050
vt 0.479091 0.718836
vt 0.480232 0.577587
vt 0.467803 0.583178
vt 0.468630 0.585965
vt 0.481243 0.581355
vt 0.500605 0.655714
vt 0.496293 0.658682
vt 0.481813 0.707963
vt 0.467642 0.704636
vt 0.501955 0.624431
vt 0.500238 0.622274
vt 0.503868 0.626683
vt 0.478234 0.569566
vt 0.466109 0.577416
vt 0.466935 0.580271
vt 0.479251 0.573594
vt 0.469482 0.591786
vt 0.481898 0.589077
vt 0.495424 0.620247
vt 0.490474 0.619253
vt 0.470172 0.650895
vt 0.468111 0.646423
vt 0.473174 0.654816
vt 0.477025 0.658117
vt 0.481563 0.660419
vt 0.486636 0.661475
vt 0.491652 0.660779
vt 0.468996 0.692654
vt 0.483985 0.694597
vt 0.484804 0.687992
vt 0.469460 0.686364
vt 0.468331 0.698706
vt 0.482992 0.701119
vt 0.505880 0.628897
vt 0.482748 0.595991
vt 0.470029 0.597708
vt 0.470567 0.603694
vt 0.483835 0.602425
vt 0.471069 0.609469
vt 0.485017 0.608611
vt 0.485604 0.619526
vt 0.481213 0.620739
vt 0.471382 0.615144
vt 0.485648 0.614487
vt 0.477308 0.622685
vt 0.471523 0.620940
vt 0.486042 0.620553
vt 0.473903 0.625393
vt 0.471650 0.626863
vt 0.486363 0.626674
vt 0.470898 0.628550
vt 0.471606 0.633057
vt 0.486670 0.633062
vt 0.468727 0.632469
vt 0.471389 0.639530
vt 0.486933 0.639588
vt 0.467554 0.636971
vt 0.471073 0.646141
vt 0.487242 0.646339
vt 0.467322 0.641700
vt 0.470939 0.652803
vt 0.487102 0.653296
vt 0.470628 0.659575
vt 0.486871 0.660526
vt 0.470315 0.666278
vt 0.486517 0.667499
vt 0.469997 0.673054
vt 0.485969 0.674361
vt 0.469746 0.679719
vt 0.485490 0.681122
vt 0.434402 0.639148
vt 0.447734 0.636272
vt 0.446904 0.643502
vt 0.434034 0.646509
vt 0.446069 0.650786
vt 0.433782 0.653842
vt 0.445339 0.658259
vt 0.433738 0.660913
vt 0.444787 0.665681
vt 0.433849 0.668109
vt 0.444497 0.672771
vt 0.434136 0.675180
vt 0.444517 0.679931
vt 0.434631 0.682470
vt 0.444722 0.686861
vt 0.435140 0.689442
vt 0.445257 0.693868
vt 0.435648 0.696228
vt 0.446061 0.700899
vt 0.436271 0.703594
vt 0.446929 0.707839
vt 0.436914 0.711100
vt 0.447532 0.715006
vt 0.437441 0.717385
vt 0.448217 0.719236
vt 0.438060 0.721664
vt 0.448768 0.723480
vt 0.438654 0.725958
vt 0.436751 0.559980
vt 0.447054 0.558772
vt 0.447339 0.563142
vt 0.436483 0.564313
vt 0.447360 0.567638
vt 0.435914 0.570104
vt 0.447570 0.574958
vt 0.435570 0.577682
vt 0.447562 0.582501
vt 0.435186 0.585358
vt 0.447734 0.590169
vt 0.434939 0.592983
vt 0.448118 0.597780
vt 0.434895 0.600645
vt 0.448539 0.605605
vt 0.434925 0.608441
vt 0.448768 0.613424
vt 0.434909 0.616231
vt 0.448737 0.621170
vt 0.434821 0.623937
vt 0.448404 0.628768
vt 0.434695 0.631659
vt 0.403894 0.635806
vt 0.419242 0.633794
vt 0.419331 0.641446
vt 0.404362 0.643606
vt 0.403636 0.627520
vt 0.419173 0.625782
vt 0.403838 0.619585
vt 0.419318 0.617971
vt 0.404342 0.611582
vt 0.419571 0.610101
vt 0.405067 0.603638
vt 0.419915 0.602246
vt 0.405923 0.595578
vt 0.420354 0.594406
vt 0.406933 0.587622
vt 0.420976 0.586696
vt 0.408015 0.579470
vt 0.421713 0.578855
vt 0.409409 0.571211
vt 0.422607 0.571024
vt 0.411427 0.562804
vt 0.423969 0.564062
vt 0.412941 0.558487
vt 0.425001 0.559833
vt 0.415655 0.730302
vt 0.426695 0.725316
vt 0.427607 0.729688
vt 0.416831 0.734848
vt 0.414756 0.725616
vt 0.425959 0.720995
vt 0.414103 0.720892
vt 0.425401 0.715705
vt 0.413538 0.711943
vt 0.424866 0.707651
vt 0.413055 0.703548
vt 0.424337 0.699885
vt 0.412471 0.696417
vt 0.423814 0.693084
vt 0.411504 0.688974
vt 0.423073 0.685924
vt 0.410188 0.681253
vt 0.422146 0.678387
vt 0.408736 0.673807
vt 0.421264 0.671094
vt 0.407228 0.666437
vt 0.420440 0.663798
vt 0.405835 0.659511
vt 0.419760 0.656816
vt 0.404942 0.651572
vt 0.419435 0.649149
vt 0.402685 0.635877
vt 0.402428 0.627570
vt 0.403123 0.627550
vt 0.403380 0.635841
vt 0.412918 0.720996
vt 0.412353 0.712093
vt 0.413035 0.712039
vt 0.413596 0.720978
vt 0.402625 0.619601
vt 0.403323 0.619609
vt 0.411880 0.703792
vt 0.412548 0.703659
vt 0.404425 0.651614
vt 0.405310 0.659569
vt 0.404614 0.659633
vt 0.403723 0.651649
vt 0.411286 0.696687
vt 0.411975 0.696526
vt 0.403120 0.611550
vt 0.403834 0.611589
vt 0.406709 0.666511
vt 0.406004 0.666649
vt 0.405715 0.587536
vt 0.406795 0.579305
vt 0.407513 0.579425
vt 0.406430 0.587605
vt 0.405414 0.595567
vt 0.404711 0.595512
vt 0.408219 0.673888
vt 0.407521 0.674026
vt 0.414485 0.730578
vt 0.413562 0.725804
vt 0.414250 0.725727
vt 0.415163 0.730458
vt 0.415692 0.735159
vt 0.416359 0.735026
vt 0.410290 0.562401
vt 0.411833 0.558002
vt 0.412439 0.558333
vt 0.410920 0.562662
vt 0.408228 0.570882
vt 0.408909 0.571107
vt 0.403858 0.603565
vt 0.404556 0.603625
vt 0.409679 0.681344
vt 0.408967 0.681492
vt 0.410301 0.689215
vt 0.411002 0.689069
vt 0.403155 0.643676
vt 0.403846 0.643640
vt 0.493200 0.712147
vt 0.490362 0.719616
vt 0.488549 0.723397
vt 0.498538 0.660754
vt 0.498418 0.653287
vt 0.498266 0.646281
vt 0.498432 0.667912
vt 0.498166 0.639167
vt 0.498004 0.632095
vt 0.497548 0.625928
vt 0.495671 0.613005
vt 0.494354 0.606509
vt 0.492720 0.600433
vt 0.489645 0.579149
vt 0.489055 0.574773
vt 0.490238 0.587261
vt 0.491250 0.594559
vt 0.498152 0.675171
vt 0.497120 0.689808
vt 0.496400 0.697141
vt 0.497600 0.682407
vt 0.495252 0.704643
vt 0.496620 0.619469
vt 0.488396 0.570221
vt 0.487647 0.565655
vt 0.971685 0.235299
vt 0.973211 0.242169
vt 0.961692 0.242923
vt 0.960493 0.236303
vt 0.973591 0.349634
vt 0.968278 0.361243
vt 0.958967 0.354544
vt 0.962888 0.345170
vt 0.971639 0.054299
vt 0.971416 0.065468
vt 0.960220 0.066418
vt 0.960206 0.054543
vt 0.950074 0.162865
vt 0.950723 0.177668
vt 0.942830 0.178144
vt 0.942143 0.162959
vt 0.952180 0.101415
vt 0.951079 0.116287
vt 0.943153 0.115993
vt 0.944245 0.101111
vt 0.953171 0.049450
vt 0.952996 0.060948
vt 0.945018 0.061017
vt 0.944991 0.049467
vt 0.968085 0.793116
vt 0.965746 0.807162
vt 0.958065 0.805105
vt 0.960176 0.792063
vt 0.968596 0.734961
vt 0.968569 0.749414
vt 0.960606 0.749607
vt 0.960638 0.734924
vt 0.972163 0.681342
vt 0.970615 0.692743
vt 0.962734 0.692135
vt 0.964227 0.680802
vt 0.966296 0.621459
vt 0.970313 0.636210
vt 0.962568 0.637408
vt 0.958065 0.622236
vt 0.973272 0.550505
vt 0.972314 0.564027
vt 0.964406 0.563395
vt 0.965086 0.550313
vt 0.973065 0.492934
vt 0.972779 0.507759
vt 0.964952 0.507721
vt 0.965091 0.492945
vt 0.969821 0.431581
vt 0.972163 0.447182
vt 0.964214 0.447943
vt 0.962061 0.433373
vt 0.948470 0.369156
vt 0.949048 0.383368
vt 0.941127 0.383681
vt 0.940532 0.369339
vt 0.952419 0.318193
vt 0.950013 0.329152
vt 0.942192 0.328262
vt 0.944482 0.317143
vt 0.945314 0.267710
vt 0.949557 0.283332
vt 0.941860 0.284717
vt 0.937385 0.268691
vt 0.972692 0.649025
vt 0.964831 0.649913
vt 0.975182 0.659891
vt 0.973533 0.670088
vt 0.965501 0.669834
vt 0.966475 0.660195
vt 0.970506 0.226908
vt 0.959336 0.227412
vt 0.972624 0.304793
vt 0.975337 0.320473
vt 0.963958 0.321053
vt 0.961512 0.305676
vt 0.976079 0.335534
vt 0.964592 0.333610
vt 0.973833 0.011712
vt 0.973212 0.021795
vt 0.961920 0.020292
vt 0.962561 0.011764
vt 0.975069 0.120692
vt 0.972450 0.134906
vt 0.961335 0.134177
vt 0.963739 0.120026
vt 0.971213 0.174823
vt 0.973186 0.185073
vt 0.961637 0.185338
vt 0.960018 0.175309
vt 0.966223 0.606409
vt 0.958181 0.605971
vt 0.970143 0.218631
vt 0.958967 0.218513
vt 0.971555 0.289417
vt 0.960361 0.289517
vt 0.971635 0.031719
vt 0.960694 0.030531
vt 0.971915 0.075203
vt 0.961189 0.077254
vt 0.950037 0.147401
vt 0.942094 0.147302
vt 0.953219 0.087313
vt 0.945036 0.087225
vt 0.953025 0.037487
vt 0.945283 0.037136
vt 0.968777 0.778452
vt 0.960819 0.778237
vt 0.968933 0.720565
vt 0.960996 0.720290
vt 0.968004 0.591683
vt 0.960163 0.590626
vt 0.972726 0.536637
vt 0.964763 0.536575
vt 0.973255 0.477947
vt 0.965187 0.478082
vt 0.951101 0.412381
vt 0.950198 0.427799
vt 0.942362 0.427106
vt 0.942944 0.412535
vt 0.948339 0.355266
vt 0.940433 0.355163
vt 0.954271 0.306588
vt 0.945632 0.306260
vt 0.944337 0.251472
vt 0.935968 0.250896
vt 0.971317 0.275801
vt 0.960244 0.275658
vt 0.973855 0.082844
vt 0.962397 0.085344
vt 0.971093 0.149578
vt 0.959919 0.149445
vt 0.972165 0.195076
vt 0.960949 0.194495
vt 0.972163 0.264276
vt 0.960954 0.264171
vt 0.971408 0.042835
vt 0.960182 0.042450
vt 0.975578 0.095635
vt 0.964213 0.097464
vt 0.970388 0.211301
vt 0.959222 0.210690
vt 0.952985 0.205337
vt 0.952325 0.219533
vt 0.944417 0.218559
vt 0.944960 0.205413
vt 0.950358 0.131760
vt 0.942418 0.131547
vt 0.952785 0.074050
vt 0.945017 0.074136
vt 0.954271 0.025121
vt 0.946148 0.024642
vt 0.968790 0.763787
vt 0.960832 0.763959
vt 0.969525 0.706297
vt 0.961618 0.705828
vt 0.970766 0.577705
vt 0.962958 0.576668
vt 0.972808 0.522326
vt 0.964848 0.522251
vt 0.972651 0.462779
vt 0.964742 0.463005
vt 0.949887 0.397792
vt 0.941955 0.398178
vt 0.948805 0.341799
vt 0.940912 0.341325
vt 0.952998 0.295482
vt 0.944954 0.296287
vt 0.947786 0.235730
vt 0.940049 0.234299
vt 0.975478 0.107212
vt 0.964052 0.108136
vt 0.970716 0.162891
vt 0.959624 0.162958
vt 0.971168 0.202831
vt 0.960004 0.202044
vt 0.952727 0.191733
vt 0.944513 0.192343
vt 0.954176 0.011632
vt 0.946303 0.011799
vt 0.973285 0.253118
vt 0.961999 0.253213
s 1
usemtl Large_Long_Sleeve_Shirt
f 1/1/1 15/2/15 16/3/16 17/4/17
f 1/1/1 17/4/17 18/5/18 19/6/19
f 1/1/1 19/6/19 20/7/20 21/8/21
f 1/9/1 21/10/21 22/11/22 23/12/23
f 1/9/1 23/12/23 24/13/24 15/14/15
f 2/15/2 25/16/25 26/17/26 27/18/27
f 2/15/2 27/18/27 28/19/28 29/20/29
f 2/15/2 30/21/30 31/22/31 25/16/25
f 2/15/2 32/23/32 33/24/33 30/21/30
f 2/15/2 29/20/29 34/25/34 32/23/32
f 3/26/3 35/27/35 36/28/36 37/29/37
f 3/26/3 26/17/26 38/30/38 35/27/35
f 3/26/3 37/29/37 27/18/27 26/17/26
f 4/31/4 36/28/36 39/32/39 40/33/40
f 4/31/4 40/33/40 41/34/41 42/35/42
f 4/31/4 42/35/42 43/36/43 44/37/44
f 4/31/4 45/38/45 37/29/37 36/28/36
f 4/31/4 44/37/44 46/39/46 45/38/45
f 5/40/5 47/41/47 48/42/48 49/43/49
f 5/40/5 50/44/50 51/45/51 47/41/47
f 5/40/5 52/46/52 53/47/53 50/44/50
f 5/40/5 49/43/49 54/48/54 55/49/55
f 5/40/5 55/49/55 56/50/56 52/46/52
f 6/51/6 57/52/57 58/53/58 59/54/59
f 6/51/6 60/55/60 61/56/61 57/52/57
f 6/51/6 59/54/59 62/57/62 60/55/60
f 7/58/7 63/59/63 64/60/64 65/61/65
f 7/58/7 66/62/66 67/63/67 68/64/68
f 7/58/7 65/61/65 69/65/69 66/62/66
f 8/66/8 70/67/70 71/68/71 72/69/72
f 8/66/8 73/70/73 74/71/74 70/67/70
f 8/66/8 75/72/75 76/73/76 77/74/77
f 8/66/8 72/69/72 78/75/78 75/72/75
f 8/66/8 77/74/77 79/76/79 73/70/73
f 9/77/9 80/78/80 81/79/81 82/80/82
f 9/77/9 82/80/82 83/81/83 84/82/84
f 9/77/9 84/82/84 85/83/85 86/84/86
f 10/85/10 87/86/87 88/87/88 89/88/89
f 10/85/10 90/89/90 91/90/91 92/91/92
f 10/85/10 92/91/92 93/92/93 87/86/87
f 11/93/11 94/94/94 95/95/95 96/96/96
f 11/93/11 96/96/96 97/97/97 98/98/98
f 11/93/11 99/99/99 100/100/100 94/94/94
f 12/101/12 101/102/101 102/103/102 103/104/103
f 12/101/12 104/105/104 105/106/105 106/107/106
f 12/101/12 107/108/107 108/109/108 104/105/104
f 12/101/12 103/104/103 109/110/109 107/108/107
f 12/101/12 106/107/106 110/111/110 101/102/101
f 112/112/112 3360/113/3360 116/114/116 117/115/117
f 112/116/112 117/117/117 118/118/118 3361/119/3361
f 111/120/111 3362/121/3362 3360/113/3360 3364/122/3364
f 14/123/14 119/124/119 120/125/120 121/126/121
f 14/123/14 122/127/122 123/128/123 119/124/119
f 14/123/14 124/129/124 125/130/125 122/127/122
f 14/123/14 121/126/121 126/131/126 124/129/124
f 126/131/126 127/132/127 128/133/128 129/134/129
f 126/131/126 129/134/129 130/135/130 124/129/124
f 126/131/126 121/126/121 131/136/131 127/132/127
f 131/136/131 132/137/132 133/138/133 127/132/127
f 131/136/131 121/126/121 120/125/120 134/139/134
f 131/136/131 134/139/134 135/140/135 132/137/132
f 135/140/135 136/141/136 137/142/137 132/137/132
f 135/143/135 134/144/134 138/145/138 139/146/139
f 135/143/135 139/146/139 140/147/140 136/148/136
f 140/147/140 141/149/141 142/150/142 136/148/136
f 140/147/140 139/146/139 143/151/143 144/152/144
f 140/147/140 144/152/144 145/153/145 141/149/141
f 145/153/145 146/154/146 147/155/147 141/149/141
f 145/153/145 144/152/144 148/156/148 149/157/149
f 145/153/145 149/157/149 150/158/150 146/154/146
f 150/159/150 151/160/151 152/161/152 146/162/146
f 150/158/150 149/157/149 153/163/153 154/164/154
f 150/159/150 154/165/154 155/166/155 151/160/151
f 155/166/155 156/167/156 157/168/157 151/160/151
f 155/166/155 154/165/154 158/169/158 159/170/159
f 155/166/155 159/170/159 160/171/160 156/167/156
f 160/171/160 161/172/161 162/173/162 156/167/156
f 160/171/160 159/170/159 163/174/163 164/175/164
f 160/171/160 164/175/164 165/176/165 161/172/161
f 165/176/165 166/177/166 167/178/167 161/172/161
f 165/176/165 164/175/164 168/179/168 169/180/169
f 165/176/165 169/180/169 170/181/170 166/177/166
f 170/181/170 171/182/171 172/183/172 166/177/166
f 170/181/170 169/180/169 173/184/173 174/185/174
f 170/181/170 174/185/174 175/186/175 171/182/171
f 175/186/175 176/187/176 56/50/56 171/182/171
f 175/186/175 174/185/174 177/188/177 178/189/178
f 175/186/175 178/189/178 179/190/179 176/187/176
f 179/190/179 180/191/180 181/192/181 176/187/176
f 179/190/179 178/189/178 182/193/182 183/194/183
f 179/190/179 183/194/183 184/195/184 180/191/180
f 184/195/184 185/196/185 186/197/186 180/191/180
f 184/198/184 183/199/183 187/200/187 188/201/188
f 184/198/184 188/201/188 189/202/189 185/203/185
f 189/202/189 190/204/190 191/205/191 185/203/185
f 191/205/191 190/204/190 192/206/192 193/207/193
f 191/208/191 193/209/193 194/210/194 195/211/195
f 191/208/191 195/211/195 186/197/186 185/196/185
f 195/211/195 194/210/194 196/212/196 197/213/197
f 195/211/195 197/213/197 198/214/198 186/197/186
f 198/214/198 197/213/197 199/215/199 53/47/53
f 198/214/198 53/47/53 52/46/52 181/192/181
f 198/214/198 181/192/181 180/191/180 186/197/186
f 199/215/199 197/213/197 196/212/196 200/216/200
f 199/215/199 200/216/200 201/217/201 202/218/202
f 199/215/199 202/218/202 50/44/50 53/47/53
f 202/218/202 201/217/201 203/219/203 204/220/204
f 202/218/202 204/220/204 51/45/51 50/44/50
f 204/220/204 203/219/203 205/221/205 206/222/206
f 204/220/204 206/222/206 207/223/207 51/45/51
f 207/223/207 206/222/206 208/224/208 209/225/209
f 207/223/207 209/225/209 210/226/210 211/227/211
f 207/223/207 211/227/211 47/41/47 51/45/51
f 211/227/211 210/226/210 212/228/212 213/229/213
f 211/227/211 213/229/213 48/42/48 47/41/47
f 213/229/213 212/228/212 214/230/214 215/231/215
f 213/229/213 215/231/215 216/232/216 48/42/48
f 216/232/216 217/233/217 49/43/49 48/42/48
f 216/232/216 215/231/215 218/234/218 219/235/219
f 216/232/216 219/235/219 220/236/220 217/233/217
f 220/236/220 221/237/221 222/238/222 217/233/217
f 220/236/220 219/235/219 223/239/223 224/240/224
f 220/236/220 224/240/224 67/63/67 221/237/221
f 224/240/224 223/239/223 225/241/225 226/242/226
f 224/240/224 226/242/226 68/64/68 67/63/67
f 226/242/226 225/241/225 62/57/62 227/243/227
f 226/242/226 227/243/227 228/244/228 68/64/68
f 228/244/228 229/245/229 7/58/7 68/64/68
f 228/244/228 227/243/227 230/246/230 231/247/231
f 228/244/228 231/247/231 232/248/232 229/245/229
f 232/248/232 233/249/233 234/250/234 229/245/229
f 232/248/232 231/247/231 73/70/73 79/76/79
f 232/248/232 79/76/79 235/251/235 233/249/233
f 235/252/235 236/253/236 237/254/237 233/255/233
f 235/251/235 79/76/79 77/74/77 238/256/238
f 235/252/235 238/257/238 239/258/239 236/253/236
f 239/258/239 240/259/240 241/260/241 242/261/242
f 239/258/239 242/261/242 243/262/243 236/253/236
f 239/258/239 238/257/238 244/263/244 240/259/240
f 244/263/244 245/264/245 246/265/246 240/259/240
f 244/266/244 238/256/238 77/74/77 76/73/76
f 244/266/244 76/73/76 247/267/247 245/268/245
f 247/267/247 76/73/76 75/72/75 248/269/248
f 247/267/247 248/269/248 249/270/249 250/271/250
f 247/267/247 250/271/250 251/272/251 245/268/245
f 251/273/251 252/274/252 246/265/246 245/264/245
f 251/275/251 250/276/250 81/79/81 80/78/80
f 251/277/251 80/278/80 253/279/253 252/280/252
f 253/279/253 254/281/254 255/282/255 256/283/256
f 253/279/253 256/283/256 257/284/257 252/280/252
f 257/284/257 256/283/256 258/285/258 259/286/259
f 257/287/257 259/288/259 260/289/260 261/290/261
f 257/287/257 261/290/261 246/265/246 252/274/252
f 261/290/261 260/289/260 262/291/262 241/260/241
f 261/290/261 241/260/241 240/259/240 246/265/246
f 262/291/262 260/289/260 263/292/263 264/293/264
f 262/291/262 264/293/264 265/294/265 266/295/266
f 262/291/262 266/295/266 242/261/242 241/260/241
f 266/295/266 265/294/265 267/296/267 268/297/268
f 266/295/266 268/297/268 243/262/243 242/261/242
f 268/297/268 267/296/267 269/298/269 270/299/270
f 268/297/268 270/299/270 271/300/271 243/262/243
f 271/300/271 270/299/270 272/301/272 273/302/273
f 271/300/271 273/302/273 274/303/274 237/254/237
f 271/300/271 237/254/237 236/253/236 243/262/243
f 274/303/274 273/302/273 275/304/275 276/305/276
f 274/303/274 276/305/276 63/306/63 234/307/234
f 274/303/274 234/307/234 233/255/233 237/254/237
f 276/305/276 275/304/275 277/308/277 278/309/278
f 276/305/276 278/309/278 64/310/64 63/306/63
f 278/309/278 277/308/277 279/311/279 280/312/280
f 278/309/278 280/312/280 281/313/281 64/310/64
f 281/313/281 280/312/280 282/314/282 283/315/283
f 281/316/281 283/317/283 284/318/284 285/319/285
f 281/316/281 285/319/285 65/61/65 64/60/64
f 285/319/285 284/318/284 286/320/286 287/321/287
f 285/319/285 287/321/287 69/65/69 65/61/65
f 287/321/287 286/320/286 157/168/157 288/322/288
f 287/321/287 288/322/288 289/323/289 69/65/69
f 289/323/289 290/324/290 66/62/66 69/65/69
f 289/323/289 288/322/288 162/173/162 291/325/291
f 289/323/289 291/325/291 292/326/292 290/324/290
f 292/326/292 222/238/222 221/237/221 290/324/290
f 292/326/292 291/325/291 167/178/167 293/327/293
f 292/326/292 293/327/293 54/48/54 222/238/222
f 293/327/293 167/178/167 166/177/166 172/183/172
f 293/327/293 172/183/172 55/49/55 54/48/54
f 291/325/291 162/173/162 161/172/161 167/178/167
f 290/324/290 221/237/221 67/63/67 66/62/66
f 288/322/288 157/168/157 156/167/156 162/173/162
f 286/320/286 284/318/284 294/328/294 152/161/152
f 286/320/286 152/161/152 151/160/151 157/168/157
f 294/328/294 284/318/284 283/317/283 295/329/295
f 294/328/294 295/329/295 296/330/296 147/331/147
f 294/328/294 147/331/147 146/162/146 152/161/152
f 296/332/296 295/333/295 297/334/297 298/335/298
f 296/332/296 298/335/298 299/336/299 142/337/142
f 296/338/296 142/150/142 141/149/141 147/155/147
f 299/336/299 298/335/298 300/339/300 301/340/301
f 299/336/299 301/340/301 302/341/302 137/142/137
f 299/336/299 137/142/137 136/141/136 142/337/142
f 302/341/302 301/340/301 303/342/303 304/343/304
f 302/341/302 304/343/304 305/344/305 133/138/133
f 302/341/302 133/138/133 132/137/132 137/142/137
f 305/344/305 304/343/304 306/345/306 307/346/307
f 305/344/305 307/346/307 308/347/308 128/133/128
f 305/344/305 128/133/128 127/132/127 133/138/133
f 308/347/308 307/346/307 309/348/309 310/349/310
f 308/347/308 310/349/310 311/350/311 312/351/312
f 308/347/308 312/351/312 129/134/129 128/133/128
f 312/351/312 311/350/311 313/352/313 314/353/314
f 312/351/312 314/353/314 130/135/130 129/134/129
f 314/353/314 313/352/313 315/354/315 316/355/316
f 314/353/314 316/355/316 317/356/317 130/135/130
f 317/356/317 316/355/316 318/357/318 319/358/319
f 317/356/317 319/358/319 320/359/320 125/130/125
f 317/356/317 125/130/125 124/129/124 130/135/130
f 320/359/320 319/358/319 321/360/321 322/361/322
f 320/359/320 322/361/322 323/362/323 324/363/324
f 320/359/320 324/363/324 122/127/122 125/130/125
f 324/363/324 323/362/323 86/364/86 325/365/325
f 324/363/324 325/365/325 123/128/123 122/127/122
f 325/366/325 86/84/86 85/83/85 326/367/326
f 325/366/325 326/367/326 327/368/327 123/369/123
f 327/368/327 328/370/328 119/371/119 123/369/123
f 327/368/327 326/367/326 329/372/329 330/373/330
f 327/368/327 330/373/330 331/374/331 328/370/328
f 331/374/331 332/375/332 333/376/333 328/370/328
f 331/374/331 330/373/330 334/377/334 335/378/335
f 331/374/331 335/378/335 336/379/336 332/375/332
f 336/379/336 337/380/337 338/381/338 332/375/332
f 336/379/336 335/378/335 339/382/339 340/383/340
f 336/379/336 340/383/340 341/384/341 337/380/337
f 341/384/341 342/385/342 343/386/343 337/380/337
f 341/384/341 340/383/340 344/387/344 345/388/345
f 341/384/341 345/388/345 346/389/346 342/385/342
f 346/389/346 347/390/347 348/391/348 342/385/342
f 346/389/346 345/388/345 349/392/349 350/393/350
f 346/389/346 350/393/350 351/394/351 347/390/347
f 351/394/351 352/395/352 353/396/353 347/390/347
f 351/394/351 350/393/350 354/397/354 355/398/355
f 351/394/351 355/398/355 356/399/356 352/395/352
f 356/399/356 357/400/357 358/401/358 352/395/352
f 356/399/356 355/398/355 359/402/359 360/403/360
f 356/399/356 360/403/360 361/404/361 357/400/357
f 361/405/361 362/406/362 363/407/363 357/408/357
f 361/404/361 360/403/360 89/88/89 364/409/364
f 361/405/361 364/410/364 365/411/365 362/406/362
f 365/411/365 366/412/366 367/413/367 362/406/362
f 365/411/365 364/410/364 368/414/368 369/415/369
f 365/411/365 369/415/369 370/416/370 366/412/366
f 370/416/370 371/417/371 372/418/372 366/412/366
f 370/419/370 369/420/369 373/421/373 374/422/374
f 370/419/370 374/422/374 375/423/375 371/424/371
f 375/423/375 376/425/376 377/426/377 371/424/371
f 377/427/377 182/193/182 178/189/178 177/188/177
f 377/427/377 177/188/177 372/418/372 371/417/371
f 377/426/377 376/425/376 378/428/378 182/429/182
f 378/428/378 187/200/187 183/199/183 182/429/182
f 373/421/373 369/420/369 368/430/368 379/431/379
f 379/431/379 368/430/368 88/432/88 380/433/380
f 380/433/380 88/432/88 87/434/87 381/435/381
f 381/436/381 87/437/87 93/438/93 382/439/382
f 382/439/382 93/438/93 383/440/383 384/441/384
f 384/441/384 383/440/383 385/442/385 386/443/386
f 386/443/386 385/442/385 387/444/387 388/445/388
f 388/445/388 387/444/387 389/446/389 390/447/390
f 390/447/390 389/446/389 95/448/95 391/449/391
f 391/449/391 95/448/95 94/450/94 392/451/392
f 392/451/392 94/450/94 100/452/100 393/453/393
f 393/453/393 100/452/100 394/454/394 395/455/395
f 395/455/395 394/454/394 396/456/396 397/457/397
f 397/457/397 396/456/396 398/458/398 399/459/399
f 399/459/399 398/458/398 400/460/400 401/461/401
f 401/461/401 400/460/400 402/462/402 403/463/403
f 403/463/403 402/462/402 404/464/404 405/465/405
f 405/465/405 404/464/404 406/466/406 407/467/407
f 407/467/407 406/466/406 408/468/408 409/469/409
f 409/469/409 408/468/408 410/470/410 411/471/411
f 411/471/411 410/470/410 412/472/412 413/473/413
f 413/473/413 412/472/412 193/207/193 192/206/192
f 412/474/412 410/475/410 414/476/414 415/477/415
f 412/474/412 415/477/415 194/210/194 193/209/193
f 415/477/415 414/476/414 416/478/416 417/479/417
f 415/477/415 417/479/417 196/212/196 194/210/194
f 417/479/417 416/478/416 43/36/43 418/480/418
f 417/479/417 418/480/418 200/216/200 196/212/196
f 418/480/418 43/36/43 42/35/42 419/481/419
f 418/480/418 419/481/419 201/217/201 200/216/200
f 419/481/419 42/35/42 41/34/41 420/482/420
f 419/481/419 420/482/420 203/219/203 201/217/201
f 420/482/420 41/34/41 421/483/421 422/484/422
f 420/482/420 422/484/422 205/221/205 203/219/203
f 422/484/422 421/483/421 423/485/423 424/486/424
f 422/484/422 424/486/424 425/487/425 205/221/205
f 425/487/425 424/486/424 426/488/426 427/489/427
f 425/487/425 427/489/427 428/490/428 208/224/208
f 425/487/425 208/224/208 206/222/206 205/221/205
f 428/490/428 427/489/427 429/491/429 430/492/430
f 428/490/428 430/492/430 431/493/431 432/494/432
f 428/490/428 432/494/432 209/225/209 208/224/208
f 432/494/432 431/493/431 433/495/433 434/496/434
f 432/494/432 434/496/434 210/226/210 209/225/209
f 434/496/434 433/495/433 435/497/435 436/498/436
f 434/496/434 436/498/436 212/228/212 210/226/210
f 436/498/436 435/497/435 437/499/437 438/500/438
f 436/498/436 438/500/438 214/230/214 212/228/212
f 438/500/438 437/499/437 439/501/439 440/502/440
f 438/500/438 440/502/440 441/503/441 214/230/214
f 441/503/441 218/234/218 215/231/215 214/230/214
f 441/503/441 440/502/440 442/504/442 443/505/443
f 441/503/441 443/505/443 444/506/444 218/234/218
f 444/506/444 223/239/223 219/235/219 218/234/218
f 444/506/444 443/505/443 445/507/445 446/508/446
f 444/506/444 446/508/446 225/241/225 223/239/223
f 446/508/446 445/507/445 61/56/61 60/55/60
f 446/508/446 60/55/60 62/57/62 225/241/225
f 445/507/445 443/505/443 442/504/442 447/509/447
f 445/507/445 447/509/447 448/510/448 61/56/61
f 448/510/448 447/509/447 449/511/449 450/512/450
f 448/510/448 450/512/450 451/513/451 452/514/452
f 448/510/448 452/514/452 57/52/57 61/56/61
f 452/514/452 451/513/451 453/515/453 454/516/454
f 452/514/452 454/516/454 58/53/58 57/52/57
f 454/516/454 453/515/453 71/68/71 70/67/70
f 454/516/454 70/67/70 74/71/74 58/53/58
f 453/515/453 451/513/451 455/517/455 456/518/456
f 453/515/453 456/518/456 457/519/457 71/68/71
f 457/519/457 456/518/456 458/520/458 459/521/459
f 457/519/457 459/521/459 460/522/460 461/523/461
f 457/519/457 461/523/461 72/69/72 71/68/71
f 461/523/461 460/522/460 462/524/462 463/525/463
f 461/523/461 463/525/463 78/75/78 72/69/72
f 463/525/463 462/524/462 464/526/464 465/527/465
f 463/525/463 465/527/465 466/528/466 78/75/78
f 466/528/466 248/269/248 75/72/75 78/75/78
f 466/528/466 465/527/465 467/529/467 468/530/468
f 466/528/466 468/530/468 249/270/249 248/269/248
f 468/531/468 467/532/467 469/533/469 470/534/470
f 468/531/468 470/534/470 471/535/471 249/536/249
f 471/535/471 81/79/81 250/276/250 249/536/249
f 471/535/471 470/534/470 472/537/472 473/538/473
f 471/535/471 473/538/473 82/80/82 81/79/81
f 473/538/473 472/537/472 474/539/474 475/540/475
f 473/538/473 475/540/475 83/81/83 82/80/82
f 475/540/475 474/539/474 476/541/476 477/542/477
f 475/540/475 477/542/477 478/543/478 83/81/83
f 478/543/478 479/544/479 84/82/84 83/81/83
f 478/543/478 477/542/477 480/545/480 481/546/481
f 478/543/478 481/546/481 482/547/482 479/544/479
f 482/547/482 483/548/483 484/549/484 479/544/479
f 482/547/482 481/546/481 485/550/485 486/551/486
f 482/547/482 486/551/486 487/552/487 483/548/483
f 487/552/487 488/553/488 489/554/489 483/548/483
f 487/552/487 486/551/486 490/555/490 491/556/491
f 487/552/487 491/556/491 492/557/492 488/553/488
f 492/557/492 493/558/493 494/559/494 488/553/488
f 492/557/492 491/556/491 495/560/495 496/561/496
f 492/557/492 496/561/496 497/562/497 493/558/493
f 497/562/497 498/563/498 499/564/499 493/558/493
f 497/562/497 496/561/496 500/565/500 501/566/501
f 497/562/497 501/566/501 502/567/502 498/563/498
f 502/567/502 503/568/503 504/569/504 498/563/498
f 502/567/502 501/566/501 505/570/505 506/571/506
f 502/567/502 506/571/506 507/572/507 503/568/503
f 507/572/507 508/573/508 509/574/509 503/568/503
f 507/572/507 506/571/506 510/575/510 511/576/511
f 507/572/507 511/576/511 512/577/512 508/573/508
f 512/577/512 90/89/90 513/578/513 508/573/508
f 512/577/512 511/576/511 514/579/514 515/580/515
f 512/577/512 515/580/515 91/90/91 90/89/90
f 515/580/515 514/579/514 516/581/516 517/582/517
f 515/580/515 517/582/517 518/583/518 91/90/91
f 518/583/518 519/584/519 92/91/92 91/90/91
f 518/583/518 517/582/517 520/585/520 521/586/521
f 518/583/518 521/586/521 522/587/522 519/584/519
f 522/587/522 385/588/385 383/589/383 519/584/519
f 522/587/522 521/586/521 523/590/523 524/591/524
f 522/587/522 524/591/524 387/592/387 385/588/385
f 524/591/524 523/590/523 525/593/525 526/594/526
f 524/591/524 526/594/526 389/595/389 387/592/387
f 526/594/526 525/593/525 97/97/97 96/96/96
f 526/594/526 96/96/96 95/95/95 389/595/389
f 525/593/525 523/590/523 527/596/527 528/597/528
f 525/593/525 528/597/528 529/598/529 97/97/97
f 529/598/529 528/597/528 530/599/530 531/600/531
f 529/598/529 531/600/531 532/601/532 533/602/533
f 529/598/529 533/602/533 98/98/98 97/97/97
f 533/602/533 532/601/532 534/603/534 535/604/535
f 533/602/533 535/604/535 536/605/536 98/98/98
f 536/605/536 537/606/537 11/93/11 98/98/98
f 536/605/536 535/604/535 538/607/538 539/608/539
f 536/605/536 539/608/539 540/609/540 537/606/537
f 540/609/540 541/610/541 542/611/542 537/606/537
f 540/609/540 539/608/539 543/612/543 544/613/544
f 540/609/540 544/613/544 545/614/545 541/610/541
f 545/614/545 546/615/546 547/616/547 541/610/541
f 545/614/545 544/613/544 548/617/548 549/618/549
f 545/614/545 549/618/549 550/619/550 546/615/546
f 550/620/550 551/621/551 552/622/552 546/623/546
f 550/619/550 549/618/549 553/624/553 554/625/554
f 550/620/550 554/626/554 555/627/555 551/621/551
f 555/627/555 556/628/556 557/629/557 551/621/551
f 555/627/555 554/626/554 558/630/558 559/631/559
f 555/627/555 559/631/559 560/632/560 556/628/556
f 560/632/560 561/633/561 33/24/33 556/628/556
f 560/632/560 559/631/559 562/634/562 563/635/563
f 560/632/560 563/635/563 564/636/564 561/633/561
f 564/636/564 565/637/565 566/638/566 561/633/561
f 564/636/564 563/635/563 567/639/567 568/640/568
f 564/636/564 568/640/568 569/641/569 565/637/565
f 569/641/569 570/642/570 571/643/571 565/637/565
f 569/644/569 568/645/568 572/646/572 573/647/573
f 569/644/569 573/647/573 574/648/574 570/649/570
f 574/648/574 575/650/575 576/651/576 570/649/570
f 574/648/574 573/647/573 577/652/577 578/653/578
f 574/648/574 578/653/578 579/654/579 575/650/575
f 579/654/579 580/655/580 581/656/581 575/650/575
f 579/654/579 578/653/578 582/657/582 583/658/583
f 579/654/579 583/658/583 584/659/584 580/655/580
f 584/659/584 585/660/585 586/661/586 580/655/580
f 584/659/584 583/658/583 587/662/587 588/663/588
f 584/659/584 588/663/588 589/664/589 585/660/585
f 589/664/589 590/665/590 591/666/591 585/660/585
f 589/664/589 588/663/588 592/667/592 593/668/593
f 589/664/589 593/668/593 594/669/594 590/665/590
f 594/669/594 595/670/595 596/671/596 590/665/590
f 594/669/594 593/668/593 597/672/597 598/673/598
f 594/669/594 598/673/598 599/674/599 595/670/595
f 599/674/599 600/675/600 601/676/601 595/670/595
f 599/674/599 598/673/598 602/677/602 603/678/603
f 599/674/599 603/678/603 604/679/604 600/675/600
f 604/679/604 605/680/605 606/681/606 600/675/600
f 604/679/604 603/678/603 607/682/607 608/683/608
f 604/679/604 608/683/608 609/684/609 605/680/605
f 609/685/609 610/686/610 611/687/611 605/688/605
f 609/684/609 608/683/608 612/689/612 613/690/613
f 609/685/609 613/691/613 614/692/614 610/686/610
f 614/692/614 615/693/615 616/694/616 610/686/610
f 614/692/614 613/691/613 617/695/617 618/696/618
f 614/692/614 618/696/618 619/697/619 615/693/615
f 619/697/619 620/698/620 621/699/621 615/693/615
f 619/697/619 618/696/618 622/700/622 623/701/623
f 619/697/619 623/701/623 624/702/624 620/698/620
f 624/702/624 625/703/625 626/704/626 620/698/620
f 624/702/624 623/701/623 627/705/627 628/706/628
f 624/702/624 628/706/628 629/707/629 625/703/625
f 629/707/629 630/708/630 631/709/631 625/703/625
f 629/707/629 628/706/628 632/710/632 633/711/633
f 629/707/629 633/711/633 634/712/634 630/708/630
f 634/712/634 635/713/635 636/714/636 630/708/630
f 634/712/634 633/711/633 637/715/637 638/716/638
f 634/712/634 638/716/638 639/717/639 635/713/635
f 639/717/639 640/718/640 641/719/641 635/713/635
f 639/717/639 638/716/638 642/720/642 643/721/643
f 639/717/639 643/721/643 644/722/644 640/718/640
f 644/722/644 645/723/645 646/724/646 640/718/640
f 644/722/644 643/721/643 647/725/647 648/726/648
f 644/722/644 648/726/648 649/727/649 645/723/645
f 649/727/649 650/728/650 651/729/651 645/723/645
f 649/727/649 648/726/648 652/730/652 653/731/653
f 649/727/649 653/731/653 654/732/654 650/728/650
f 654/732/654 655/733/655 656/734/656 650/728/650
f 654/732/654 653/731/653 657/735/657 658/736/658
f 654/732/654 658/736/658 659/737/659 655/733/655
f 659/737/659 660/738/660 661/739/661 655/733/655
f 659/737/659 658/736/658 662/740/662 663/741/663
f 659/737/659 663/741/663 664/742/664 660/738/660
f 664/742/664 665/743/665 666/744/666 660/738/660
f 664/742/664 663/741/663 667/745/667 668/746/668
f 664/742/664 668/746/668 669/747/669 665/743/665
f 669/747/669 670/748/670 671/749/671 665/743/665
f 669/747/669 668/746/668 672/750/672 673/751/673
f 669/747/669 673/751/673 674/752/674 670/748/670
f 674/752/674 675/753/675 676/754/676 670/748/670
f 674/752/674 673/751/673 677/755/677 678/756/678
f 674/752/674 678/756/678 679/757/679 675/753/675
f 679/757/679 680/758/680 681/759/681 675/753/675
f 679/757/679 678/756/678 682/760/682 683/761/683
f 679/757/679 683/761/683 684/762/684 680/758/680
f 684/762/684 685/763/685 686/764/686 680/758/680
f 684/762/684 683/761/683 687/765/687 688/766/688
f 684/762/684 688/766/688 689/767/689 685/763/685
f 689/767/689 690/768/690 691/769/691 685/763/685
f 689/767/689 688/766/688 692/770/692 693/771/693
f 689/767/689 693/771/693 694/772/694 690/768/690
f 694/772/694 695/773/695 696/774/696 690/768/690
f 694/772/694 693/771/693 697/775/697 698/776/698
f 694/772/694 698/776/698 699/777/699 695/773/695
f 699/777/699 700/778/700 701/779/701 695/773/695
f 699/777/699 698/776/698 702/780/702 703/781/703
f 699/777/699 703/781/703 704/782/704 700/778/700
f 704/782/704 705/783/705 706/784/706 700/778/700
f 734/785/734 702/780/702 698/776/698 697/775/697
f 734/785/734 697/775/697 735/786/735 736/787/736
f 736/787/736 735/786/735 737/788/737 738/789/738
f 738/789/738 737/788/737 739/790/739 740/791/740
f 740/791/740 739/790/739 741/792/741 742/793/742
f 742/793/742 741/792/741 743/794/743 744/795/744
f 744/795/744 743/794/743 745/796/745 746/797/746
f 746/797/746 745/796/745 747/798/747 748/799/748
f 748/799/748 747/798/747 749/800/749 750/801/750
f 750/801/750 749/800/749 751/802/751 752/803/752
f 752/803/752 751/802/751 753/804/753 754/805/754
f 754/805/754 753/804/753 755/806/755 756/807/756
f 756/807/756 755/806/755 757/808/757 758/809/758
f 758/809/758 757/808/757 759/810/759 760/811/760
f 760/811/760 759/810/759 761/812/761 762/813/762
f 762/813/762 761/812/761 763/814/763 764/815/764
f 764/815/764 763/814/763 765/816/765 766/817/766
f 766/818/766 765/819/765 767/820/767 768/821/768
f 768/821/768 767/820/767 769/822/769 770/823/770
f 770/823/770 769/822/769 771/824/771 772/825/772
f 772/825/772 771/824/771 773/826/773 774/827/774
f 774/827/774 773/826/773 775/828/775 707/829/707
f 775/828/775 773/826/773 776/830/776 777/831/777
f 775/828/775 777/831/777 778/832/778 706/784/706
f 775/828/775 706/784/706 705/783/705 707/829/707
f 778/832/778 777/831/777 779/833/779 780/834/780
f 778/832/778 780/834/780 781/835/781 701/779/701
f 778/832/778 701/779/701 700/778/700 706/784/706
f 781/835/781 780/834/780 782/836/782 783/837/783
f 781/835/781 783/837/783 784/838/784 696/774/696
f 781/835/781 696/774/696 695/773/695 701/779/701
f 784/838/784 783/837/783 785/839/785 786/840/786
f 784/838/784 786/840/786 787/841/787 691/769/691
f 784/838/784 691/769/691 690/768/690 696/774/696
f 787/841/787 786/840/786 788/842/788 789/843/789
f 787/841/787 789/843/789 790/844/790 686/764/686
f 787/841/787 686/764/686 685/763/685 691/769/691
f 790/844/790 789/843/789 791/845/791 792/846/792
f 790/844/790 792/846/792 793/847/793 681/759/681
f 790/844/790 681/759/681 680/758/680 686/764/686
f 793/847/793 792/846/792 794/848/794 795/849/795
f 793/847/793 795/849/795 796/850/796 676/754/676
f 793/847/793 676/754/676 675/753/675 681/759/681
f 796/850/796 795/849/795 797/851/797 798/852/798
f 796/850/796 798/852/798 799/853/799 671/749/671
f 796/850/796 671/749/671 670/748/670 676/754/676
f 799/853/799 798/852/798 800/854/800 801/855/801
f 799/853/799 801/855/801 802/856/802 666/744/666
f 799/853/799 666/744/666 665/743/665 671/749/671
f 802/856/802 801/855/801 803/857/803 804/858/804
f 802/856/802 804/858/804 805/859/805 661/739/661
f 802/856/802 661/739/661 660/738/660 666/744/666
f 805/859/805 804/858/804 806/860/806 807/861/807
f 805/859/805 807/861/807 808/862/808 656/734/656
f 805/859/805 656/734/656 655/733/655 661/739/661
f 808/862/808 807/861/807 809/863/809 810/864/810
f 808/862/808 810/864/810 811/865/811 651/729/651
f 808/862/808 651/729/651 650/728/650 656/734/656
f 811/865/811 810/864/810 812/866/812 813/867/813
f 811/865/811 813/867/813 814/868/814 646/724/646
f 811/865/811 646/724/646 645/723/645 651/729/651
f 814/868/814 813/867/813 815/869/815 816/870/816
f 814/868/814 816/870/816 817/871/817 641/719/641
f 814/868/814 641/719/641 640/718/640 646/724/646
f 817/871/817 816/870/816 818/872/818 819/873/819
f 817/871/817 819/873/819 820/874/820 636/714/636
f 817/871/817 636/714/636 635/713/635 641/719/641
f 820/874/820 819/873/819 821/875/821 822/876/822
f 820/874/820 822/876/822 823/877/823 631/709/631
f 820/874/820 631/709/631 630/708/630 636/714/636
f 823/877/823 822/876/822 824/878/824 825/879/825
f 823/877/823 825/879/825 826/880/826 626/704/626
f 823/877/823 626/704/626 625/703/625 631/709/631
f 826/880/826 825/879/825 827/881/827 828/882/828
f 826/880/826 828/882/828 829/883/829 621/699/621
f 826/880/826 621/699/621 620/698/620 626/704/626
f 829/883/829 828/882/828 830/884/830 831/885/831
f 829/883/829 831/885/831 832/886/832 616/694/616
f 829/883/829 616/694/616 615/693/615 621/699/621
f 832/886/832 831/885/831 833/887/833 834/888/834
f 832/886/832 834/888/834 835/889/835 611/687/611
f 832/886/832 611/687/611 610/686/610 616/694/616
f 835/889/835 834/888/834 836/890/836 837/891/837
f 835/889/835 837/891/837 838/892/838 606/893/606
f 835/889/835 606/893/606 605/688/605 611/687/611
f 838/892/838 837/891/837 839/894/839 840/895/840
f 838/896/838 840/897/840 841/898/841 601/676/601
f 838/896/838 601/676/601 600/675/600 606/681/606
f 841/898/841 840/897/840 842/899/842 843/900/843
f 841/898/841 843/900/843 844/901/844 596/671/596
f 841/898/841 596/671/596 595/670/595 601/676/601
f 844/901/844 843/900/843 845/902/845 846/903/846
f 844/901/844 846/903/846 847/904/847 591/666/591
f 844/901/844 591/666/591 590/665/590 596/671/596
f 847/904/847 846/903/846 24/13/24 23/12/23
f 847/904/847 23/12/23 22/11/22 586/661/586
f 847/904/847 586/661/586 585/660/585 591/666/591
f 846/903/846 845/902/845 848/905/848 24/13/24
f 848/905/848 849/906/849 850/907/850 851/908/851
f 848/905/848 851/908/851 15/14/15 24/13/24
f 848/905/848 845/902/845 852/909/852 849/906/849
f 852/910/852 853/911/853 854/912/854 849/913/849
f 852/909/852 845/902/845 843/900/843 842/899/842
f 852/910/852 842/914/842 855/915/855 853/911/853
f 855/915/855 856/916/856 857/917/857 853/911/853
f 855/915/855 842/914/842 840/895/840 839/894/839
f 855/915/855 839/894/839 858/918/858 856/916/856
f 858/918/858 859/919/859 860/920/860 856/916/856
f 858/918/858 839/894/839 837/891/837 836/890/836
f 858/918/858 836/890/836 861/921/861 859/919/859
f 861/921/861 862/922/862 863/923/863 859/919/859
f 861/921/861 836/890/836 834/888/834 833/887/833
f 861/921/861 833/887/833 864/924/864 862/922/862
f 864/924/864 865/925/865 866/926/866 862/922/862
f 864/924/864 833/887/833 831/885/831 830/884/830
f 864/924/864 830/884/830 867/927/867 865/925/865
f 867/927/867 868/928/868 869/929/869 865/925/865
f 867/927/867 830/884/830 828/882/828 827/881/827
f 867/927/867 827/881/827 870/930/870 868/928/868
f 870/930/870 871/931/871 872/932/872 868/928/868
f 870/930/870 827/881/827 825/879/825 824/878/824
f 870/930/870 824/878/824 873/933/873 871/931/871
f 873/933/873 874/934/874 875/935/875 871/931/871
f 873/933/873 824/878/824 822/876/822 821/875/821
f 873/933/873 821/875/821 876/936/876 874/934/874
f 876/936/876 877/937/877 878/938/878 874/934/874
f 876/936/876 821/875/821 819/873/819 818/872/818
f 876/936/876 818/872/818 879/939/879 877/937/877
f 879/939/879 880/940/880 881/941/881 877/937/877
f 879/939/879 818/872/818 816/870/816 815/869/815
f 879/939/879 815/869/815 882/942/882 880/940/880
f 882/942/882 883/943/883 884/944/884 880/940/880
f 882/942/882 815/869/815 813/867/813 812/866/812
f 882/942/882 812/866/812 885/945/885 883/943/883
f 885/945/885 886/946/886 887/947/887 883/943/883
f 885/945/885 812/866/812 810/864/810 809/863/809
f 885/945/885 809/863/809 888/948/888 886/946/886
f 888/948/888 889/949/889 890/950/890 886/946/886
f 888/948/888 809/863/809 807/861/807 806/860/806
f 888/948/888 806/860/806 891/951/891 889/949/889
f 891/951/891 892/952/892 893/953/893 889/949/889
f 891/951/891 806/860/806 804/858/804 803/857/803
f 891/951/891 803/857/803 894/954/894 892/952/892
f 894/954/894 895/955/895 896/956/896 892/952/892
f 894/954/894 803/857/803 801/855/801 800/854/800
f 894/954/894 800/854/800 897/957/897 895/955/895
f 897/957/897 898/958/898 899/959/899 895/955/895
f 897/957/897 800/854/800 798/852/798 797/851/797
f 897/957/897 797/851/797 900/960/900 898/958/898
f 900/960/900 901/961/901 902/962/902 898/958/898
f 900/960/900 797/851/797 795/849/795 794/848/794
f 900/960/900 794/848/794 903/963/903 901/961/901
f 903/963/903 904/964/904 905/965/905 901/961/901
f 903/963/903 794/848/794 792/846/792 791/845/791
f 903/963/903 791/845/791 906/966/906 904/964/904
f 906/966/906 907/967/907 908/968/908 904/964/904
f 906/966/906 791/845/791 789/843/789 788/842/788
f 906/966/906 788/842/788 909/969/909 907/967/907
f 909/969/909 910/970/910 911/971/911 907/967/907
f 909/969/909 788/842/788 786/840/786 785/839/785
f 909/969/909 785/839/785 912/972/912 910/970/910
f 912/972/912 913/973/913 914/974/914 910/970/910
f 912/972/912 785/839/785 783/837/783 782/836/782
f 912/972/912 782/836/782 915/975/915 913/973/913
f 915/975/915 916/976/916 917/977/917 913/973/913
f 915/975/915 782/836/782 780/834/780 779/833/779
f 915/975/915 779/833/779 918/978/918 916/976/916
f 918/978/918 919/979/919 920/980/920 916/976/916
f 918/978/918 779/833/779 777/831/777 776/830/776
f 918/978/918 776/830/776 921/981/921 919/979/919
f 921/981/921 922/982/922 923/983/923 919/979/919
f 921/981/921 776/830/776 773/826/773 771/824/771
f 921/981/921 771/824/771 769/822/769 922/982/922
f 923/983/923 924/984/924 925/985/925 926/986/926
f 923/983/923 926/986/926 920/980/920 919/979/919
f 923/983/923 922/982/922 927/987/927 924/984/924
f 927/987/927 928/988/928 929/989/929 924/984/924
f 927/987/927 922/982/922 769/822/769 767/820/767
f 927/987/927 767/820/767 765/819/765 928/988/928
f 929/990/929 930/991/930 931/992/931 932/993/932
f 929/989/929 932/994/932 925/985/925 924/984/924
f 929/990/929 928/995/928 933/996/933 930/991/930
f 933/996/933 934/997/934 935/998/935 930/991/930
f 933/996/933 928/995/928 765/816/765 763/814/763
f 933/996/933 763/814/763 761/812/761 934/997/934
f 935/998/935 936/999/936 937/1000/937 938/1001/938
f 935/998/935 938/1001/938 931/992/931 930/991/930
f 935/998/935 934/997/934 939/1002/939 936/999/936
f 939/1002/939 940/1003/940 941/1004/941 936/999/936
f 939/1002/939 934/997/934 761/812/761 759/810/759
f 939/1002/939 759/810/759 757/808/757 940/1003/940
f 941/1004/941 942/1005/942 943/1006/943 944/1007/944
f 941/1004/941 944/1007/944 937/1000/937 936/999/936
f 941/1004/941 940/1003/940 945/1008/945 942/1005/942
f 945/1008/945 946/1009/946 947/1010/947 942/1005/942
f 945/1008/945 940/1003/940 757/808/757 755/806/755
f 945/1008/945 755/806/755 753/804/753 946/1009/946
f 947/1010/947 948/1011/948 949/1012/949 950/1013/950
f 947/1010/947 950/1013/950 943/1006/943 942/1005/942
f 947/1010/947 946/1009/946 951/1014/951 948/1011/948
f 951/1014/951 952/1015/952 953/1016/953 948/1011/948
f 951/1014/951 946/1009/946 753/804/753 751/802/751
f 951/1014/951 751/802/751 749/800/749 952/1015/952
f 953/1016/953 954/1017/954 955/1018/955 956/1019/956
f 953/1016/953 956/1019/956 949/1012/949 948/1011/948
f 953/1016/953 952/1015/952 957/1020/957 954/1017/954
f 957/1020/957 958/1021/958 959/1022/959 954/1017/954
f 957/1020/957 952/1015/952 749/800/749 747/798/747
f 957/1020/957 747/798/747 745/796/745 958/1021/958
f 959/1022/959 960/1023/960 961/1024/961 962/1025/962
f 959/1022/959 962/1025/962 955/1018/955 954/1017/954
f 959/1022/959 958/1021/958 963/1026/963 960/1023/960
f 963/1026/963 964/1027/964 965/1028/965 960/1023/960
f 963/1026/963 958/1021/958 745/796/745 743/794/743
f 963/1026/963 743/794/743 741/792/741 964/1027/964
f 965/1028/965 966/1029/966 682/760/682 967/1030/967
f 965/1028/965 967/1030/967 961/1024/961 960/1023/960
f 965/1028/965 964/1027/964 968/1031/968 966/1029/966
f 968/1031/968 969/1032/969 687/765/687 966/1029/966
f 968/1031/968 964/1027/964 741/792/741 739/790/739
f 968/1031/968 739/790/739 737/788/737 969/1032/969
f 969/1032/969 692/770/692 688/766/688 687/765/687
f 969/1032/969 737/788/737 735/786/735 692/770/692
f 967/1030/967 682/760/682 678/756/678 677/755/677
f 967/1030/967 677/755/677 970/1033/970 961/1024/961
f 970/1033/970 677/755/677 673/751/673 672/750/672
f 970/1033/970 672/750/672 971/1034/971 972/1035/972
f 970/1033/970 972/1035/972 962/1025/962 961/1024/961
f 972/1035/972 971/1034/971 973/1036/973 974/1037/974
f 972/1035/972 974/1037/974 955/1018/955 962/1025/962
f 974/1037/974 973/1036/973 975/1038/975 976/1039/976
f 974/1037/974 976/1039/976 956/1019/956 955/1018/955
f 976/1039/976 975/1038/975 977/1040/977 978/1041/978
f 976/1039/976 978/1041/978 949/1012/949 956/1019/956
f 978/1041/978 977/1040/977 979/1042/979 980/1043/980
f 978/1041/978 980/1043/980 950/1013/950 949/1012/949
f 980/1043/980 979/1042/979 981/1044/981 982/1045/982
f 980/1043/980 982/1045/982 943/1006/943 950/1013/950
f 982/1045/982 981/1044/981 983/1046/983 984/1047/984
f 982/1045/982 984/1047/984 944/1007/944 943/1006/943
f 984/1047/984 983/1046/983 985/1048/985 986/1049/986
f 984/1047/984 986/1049/986 937/1000/937 944/1007/944
f 986/1049/986 985/1048/985 987/1050/987 988/1051/988
f 986/1049/986 988/1051/988 938/1001/938 937/1000/937
f 988/1051/988 987/1050/987 989/1052/989 990/1053/990
f 988/1051/988 990/1053/990 931/992/931 938/1001/938
f 990/1053/990 989/1052/989 991/1054/991 992/1055/992
f 990/1053/990 992/1055/992 932/993/932 931/992/931
f 992/1056/992 991/1057/991 993/1058/993 994/1059/994
f 992/1056/992 994/1059/994 925/985/925 932/994/932
f 994/1059/994 993/1058/993 995/1060/995 996/1061/996
f 994/1059/994 996/1061/996 926/986/926 925/985/925
f 996/1061/996 995/1060/995 997/1062/997 998/1063/998
f 996/1061/996 998/1063/998 920/980/920 926/986/926
f 998/1063/998 997/1062/997 999/1064/999 917/977/917
f 998/1063/998 917/977/917 916/976/916 920/980/920
f 999/1064/999 997/1062/997 1000/1065/1000 1001/1066/1001
f 999/1064/999 1001/1066/1001 1002/1067/1002 914/974/914
f 999/1064/999 914/974/914 913/973/913 917/977/917
f 1002/1067/1002 1001/1066/1001 1003/1068/1003 1004/1069/1004
f 1002/1067/1002 1004/1069/1004 1005/1070/1005 911/971/911
f 1002/1067/1002 911/971/911 910/970/910 914/974/914
f 1005/1070/1005 1004/1069/1004 1006/1071/1006 1007/1072/1007
f 1005/1070/1005 1007/1072/1007 1008/1073/1008 908/968/908
f 1005/1070/1005 908/968/908 907/967/907 911/971/911
f 1008/1073/1008 1007/1072/1007 1009/1074/1009 1010/1075/1010
f 1008/1073/1008 1010/1075/1010 1011/1076/1011 905/965/905
f 1008/1073/1008 905/965/905 904/964/904 908/968/908
f 1011/1076/1011 1010/1075/1010 1012/1077/1012 1013/1078/1013
f 1011/1076/1011 1013/1078/1013 1014/1079/1014 902/962/902
f 1011/1076/1011 902/962/902 901/961/901 905/965/905
f 1014/1079/1014 1013/1078/1013 1015/1080/1015 1016/1081/1016
f 1014/1079/1014 1016/1081/1016 1017/1082/1017 899/959/899
f 1014/1079/1014 899/959/899 898/958/898 902/962/902
f 1017/1082/1017 1016/1081/1016 1018/1083/1018 1019/1084/1019
f 1017/1082/1017 1019/1084/1019 1020/1085/1020 896/956/896
f 1017/1082/1017 896/956/896 895/955/895 899/959/899
f 1020/1085/1020 1019/1084/1019 1021/1086/1021 1022/1087/1022
f 1020/1085/1020 1022/1087/1022 1023/1088/1023 893/953/893
f 1020/1085/1020 893/953/893 892/952/892 896/956/896
f 1023/1088/1023 1022/1087/1022 1024/1089/1024 1025/1090/1025
f 1023/1088/1023 1025/1090/1025 1026/1091/1026 890/950/890
f 1023/1088/1023 890/950/890 889/949/889 893/953/893
f 1026/1091/1026 1025/1090/1025 1027/1092/1027 1028/1093/1028
f 1026/1091/1026 1028/1093/1028 1029/1094/1029 887/947/887
f 1026/1091/1026 887/947/887 886/946/886 890/950/890
f 1029/1094/1029 1028/1093/1028 1030/1095/1030 1031/1096/1031
f 1029/1094/1029 1031/1096/1031 1032/1097/1032 884/944/884
f 1029/1094/1029 884/944/884 883/943/883 887/947/887
f 1032/1097/1032 1031/1096/1031 1033/1098/1033 1034/1099/1034
f 1032/1097/1032 1034/1099/1034 1035/1100/1035 881/941/881
f 1032/1097/1032 881/941/881 880/940/880 884/944/884
f 1035/1100/1035 1034/1099/1034 1036/1101/1036 1037/1102/1037
f 1035/1100/1035 1037/1102/1037 1038/1103/1038 878/938/878
f 1035/1100/1035 878/938/878 877/937/877 881/941/881
f 1038/1103/1038 1037/1102/1037 1039/1104/1039 1040/1105/1040
f 1038/1103/1038 1040/1105/1040 1041/1106/1041 875/935/875
f 1038/1103/1038 875/935/875 874/934/874 878/938/878
f 1041/1106/1041 1040/1105/1040 1042/1107/1042 1043/1108/1043
f 1041/1106/1041 1043/1108/1043 1044/1109/1044 872/932/872
f 1041/1106/1041 872/932/872 871/931/871 875/935/875
f 1044/1109/1044 1043/1108/1043 1045/1110/1045 1046/1111/1046
f 1044/1109/1044 1046/1111/1046 1047/1112/1047 869/929/869
f 1044/1109/1044 869/929/869 868/928/868 872/932/872
f 1047/1112/1047 1046/1111/1046 1048/1113/1048 1049/1114/1049
f 1047/1112/1047 1049/1114/1049 1050/1115/1050 866/926/866
f 1047/1112/1047 866/926/866 865/925/865 869/929/869
f 1050/1115/1050 1049/1114/1049 1051/1116/1051 1052/1117/1052
f 1050/1115/1050 1052/1117/1052 1053/1118/1053 863/923/863
f 1050/1115/1050 863/923/863 862/922/862 866/926/866
f 1053/1118/1053 1052/1117/1052 1054/1119/1054 1055/1120/1055
f 1053/1118/1053 1055/1120/1055 1056/1121/1056 860/920/860
f 1053/1118/1053 860/920/860 859/919/859 863/923/863
f 1056/1121/1056 1055/1120/1055 1057/1122/1057 1058/1123/1058
f 1056/1121/1056 1058/1123/1058 1059/1124/1059 857/917/857
f 1056/1121/1056 857/917/857 856/916/856 860/920/860
f 1059/1124/1059 1058/1123/1058 102/1125/102 101/1126/101
f 1059/1124/1059 101/1126/101 110/1127/110 854/912/854
f 1059/1124/1059 854/912/854 853/911/853 857/917/857
f 1058/1123/1058 1057/1122/1057 1060/1128/1060 102/1125/102
f 1060/1129/1060 1061/1130/1061 1062/1131/1062 1063/1132/1063
f 1060/1129/1060 1063/1132/1063 103/104/103 102/103/102
f 1060/1128/1060 1057/1122/1057 1064/1133/1064 1061/1134/1061
f 1064/1133/1064 1065/1135/1065 1066/1136/1066 1061/1134/1061
f 1064/1133/1064 1057/1122/1057 1055/1120/1055 1054/1119/1054
f 1064/1133/1064 1054/1119/1054 1067/1137/1067 1065/1135/1065
f 1067/1137/1067 1068/1138/1068 1069/1139/1069 1065/1135/1065
f 1067/1137/1067 1054/1119/1054 1052/1117/1052 1051/1116/1051
f 1067/1137/1067 1051/1116/1051 1070/1140/1070 1068/1138/1068
f 1070/1140/1070 1071/1141/1071 1072/1142/1072 1068/1138/1068
f 1070/1140/1070 1051/1116/1051 1049/1114/1049 1048/1113/1048
f 1070/1140/1070 1048/1113/1048 1073/1143/1073 1071/1141/1071
f 1073/1143/1073 1074/1144/1074 1075/1145/1075 1071/1141/1071
f 1073/1143/1073 1048/1113/1048 1046/1111/1046 1045/1110/1045
f 1073/1143/1073 1045/1110/1045 1076/1146/1076 1074/1144/1074
f 1076/1146/1076 1077/1147/1077 1078/1148/1078 1074/1144/1074
f 1076/1146/1076 1045/1110/1045 1043/1108/1043 1042/1107/1042
f 1076/1146/1076 1042/1107/1042 1079/1149/1079 1077/1147/1077
f 1079/1149/1079 1080/1150/1080 1081/1151/1081 1077/1147/1077
f 1079/1149/1079 1042/1107/1042 1040/1105/1040 1039/1104/1039
f 1079/1149/1079 1039/1104/1039 1082/1152/1082 1080/1150/1080
f 1082/1152/1082 1083/1153/1083 1084/1154/1084 1080/1150/1080
f 1082/1152/1082 1039/1104/1039 1037/1102/1037 1036/1101/1036
f 1082/1152/1082 1036/1101/1036 1085/1155/1085 1083/1153/1083
f 1085/1155/1085 1086/1156/1086 1087/1157/1087 1083/1153/1083
f 1085/1155/1085 1036/1101/1036 1034/1099/1034 1033/1098/1033
f 1085/1155/1085 1033/1098/1033 1088/1158/1088 1086/1156/1086
f 1088/1158/1088 1089/1159/1089 1090/1160/1090 1086/1156/1086
f 1088/1158/1088 1033/1098/1033 1031/1096/1031 1030/1095/1030
f 1088/1158/1088 1030/1095/1030 1091/1161/1091 1089/1159/1089
f 1091/1161/1091 1092/1162/1092 1093/1163/1093 1089/1159/1089
f 1091/1161/1091 1030/1095/1030 1028/1093/1028 1027/1092/1027
f 1091/1161/1091 1027/1092/1027 1094/1164/1094 1092/1162/1092
f 1094/1164/1094 1095/1165/1095 1096/1166/1096 1092/1162/1092
f 1094/1164/1094 1027/1092/1027 1025/1090/1025 1024/1089/1024
f 1094/1164/1094 1024/1089/1024 1097/1167/1097 1095/1165/1095
f 1097/1167/1097 1098/1168/1098 1099/1169/1099 1095/1165/1095
f 1097/1167/1097 1024/1089/1024 1022/1087/1022 1021/1086/1021
f 1097/1167/1097 1021/1086/1021 1100/1170/1100 1098/1168/1098
f 1100/1170/1100 1101/1171/1101 1102/1172/1102 1098/1168/1098
f 1100/1170/1100 1021/1086/1021 1019/1084/1019 1018/1083/1018
f 1100/1170/1100 1018/1083/1018 1103/1173/1103 1101/1171/1101
f 1103/1173/1103 1104/1174/1104 1105/1175/1105 1101/1171/1101
f 1103/1173/1103 1018/1083/1018 1016/1081/1016 1015/1080/1015
f 1103/1173/1103 1015/1080/1015 1106/1176/1106 1104/1174/1104
f 1106/1176/1106 1107/1177/1107 1108/1178/1108 1104/1174/1104
f 1106/1176/1106 1015/1080/1015 1013/1078/1013 1012/1077/1012
f 1106/1176/1106 1012/1077/1012 1109/1179/1109 1107/1177/1107
f 1109/1179/1109 1110/1180/1110 1111/1181/1111 1107/1177/1107
f 1109/1179/1109 1012/1077/1012 1010/1075/1010 1009/1074/1009
f 1109/1179/1109 1009/1074/1009 1112/1182/1112 1110/1180/1110
f 1112/1182/1112 1113/1183/1113 1114/1184/1114 1110/1180/1110
f 1112/1182/1112 1009/1074/1009 1007/1072/1007 1006/1071/1006
f 1112/1182/1112 1006/1071/1006 1115/1185/1115 1113/1183/1113
f 1115/1185/1115 1116/1186/1116 1117/1187/1117 1113/1183/1113
f 1115/1185/1115 1006/1071/1006 1004/1069/1004 1003/1068/1003
f 1115/1185/1115 1003/1068/1003 1118/1188/1118 1116/1186/1116
f 1118/1188/1118 1119/1189/1119 1120/1190/1120 1116/1186/1116
f 1118/1188/1118 1003/1068/1003 1001/1066/1001 1000/1065/1000
f 1118/1188/1118 1000/1065/1000 1121/1191/1121 1119/1189/1119
f 1121/1191/1121 1122/1192/1122 1123/1193/1123 1119/1189/1119
f 1121/1191/1121 1000/1065/1000 997/1062/997 995/1060/995
f 1121/1191/1121 995/1060/995 993/1058/993 1122/1192/1122
f 1123/1193/1123 1124/1194/1124 1125/1195/1125 1126/1196/1126
f 1123/1193/1123 1126/1196/1126 1120/1190/1120 1119/1189/1119
f 1123/1193/1123 1122/1192/1122 1127/1197/1127 1124/1194/1124
f 1127/1198/1127 1128/1199/1128 1129/1200/1129 1124/1201/1124
f 1127/1197/1127 1122/1192/1122 993/1058/993 991/1057/991
f 1127/1198/1127 991/1054/991 989/1052/989 1128/1199/1128
f 1129/1200/1129 1130/1202/1130 1131/1203/1131 1132/1204/1132
f 1129/1200/1129 1132/1204/1132 1125/1205/1125 1124/1201/1124
f 1129/1200/1129 1128/1199/1128 1133/1206/1133 1130/1202/1130
f 1133/1206/1133 1134/1207/1134 1135/1208/1135 1130/1202/1130
f 1133/1206/1133 1128/1199/1128 989/1052/989 987/1050/987
f 1133/1206/1133 987/1050/987 985/1048/985 1134/1207/1134
f 1135/1208/1135 1136/1209/1136 1137/1210/1137 1138/1211/1138
f 1135/1208/1135 1138/1211/1138 1131/1203/1131 1130/1202/1130
f 1135/1208/1135 1134/1207/1134 1139/1212/1139 1136/1209/1136
f 1139/1212/1139 1140/1213/1140 1141/1214/1141 1136/1209/1136
f 1139/1212/1139 1134/1207/1134 985/1048/985 983/1046/983
f 1139/1212/1139 983/1046/983 981/1044/981 1140/1213/1140
f 1141/1214/1141 1142/1215/1142 1143/1216/1143 1144/1217/1144
f 1141/1214/1141 1144/1217/1144 1137/1210/1137 1136/1209/1136
f 1141/1214/1141 1140/1213/1140 1145/1218/1145 1142/1215/1142
f 1145/1218/1145 1146/1219/1146 1147/1220/1147 1142/1215/1142
f 1145/1218/1145 1140/1213/1140 981/1044/981 979/1042/979
f 1145/1218/1145 979/1042/979 977/1040/977 1146/1219/1146
f 1147/1220/1147 1148/1221/1148 657/735/657 1149/1222/1149
f 1147/1220/1147 1149/1222/1149 1143/1216/1143 1142/1215/1142
f 1147/1220/1147 1146/1219/1146 1150/1223/1150 1148/1221/1148
f 1150/1223/1150 1151/1224/1151 662/740/662 1148/1221/1148
f 1150/1223/1150 1146/1219/1146 977/1040/977 975/1038/975
f 1150/1223/1150 975/1038/975 973/1036/973 1151/1224/1151
f 1151/1224/1151 667/745/667 663/741/663 662/740/662
f 1151/1224/1151 973/1036/973 971/1034/971 667/745/667
f 1149/1222/1149 657/735/657 653/731/653 652/730/652
f 1149/1222/1149 652/730/652 1152/1225/1152 1143/1216/1143
f 1152/1225/1152 652/730/652 648/726/648 647/725/647
f 1152/1225/1152 647/725/647 1153/1226/1153 1154/1227/1154
f 1152/1225/1152 1154/1227/1154 1144/1217/1144 1143/1216/1143
f 1154/1227/1154 1153/1226/1153 1155/1228/1155 1156/1229/1156
f 1154/1227/1154 1156/1229/1156 1137/1210/1137 1144/1217/1144
f 1156/1229/1156 1155/1228/1155 1157/1230/1157 1158/1231/1158
f 1156/1229/1156 1158/1231/1158 1138/1211/1138 1137/1210/1137
f 1158/1231/1158 1157/1230/1157 1159/1232/1159 1160/1233/1160
f 1158/1231/1158 1160/1233/1160 1131/1203/1131 1138/1211/1138
f 1160/1233/1160 1159/1232/1159 1161/1234/1161 1162/1235/1162
f 1160/1233/1160 1162/1235/1162 1132/1204/1132 1131/1203/1131
f 1162/1235/1162 1161/1234/1161 1163/1236/1163 1164/1237/1164
f 1162/1235/1162 1164/1237/1164 1125/1205/1125 1132/1204/1132
f 1164/1238/1164 1163/1239/1163 1165/1240/1165 1166/1241/1166
f 1164/1238/1164 1166/1241/1166 1126/1196/1126 1125/1195/1125
f 1166/1241/1166 1165/1240/1165 1167/1242/1167 1168/1243/1168
f 1166/1241/1166 1168/1243/1168 1120/1190/1120 1126/1196/1126
f 1168/1243/1168 1167/1242/1167 1169/1244/1169 1117/1187/1117
f 1168/1243/1168 1117/1187/1117 1116/1186/1116 1120/1190/1120
f 1169/1244/1169 1167/1242/1167 1170/1245/1170 1171/1246/1171
f 1169/1244/1169 1171/1246/1171 1172/1247/1172 1114/1184/1114
f 1169/1244/1169 1114/1184/1114 1113/1183/1113 1117/1187/1117
f 1172/1247/1172 1171/1246/1171 1173/1248/1173 1174/1249/1174
f 1172/1247/1172 1174/1249/1174 1175/1250/1175 1111/1181/1111
f 1172/1247/1172 1111/1181/1111 1110/1180/1110 1114/1184/1114
f 1175/1250/1175 1174/1249/1174 1176/1251/1176 1177/1252/1177
f 1175/1250/1175 1177/1252/1177 1178/1253/1178 1108/1178/1108
f 1175/1250/1175 1108/1178/1108 1107/1177/1107 1111/1181/1111
f 1178/1253/1178 1177/1252/1177 1179/1254/1179 1180/1255/1180
f 1178/1253/1178 1180/1255/1180 1181/1256/1181 1105/1175/1105
f 1178/1253/1178 1105/1175/1105 1104/1174/1104 1108/1178/1108
f 1181/1256/1181 1180/1255/1180 1182/1257/1182 1183/1258/1183
f 1181/1256/1181 1183/1258/1183 1184/1259/1184 1102/1172/1102
f 1181/1256/1181 1102/1172/1102 1101/1171/1101 1105/1175/1105
f 1184/1259/1184 1183/1258/1183 1185/1260/1185 1186/1261/1186
f 1184/1259/1184 1186/1261/1186 1187/1262/1187 1099/1169/1099
f 1184/1259/1184 1099/1169/1099 1098/1168/1098 1102/1172/1102
f 1187/1262/1187 1186/1261/1186 1188/1263/1188 1189/1264/1189
f 1187/1262/1187 1189/1264/1189 1190/1265/1190 1096/1166/1096
f 1187/1262/1187 1096/1166/1096 1095/1165/1095 1099/1169/1099
f 1190/1265/1190 1189/1264/1189 1191/1266/1191 1192/1267/1192
f 1190/1265/1190 1192/1267/1192 1193/1268/1193 1093/1163/1093
f 1190/1265/1190 1093/1163/1093 1092/1162/1092 1096/1166/1096
f 1193/1268/1193 1192/1267/1192 1194/1269/1194 1195/1270/1195
f 1193/1268/1193 1195/1270/1195 1196/1271/1196 1090/1160/1090
f 1193/1268/1193 1090/1160/1090 1089/1159/1089 1093/1163/1093
f 1196/1271/1196 1195/1270/1195 1197/1272/1197 1198/1273/1198
f 1196/1271/1196 1198/1273/1198 1199/1274/1199 1087/1157/1087
f 1196/1271/1196 1087/1157/1087 1086/1156/1086 1090/1160/1090
f 1199/1274/1199 1198/1273/1198 1200/1275/1200 1201/1276/1201
f 1199/1274/1199 1201/1276/1201 1202/1277/1202 1084/1154/1084
f 1199/1274/1199 1084/1154/1084 1083/1153/1083 1087/1157/1087
f 1202/1277/1202 1201/1276/1201 1203/1278/1203 1204/1279/1204
f 1202/1277/1202 1204/1279/1204 1205/1280/1205 1081/1151/1081
f 1202/1277/1202 1081/1151/1081 1080/1150/1080 1084/1154/1084
f 1205/1280/1205 1204/1279/1204 1206/1281/1206 1207/1282/1207
f 1205/1280/1205 1207/1282/1207 1208/1283/1208 1078/1148/1078
f 1205/1280/1205 1078/1148/1078 1077/1147/1077 1081/1151/1081
f 1208/1283/1208 1207/1282/1207 1209/1284/1209 1210/1285/1210
f 1208/1283/1208 1210/1285/1210 1211/1286/1211 1075/1145/1075
f 1208/1283/1208 1075/1145/1075 1074/1144/1074 1078/1148/1078
f 1211/1286/1211 1210/1285/1210 1212/1287/1212 1213/1288/1213
f 1211/1286/1211 1213/1288/1213 1214/1289/1214 1072/1142/1072
f 1211/1286/1211 1072/1142/1072 1071/1141/1071 1075/1145/1075
f 1214/1289/1214 1213/1288/1213 1215/1290/1215 1216/1291/1216
f 1214/1289/1214 1216/1291/1216 1217/1292/1217 1069/1139/1069
f 1214/1289/1214 1069/1139/1069 1068/1138/1068 1072/1142/1072
f 1217/1293/1217 1216/1294/1216 1218/1295/1218 1219/1296/1219
f 1217/1293/1217 1219/1296/1219 1220/1297/1220 1066/1298/1066
f 1217/1292/1217 1066/1136/1066 1065/1135/1065 1069/1139/1069
f 1220/1297/1220 1219/1296/1219 1221/1299/1221 1222/1300/1222
f 1220/1297/1220 1222/1300/1222 1223/1301/1223 1062/1131/1062
f 1220/1297/1220 1062/1131/1062 1061/1130/1061 1066/1298/1066
f 1223/1301/1223 1222/1300/1222 1224/1302/1224 1225/1303/1225
f 1223/1301/1223 1225/1303/1225 1226/1304/1226 1227/1305/1227
f 1223/1301/1223 1227/1305/1227 1063/1132/1063 1062/1131/1062
f 1227/1305/1227 1226/1304/1226 1228/1306/1228 109/110/109
f 1227/1305/1227 109/110/109 103/104/103 1063/1132/1063
f 1228/1306/1228 1226/1304/1226 1229/1307/1229 1230/1308/1230
f 1228/1306/1228 1230/1308/1230 1231/1309/1231 1232/1310/1232
f 1228/1306/1228 1232/1310/1232 107/108/107 109/110/109
f 1232/1310/1232 1231/1309/1231 1233/1311/1233 1234/1312/1234
f 1232/1310/1232 1234/1312/1234 108/109/108 107/108/107
f 1234/1312/1234 1233/1311/1233 1235/1313/1235 1236/1314/1236
f 1234/1312/1234 1236/1314/1236 1237/1315/1237 108/109/108
f 1237/1315/1237 1236/1314/1236 1238/1316/1238 1239/1317/1239
f 1237/1315/1237 1239/1317/1239 1240/1318/1240 1241/1319/1241
f 1237/1315/1237 1241/1319/1241 104/105/104 108/109/108
f 1241/1319/1241 1240/1318/1240 1242/1320/1242 1243/1321/1243
f 1241/1319/1241 1243/1321/1243 105/106/105 104/105/104
f 1243/1321/1243 1242/1320/1242 1244/1322/1244 1245/1323/1245
f 1243/1321/1243 1245/1323/1245 1246/1324/1246 105/106/105
f 1246/1324/1246 1247/1325/1247 106/107/106 105/106/105
f 1246/1326/1246 1245/1327/1245 1248/1328/1248 1249/1329/1249
f 1246/1326/1246 1249/1329/1249 1250/1330/1250 1247/1331/1247
f 1250/1330/1250 851/1332/851 850/1333/850 1247/1331/1247
f 1250/1330/1250 1249/1329/1249 1251/1334/1251 16/3/16
f 1250/1330/1250 16/3/16 15/2/15 851/1332/851
f 1251/1334/1251 1249/1329/1249 1248/1328/1248 1252/1335/1252
f 1251/1334/1251 1252/1335/1252 1253/1336/1253 1254/1337/1254
f 1251/1334/1251 1254/1337/1254 17/4/17 16/3/16
f 1254/1337/1254 1253/1336/1253 1255/1338/1255 1256/1339/1256
f 1254/1337/1254 1256/1339/1256 18/5/18 17/4/17
f 1256/1339/1256 1255/1338/1255 1257/1340/1257 1258/1341/1258
f 1256/1339/1256 1258/1341/1258 1259/1342/1259 18/5/18
f 1259/1342/1259 1260/1343/1260 19/6/19 18/5/18
f 1259/1342/1259 1258/1341/1258 1261/1344/1261 1262/1345/1262
f 1259/1342/1259 1262/1345/1262 1263/1346/1263 1260/1343/1260
f 1263/1346/1263 1264/1347/1264 1265/1348/1265 1260/1343/1260
f 1263/1346/1263 1262/1345/1262 1266/1349/1266 1267/1350/1267
f 1263/1346/1263 1267/1350/1267 1268/1351/1268 1264/1347/1264
f 1268/1351/1268 1269/1352/1269 1270/1353/1270 1264/1347/1264
f 1268/1351/1268 1267/1350/1267 1271/1354/1271 1272/1355/1272
f 1268/1351/1268 1272/1355/1272 1273/1356/1273 1269/1352/1269
f 1273/1356/1273 38/30/38 1274/1357/1274 1269/1352/1269
f 1273/1356/1273 1272/1355/1272 1275/1358/1275 1276/1359/1276
f 1273/1356/1273 1276/1359/1276 35/27/35 38/30/38
f 1276/1359/1276 1275/1358/1275 1277/1360/1277 39/32/39
f 1276/1359/1276 39/32/39 36/28/36 35/27/35
f 1277/1360/1277 1275/1358/1275 1278/1361/1278 1279/1362/1279
f 1277/1360/1277 1279/1362/1279 1280/1363/1280 1281/1364/1281
f 1277/1360/1277 1281/1364/1281 40/33/40 39/32/39
f 1281/1364/1281 1280/1363/1280 423/485/423 421/483/421
f 1281/1364/1281 421/483/421 41/34/41 40/33/40
f 1280/1363/1280 1279/1362/1279 1282/1365/1282 1283/1366/1283
f 1280/1363/1280 1283/1366/1283 1284/1367/1284 423/485/423
f 1284/1367/1284 1283/1366/1283 1285/1368/1285 1286/1369/1286
f 1284/1367/1284 1286/1369/1286 1287/1370/1287 426/488/426
f 1284/1367/1284 426/488/426 424/486/424 423/485/423
f 1287/1370/1287 1286/1369/1286 1288/1371/1288 1289/1372/1289
f 1287/1370/1287 1289/1372/1289 1290/1373/1290 429/491/429
f 1287/1370/1287 429/491/429 427/489/427 426/488/426
f 1290/1373/1290 1289/1372/1289 1291/1374/1291 1292/1375/1292
f 1290/1373/1290 1292/1375/1292 1293/1376/1293 1294/1377/1294
f 1290/1373/1290 1294/1377/1294 430/492/430 429/491/429
f 1294/1377/1294 1293/1376/1293 1295/1378/1295 1296/1379/1296
f 1294/1377/1294 1296/1379/1296 431/493/431 430/492/430
f 1296/1379/1296 1295/1378/1295 1297/1380/1297 1298/1381/1298
f 1296/1379/1296 1298/1381/1298 433/495/433 431/493/431
f 1298/1381/1298 1297/1380/1297 1299/1382/1299 1300/1383/1300
f 1298/1381/1298 1300/1383/1300 435/497/435 433/495/433
f 1300/1383/1300 1299/1382/1299 1301/1384/1301 1302/1385/1302
f 1300/1383/1300 1302/1385/1302 437/499/437 435/497/435
f 1302/1385/1302 1301/1384/1301 1303/1386/1303 1304/1387/1304
f 1302/1385/1302 1304/1387/1304 439/501/439 437/499/437
f 1304/1387/1304 1303/1386/1303 1305/1388/1305 1306/1389/1306
f 1304/1387/1304 1306/1389/1306 1307/1390/1307 439/501/439
f 1307/1390/1307 442/504/442 440/502/440 439/501/439
f 1307/1390/1307 1306/1389/1306 1308/1391/1308 449/511/449
f 1307/1390/1307 449/511/449 447/509/447 442/504/442
f 1308/1391/1308 1306/1389/1306 1305/1388/1305 1309/1392/1309
f 1308/1391/1308 1309/1392/1309 1310/1393/1310 1311/1394/1311
f 1308/1391/1308 1311/1394/1311 450/512/450 449/511/449
f 1311/1394/1311 1310/1393/1310 1312/1395/1312 455/517/455
f 1311/1394/1311 455/517/455 451/513/451 450/512/450
f 1312/1395/1312 1310/1393/1310 1313/1396/1313 1314/1397/1314
f 1312/1395/1312 1314/1397/1314 1315/1398/1315 458/520/458
f 1312/1395/1312 458/520/458 456/518/456 455/517/455
f 1315/1398/1315 1314/1397/1314 1316/1399/1316 1317/1400/1317
f 1315/1398/1315 1317/1400/1317 1318/1401/1318 1319/1402/1319
f 1315/1398/1315 1319/1402/1319 459/521/459 458/520/458
f 1319/1402/1319 1318/1401/1318 1320/1403/1320 1321/1404/1321
f 1319/1402/1319 1321/1404/1321 460/522/460 459/521/459
f 1321/1404/1321 1320/1403/1320 1322/1405/1322 1323/1406/1323
f 1321/1404/1321 1323/1406/1323 462/524/462 460/522/460
f 1323/1406/1323 1322/1405/1322 1324/1407/1324 1325/1408/1325
f 1323/1406/1323 1325/1408/1325 464/526/464 462/524/462
f 1325/1408/1325 1324/1407/1324 1326/1409/1326 1327/1410/1327
f 1325/1408/1325 1327/1410/1327 1328/1411/1328 464/526/464
f 1328/1411/1328 467/529/467 465/527/465 464/526/464
f 1328/1412/1328 1327/1413/1327 1329/1414/1329 1330/1415/1330
f 1328/1412/1328 1330/1415/1330 469/533/469 467/532/467
f 1330/1415/1330 1329/1414/1329 1331/1416/1331 1332/1417/1332
f 1330/1415/1330 1332/1417/1332 1333/1418/1333 469/533/469
f 1333/1418/1333 472/537/472 470/534/470 469/533/469
f 1333/1418/1333 1332/1417/1332 1334/1419/1334 1335/1420/1335
f 1333/1418/1333 1335/1420/1335 474/539/474 472/537/472
f 1335/1420/1335 1334/1419/1334 1336/1421/1336 1337/1422/1337
f 1335/1420/1335 1337/1422/1337 476/541/476 474/539/474
f 1337/1422/1337 1336/1421/1336 1338/1423/1338 1339/1424/1339
f 1337/1422/1337 1339/1424/1339 1340/1425/1340 476/541/476
f 1340/1425/1340 480/545/480 477/542/477 476/541/476
f 1340/1425/1340 1339/1424/1339 1341/1426/1341 1342/1427/1342
f 1340/1425/1340 1342/1427/1342 1343/1428/1343 480/545/480
f 1343/1428/1343 485/550/485 481/546/481 480/545/480
f 1343/1428/1343 1342/1427/1342 1344/1429/1344 1345/1430/1345
f 1343/1428/1343 1345/1430/1345 1346/1431/1346 485/550/485
f 1346/1431/1346 490/555/490 486/551/486 485/550/485
f 1346/1431/1346 1345/1430/1345 1347/1432/1347 1348/1433/1348
f 1346/1431/1346 1348/1433/1348 1349/1434/1349 490/555/490
f 1349/1434/1349 495/560/495 491/556/491 490/555/490
f 1349/1434/1349 1348/1433/1348 1350/1435/1350 1351/1436/1351
f 1349/1434/1349 1351/1436/1351 1352/1437/1352 495/560/495
f 1352/1437/1352 500/565/500 496/561/496 495/560/495
f 1352/1437/1352 1351/1436/1351 1353/1438/1353 1354/1439/1354
f 1352/1437/1352 1354/1439/1354 1355/1440/1355 500/565/500
f 1355/1440/1355 505/570/505 501/566/501 500/565/500
f 1355/1440/1355 1354/1439/1354 1356/1441/1356 1357/1442/1357
f 1355/1440/1355 1357/1442/1357 1358/1443/1358 505/570/505
f 1358/1443/1358 510/575/510 506/571/506 505/570/505
f 1358/1443/1358 1357/1442/1357 1359/1444/1359 1360/1445/1360
f 1358/1443/1358 1360/1445/1360 1361/1446/1361 510/575/510
f 1361/1446/1361 514/579/514 511/576/511 510/575/510
f 1361/1446/1361 1360/1445/1360 1362/1447/1362 1363/1448/1363
f 1361/1446/1361 1363/1448/1363 516/581/516 514/579/514
f 1363/1448/1363 1362/1447/1362 1364/1449/1364 1365/1450/1365
f 1363/1448/1363 1365/1450/1365 1366/1451/1366 516/581/516
f 1366/1451/1366 520/585/520 517/582/517 516/581/516
f 1366/1451/1366 1365/1450/1365 1367/1452/1367 1368/1453/1368
f 1366/1451/1366 1368/1453/1368 527/596/527 520/585/520
f 1368/1453/1368 1367/1452/1367 1369/1454/1369 530/599/530
f 1368/1453/1368 530/599/530 528/597/528 527/596/527
f 1369/1454/1369 1367/1452/1367 1370/1455/1370 1371/1456/1371
f 1369/1454/1369 1371/1456/1371 1372/1457/1372 1373/1458/1373
f 1369/1454/1369 1373/1458/1373 531/600/531 530/599/530
f 1373/1458/1373 1372/1457/1372 1374/1459/1374 1375/1460/1375
f 1373/1458/1373 1375/1460/1375 532/601/532 531/600/531
f 1375/1460/1375 1374/1459/1374 1376/1461/1376 1377/1462/1377
f 1375/1460/1375 1377/1462/1377 534/603/534 532/601/532
f 1377/1462/1377 1376/1461/1376 1378/1463/1378 1379/1464/1379
f 1377/1462/1377 1379/1464/1379 1380/1465/1380 534/603/534
f 1380/1465/1380 538/607/538 535/604/535 534/603/534
f 1380/1465/1380 1379/1464/1379 1381/1466/1381 1382/1467/1382
f 1380/1465/1380 1382/1467/1382 1383/1468/1383 538/607/538
f 1383/1468/1383 543/612/543 539/608/539 538/607/538
f 1383/1468/1383 1382/1467/1382 1384/1469/1384 1385/1470/1385
f 1383/1468/1383 1385/1470/1385 1386/1471/1386 543/612/543
f 1386/1471/1386 548/617/548 544/613/544 543/612/543
f 1386/1471/1386 1385/1470/1385 1387/1472/1387 1388/1473/1388
f 1386/1471/1386 1388/1473/1388 1389/1474/1389 548/617/548
f 1389/1474/1389 553/624/553 549/618/549 548/617/548
f 1389/1474/1389 1388/1473/1388 1390/1475/1390 1391/1476/1391
f 1389/1474/1389 1391/1476/1391 1392/1477/1392 553/624/553
f 1392/1477/1392 558/1478/558 554/625/554 553/624/553
f 1392/1477/1392 1391/1476/1391 1393/1479/1393 1394/1480/1394
f 1392/1477/1392 1394/1480/1394 1395/1481/1395 558/1478/558
f 1395/1482/1395 562/634/562 559/631/559 558/630/558
f 1395/1481/1395 1394/1480/1394 1396/1483/1396 1397/1484/1397
f 1395/1482/1395 1397/1485/1397 1398/1486/1398 562/634/562
f 1398/1486/1398 567/639/567 563/635/563 562/634/562
f 1398/1487/1398 1397/1488/1397 1399/1489/1399 1400/1490/1400
f 1398/1487/1398 1400/1490/1400 1401/1491/1401 567/1492/567
f 1401/1491/1401 572/646/572 568/645/568 567/1492/567
f 1401/1491/1401 1400/1490/1400 1402/1493/1402 1403/1494/1403
f 1401/1491/1401 1403/1494/1403 1404/1495/1404 572/646/572
f 1404/1495/1404 577/652/577 573/647/573 572/646/572
f 1404/1495/1404 1403/1494/1403 1405/1496/1405 1406/1497/1406
f 1404/1495/1404 1406/1497/1406 1407/1498/1407 577/652/577
f 1407/1498/1407 582/657/582 578/653/578 577/652/577
f 1407/1498/1407 1406/1497/1406 1408/1499/1408 1409/1500/1409
f 1407/1498/1407 1409/1500/1409 1410/1501/1410 582/657/582
f 1410/1501/1410 587/662/587 583/658/583 582/657/582
f 1410/1501/1410 1409/1500/1409 1411/1502/1411 1412/1503/1412
f 1410/1501/1410 1412/1503/1412 1413/1504/1413 587/662/587
f 1413/1504/1413 592/667/592 588/663/588 587/662/587
f 1413/1504/1413 1412/1503/1412 1414/1505/1414 1415/1506/1415
f 1413/1504/1413 1415/1506/1415 1416/1507/1416 592/667/592
f 1416/1507/1416 597/672/597 593/668/593 592/667/592
f 1416/1507/1416 1415/1506/1415 1417/1508/1417 1418/1509/1418
f 1416/1507/1416 1418/1509/1418 1419/1510/1419 597/672/597
f 1419/1510/1419 602/677/602 598/673/598 597/672/597
f 1419/1510/1419 1418/1509/1418 1420/1511/1420 1421/1512/1421
f 1419/1510/1419 1421/1512/1421 1422/1513/1422 602/677/602
f 1422/1513/1422 607/682/607 603/678/603 602/677/602
f 1422/1513/1422 1421/1512/1421 1423/1514/1423 1424/1515/1424
f 1422/1513/1422 1424/1515/1424 1425/1516/1425 607/682/607
f 1425/1516/1425 612/689/612 608/683/608 607/682/607
f 1425/1516/1425 1424/1515/1424 1426/1517/1426 1427/1518/1427
f 1425/1516/1425 1427/1518/1427 1428/1519/1428 612/689/612
f 1428/1519/1428 617/1520/617 613/690/613 612/689/612
f 1428/1519/1428 1427/1518/1427 1429/1521/1429 1430/1522/1430
f 1428/1519/1428 1430/1522/1430 1431/1523/1431 617/1520/617
f 1431/1524/1431 622/700/622 618/696/618 617/695/617
f 1431/1523/1431 1430/1522/1430 1432/1525/1432 1433/1526/1433
f 1431/1524/1431 1433/1527/1433 1434/1528/1434 622/700/622
f 1434/1528/1434 627/705/627 623/701/623 622/700/622
f 1434/1528/1434 1433/1527/1433 1435/1529/1435 1436/1530/1436
f 1434/1528/1434 1436/1530/1436 1437/1531/1437 627/705/627
f 1437/1531/1437 632/710/632 628/706/628 627/705/627
f 1437/1531/1437 1436/1530/1436 1438/1532/1438 1439/1533/1439
f 1437/1531/1437 1439/1533/1439 1440/1534/1440 632/710/632
f 1440/1534/1440 637/715/637 633/711/633 632/710/632
f 1440/1534/1440 1439/1533/1439 1441/1535/1441 1442/1536/1442
f 1440/1534/1440 1442/1536/1442 1443/1537/1443 637/715/637
f 1443/1537/1443 642/720/642 638/716/638 637/715/637
f 1443/1537/1443 1442/1536/1442 1157/1230/1157 1155/1228/1155
f 1443/1537/1443 1155/1228/1155 1153/1226/1153 642/720/642
f 1442/1536/1442 1441/1535/1441 1159/1232/1159 1157/1230/1157
f 1441/1535/1441 1439/1533/1439 1438/1532/1438 1444/1538/1444
f 1441/1535/1441 1444/1538/1444 1161/1234/1161 1159/1232/1159
f 1444/1538/1444 1438/1532/1438 1445/1539/1445 1446/1540/1446
f 1444/1538/1444 1446/1540/1446 1163/1236/1163 1161/1234/1161
f 1446/1541/1446 1445/1542/1445 1447/1543/1447 1448/1544/1448
f 1446/1541/1446 1448/1544/1448 1165/1240/1165 1163/1239/1163
f 1448/1544/1448 1447/1543/1447 1449/1545/1449 1170/1245/1170
f 1448/1544/1448 1170/1245/1170 1167/1242/1167 1165/1240/1165
f 1449/1545/1449 1447/1543/1447 1450/1546/1450 1451/1547/1451
f 1449/1545/1449 1451/1547/1451 1452/1548/1452 1173/1248/1173
f 1449/1545/1449 1173/1248/1173 1171/1246/1171 1170/1245/1170
f 1452/1548/1452 1451/1547/1451 1453/1549/1453 1454/1550/1454
f 1452/1548/1452 1454/1550/1454 1455/1551/1455 1176/1251/1176
f 1452/1548/1452 1176/1251/1176 1174/1249/1174 1173/1248/1173
f 1455/1551/1455 1454/1550/1454 1456/1552/1456 1457/1553/1457
f 1455/1551/1455 1457/1553/1457 1458/1554/1458 1179/1254/1179
f 1455/1551/1455 1179/1254/1179 1177/1252/1177 1176/1251/1176
f 1458/1554/1458 1457/1553/1457 1459/1555/1459 1460/1556/1460
f 1458/1554/1458 1460/1556/1460 1461/1557/1461 1182/1257/1182
f 1458/1554/1458 1182/1257/1182 1180/1255/1180 1179/1254/1179
f 1461/1557/1461 1460/1556/1460 1462/1558/1462 1463/1559/1463
f 1461/1557/1461 1463/1559/1463 1464/1560/1464 1185/1260/1185
f 1461/1557/1461 1185/1260/1185 1183/1258/1183 1182/1257/1182
f 1464/1560/1464 1463/1559/1463 1465/1561/1465 1466/1562/1466
f 1464/1560/1464 1466/1562/1466 1467/1563/1467 1188/1263/1188
f 1464/1560/1464 1188/1263/1188 1186/1261/1186 1185/1260/1185
f 1467/1563/1467 1466/1562/1466 1468/1564/1468 1469/1565/1469
f 1467/1563/1467 1469/1565/1469 1470/1566/1470 1191/1266/1191
f 1467/1563/1467 1191/1266/1191 1189/1264/1189 1188/1263/1188
f 1470/1566/1470 1469/1565/1469 1471/1567/1471 1472/1568/1472
f 1470/1566/1470 1472/1568/1472 1473/1569/1473 1194/1269/1194
f 1470/1566/1470 1194/1269/1194 1192/1267/1192 1191/1266/1191
f 1473/1569/1473 1472/1568/1472 1474/1570/1474 1475/1571/1475
f 1473/1569/1473 1475/1571/1475 1476/1572/1476 1197/1272/1197
f 1473/1569/1473 1197/1272/1197 1195/1270/1195 1194/1269/1194
f 1476/1572/1476 1475/1571/1475 1477/1573/1477 1478/1574/1478
f 1476/1572/1476 1478/1574/1478 1479/1575/1479 1200/1275/1200
f 1476/1572/1476 1200/1275/1200 1198/1273/1198 1197/1272/1197
f 1479/1575/1479 1478/1574/1478 1480/1576/1480 1481/1577/1481
f 1479/1575/1479 1481/1577/1481 1482/1578/1482 1203/1278/1203
f 1479/1575/1479 1203/1278/1203 1201/1276/1201 1200/1275/1200
f 1482/1578/1482 1481/1577/1481 1483/1579/1483 1484/1580/1484
f 1482/1578/1482 1484/1580/1484 1485/1581/1485 1206/1281/1206
f 1482/1578/1482 1206/1281/1206 1204/1279/1204 1203/1278/1203
f 1485/1581/1485 1484/1580/1484 1486/1582/1486 1487/1583/1487
f 1485/1581/1485 1487/1583/1487 1488/1584/1488 1209/1284/1209
f 1485/1581/1485 1209/1284/1209 1207/1282/1207 1206/1281/1206
f 1488/1584/1488 1487/1583/1487 1489/1585/1489 1490/1586/1490
f 1488/1584/1488 1490/1586/1490 1491/1587/1491 1212/1287/1212
f 1488/1584/1488 1212/1287/1212 1210/1285/1210 1209/1284/1209
f 1491/1588/1491 1490/1589/1490 1492/1590/1492 1493/1591/1493
f 1491/1588/1491 1493/1591/1493 1494/1592/1494 1215/1593/1215
f 1491/1587/1491 1215/1290/1215 1213/1288/1213 1212/1287/1212
f 1494/1592/1494 1493/1591/1493 1495/1594/1495 1496/1595/1496
f 1494/1592/1494 1496/1595/1496 1497/1596/1497 1218/1295/1218
f 1494/1592/1494 1218/1295/1218 1216/1294/1216 1215/1593/1215
f 1497/1596/1497 1496/1595/1496 1498/1597/1498 1499/1598/1499
f 1497/1596/1497 1499/1598/1499 1500/1599/1500 1221/1299/1221
f 1497/1596/1497 1221/1299/1221 1219/1296/1219 1218/1295/1218
f 1500/1599/1500 1499/1598/1499 1501/1600/1501 1502/1601/1502
f 1500/1599/1500 1502/1601/1502 1503/1602/1503 1224/1302/1224
f 1500/1599/1500 1224/1302/1224 1222/1300/1222 1221/1299/1221
f 1503/1602/1503 1502/1601/1502 1504/1603/1504 1505/1604/1505
f 1503/1602/1503 1505/1604/1505 1506/1605/1506 1507/1606/1507
f 1503/1602/1503 1507/1606/1507 1225/1303/1225 1224/1302/1224
f 1507/1606/1507 1506/1605/1506 1508/1607/1508 1229/1307/1229
f 1507/1606/1507 1229/1307/1229 1226/1304/1226 1225/1303/1225
f 1508/1607/1508 1506/1605/1506 1509/1608/1509 1510/1609/1510
f 1508/1607/1508 1510/1609/1510 1511/1610/1511 1512/1611/1512
f 1508/1607/1508 1512/1611/1512 1230/1308/1230 1229/1307/1229
f 1512/1611/1512 1511/1610/1511 1513/1612/1513 1514/1613/1514
f 1512/1611/1512 1514/1613/1514 1231/1309/1231 1230/1308/1230
f 1514/1613/1514 1513/1612/1513 1515/1614/1515 1516/1615/1516
f 1514/1613/1514 1516/1615/1516 1233/1311/1233 1231/1309/1231
f 1516/1615/1516 1515/1614/1515 1517/1616/1517 1518/1617/1518
f 1516/1615/1516 1518/1617/1518 1235/1313/1235 1233/1311/1233
f 1518/1617/1518 1517/1616/1517 1519/1618/1519 1520/1619/1520
f 1518/1617/1518 1520/1619/1520 1521/1620/1521 1235/1313/1235
f 1521/1620/1521 1520/1619/1520 1522/1621/1522 1523/1622/1523
f 1521/1620/1521 1523/1622/1523 1524/1623/1524 1238/1316/1238
f 1521/1620/1521 1238/1316/1238 1236/1314/1236 1235/1313/1235
f 1524/1623/1524 1523/1622/1523 1525/1624/1525 1526/1625/1526
f 1524/1623/1524 1526/1625/1526 1527/1626/1527 1528/1627/1528
f 1524/1623/1524 1528/1627/1528 1239/1317/1239 1238/1316/1238
f 1528/1627/1528 1527/1626/1527 1529/1628/1529 1530/1629/1530
f 1528/1627/1528 1530/1629/1530 1240/1318/1240 1239/1317/1239
f 1530/1629/1530 1529/1628/1529 1531/1630/1531 1532/1631/1532
f 1530/1629/1530 1532/1631/1532 1242/1320/1242 1240/1318/1240
f 1532/1631/1532 1531/1630/1531 1533/1632/1533 1534/1633/1534
f 1532/1631/1532 1534/1633/1534 1244/1322/1244 1242/1320/1242
f 1534/1634/1534 1533/1635/1533 1535/1636/1535 1536/1637/1536
f 1534/1634/1534 1536/1637/1536 1537/1638/1537 1244/1639/1244
f 1537/1638/1537 1248/1328/1248 1245/1327/1245 1244/1639/1244
f 1537/1638/1537 1536/1637/1536 1538/1640/1538 1539/1641/1539
f 1537/1638/1537 1539/1641/1539 1252/1335/1252 1248/1328/1248
f 1539/1641/1539 1538/1640/1538 1540/1642/1540 1541/1643/1541
f 1539/1641/1539 1541/1643/1541 1253/1336/1253 1252/1335/1252
f 1541/1643/1541 1540/1642/1540 1542/1644/1542 1543/1645/1543
f 1541/1643/1541 1543/1645/1543 1255/1338/1255 1253/1336/1253
f 1543/1645/1543 1542/1644/1542 1544/1646/1544 1545/1647/1545
f 1543/1645/1543 1545/1647/1545 1257/1340/1257 1255/1338/1255
f 1545/1647/1545 1544/1646/1544 1546/1648/1546 1547/1649/1547
f 1545/1647/1545 1547/1649/1547 1548/1650/1548 1257/1340/1257
f 1548/1650/1548 1261/1344/1261 1258/1341/1258 1257/1340/1257
f 1548/1650/1548 1547/1649/1547 1549/1651/1549 1550/1652/1550
f 1548/1650/1548 1550/1652/1550 1551/1653/1551 1261/1344/1261
f 1551/1653/1551 1266/1349/1266 1262/1345/1262 1261/1344/1261
f 1551/1653/1551 1550/1652/1550 1552/1654/1552 1553/1655/1553
f 1551/1653/1551 1553/1655/1553 1554/1656/1554 1266/1349/1266
f 1554/1656/1554 1271/1354/1271 1267/1350/1267 1266/1349/1266
f 1554/1656/1554 1553/1655/1553 1555/1657/1555 1556/1658/1556
f 1554/1656/1554 1556/1658/1556 1278/1361/1278 1271/1354/1271
f 1556/1658/1556 1555/1657/1555 1557/1659/1557 1282/1365/1282
f 1556/1658/1556 1282/1365/1282 1279/1362/1279 1278/1361/1278
f 1557/1659/1557 1555/1657/1555 1558/1660/1558 1559/1661/1559
f 1557/1659/1557 1559/1661/1559 1560/1662/1560 1285/1368/1285
f 1557/1659/1557 1285/1368/1285 1283/1366/1283 1282/1365/1282
f 1560/1662/1560 1559/1661/1559 1561/1663/1561 1562/1664/1562
f 1560/1662/1560 1562/1664/1562 1563/1665/1563 1288/1371/1288
f 1560/1662/1560 1288/1371/1288 1286/1369/1286 1285/1368/1285
f 1563/1665/1563 1562/1664/1562 1564/1666/1564 1565/1667/1565
f 1563/1665/1563 1565/1667/1565 1566/1668/1566 1291/1374/1291
f 1563/1665/1563 1291/1374/1291 1289/1372/1289 1288/1371/1288
f 1566/1668/1566 1565/1667/1565 1567/1669/1567 1568/1670/1568
f 1566/1668/1566 1568/1670/1568 1569/1671/1569 1570/1672/1570
f 1566/1668/1566 1570/1672/1570 1292/1375/1292 1291/1374/1291
f 1570/1672/1570 1569/1671/1569 1571/1673/1571 1572/1674/1572
f 1570/1672/1570 1572/1674/1572 1293/1376/1293 1292/1375/1292
f 1572/1674/1572 1571/1673/1571 1573/1675/1573 1574/1676/1574
f 1572/1674/1572 1574/1676/1574 1295/1378/1295 1293/1376/1293
f 1574/1676/1574 1573/1675/1573 1575/1677/1575 1576/1678/1576
f 1574/1676/1574 1576/1678/1576 1297/1380/1297 1295/1378/1295
f 1576/1678/1576 1575/1677/1575 1577/1679/1577 1578/1680/1578
f 1576/1678/1576 1578/1680/1578 1299/1382/1299 1297/1380/1297
f 1578/1680/1578 1577/1679/1577 1579/1681/1579 1580/1682/1580
f 1578/1680/1578 1580/1682/1580 1301/1384/1301 1299/1382/1299
f 1580/1682/1580 1579/1681/1579 1581/1683/1581 1582/1684/1582
f 1580/1682/1580 1582/1684/1582 1303/1386/1303 1301/1384/1301
f 1582/1684/1582 1581/1683/1581 1583/1685/1583 1584/1686/1584
f 1582/1684/1582 1584/1686/1584 1305/1388/1305 1303/1386/1303
f 1584/1686/1584 1583/1685/1583 1585/1687/1585 1586/1688/1586
f 1584/1686/1584 1586/1688/1586 1309/1392/1309 1305/1388/1305
f 1586/1688/1586 1585/1687/1585 1587/1689/1587 1313/1396/1313
f 1586/1688/1586 1313/1396/1313 1310/1393/1310 1309/1392/1309
f 1587/1689/1587 1585/1687/1585 1588/1690/1588 1589/1691/1589
f 1587/1689/1587 1589/1691/1589 1590/1692/1590 1316/1399/1316
f 1587/1689/1587 1316/1399/1316 1314/1397/1314 1313/1396/1313
f 1590/1692/1590 1589/1691/1589 1591/1693/1591 1592/1694/1592
f 1590/1692/1590 1592/1694/1592 1593/1695/1593 1594/1696/1594
f 1590/1692/1590 1594/1696/1594 1317/1400/1317 1316/1399/1316
f 1594/1696/1594 1593/1695/1593 1595/1697/1595 1596/1698/1596
f 1594/1696/1594 1596/1698/1596 1318/1401/1318 1317/1400/1317
f 1596/1698/1596 1595/1697/1595 1597/1699/1597 1598/1700/1598
f 1596/1698/1596 1598/1700/1598 1320/1403/1320 1318/1401/1318
f 1598/1700/1598 1597/1699/1597 1599/1701/1599 1600/1702/1600
f 1598/1700/1598 1600/1702/1600 1322/1405/1322 1320/1403/1320
f 1600/1702/1600 1599/1701/1599 1601/1703/1601 1602/1704/1602
f 1600/1702/1600 1602/1704/1602 1324/1407/1324 1322/1405/1322
f 1602/1704/1602 1601/1703/1601 1603/1705/1603 1604/1706/1604
f 1602/1704/1602 1604/1706/1604 1326/1409/1326 1324/1407/1324
f 1604/1707/1604 1603/1708/1603 1605/1709/1605 1606/1710/1606
f 1604/1707/1604 1606/1710/1606 1607/1711/1607 1326/1712/1326
f 1607/1711/1607 1329/1414/1329 1327/1413/1327 1326/1712/1326
f 1607/1711/1607 1606/1710/1606 1608/1713/1608 1609/1714/1609
f 1607/1711/1607 1609/1714/1609 1331/1416/1331 1329/1414/1329
f 1609/1714/1609 1608/1713/1608 1610/1715/1610 1611/1716/1611
f 1609/1714/1609 1611/1716/1611 1612/1717/1612 1331/1416/1331
f 1612/1717/1612 1334/1419/1334 1332/1417/1332 1331/1416/1331
f 1612/1717/1612 1611/1716/1611 1613/1718/1613 1614/1719/1614
f 1612/1717/1612 1614/1719/1614 1336/1421/1336 1334/1419/1334
f 1614/1719/1614 1613/1718/1613 1615/1720/1615 1616/1721/1616
f 1614/1719/1614 1616/1721/1616 1338/1423/1338 1336/1421/1336
f 1616/1721/1616 1615/1720/1615 1617/1722/1617 1618/1723/1618
f 1616/1721/1616 1618/1723/1618 1619/1724/1619 1338/1423/1338
f 1619/1724/1619 1341/1426/1341 1339/1424/1339 1338/1423/1338
f 1619/1724/1619 1618/1723/1618 1620/1725/1620 1621/1726/1621
f 1619/1724/1619 1621/1726/1621 1622/1727/1622 1341/1426/1341
f 1622/1727/1622 1344/1429/1344 1342/1427/1342 1341/1426/1341
f 1622/1727/1622 1621/1726/1621 1623/1728/1623 1624/1729/1624
f 1622/1727/1622 1624/1729/1624 1625/1730/1625 1344/1429/1344
f 1625/1730/1625 1347/1432/1347 1345/1430/1345 1344/1429/1344
f 1625/1730/1625 1624/1729/1624 1626/1731/1626 1627/1732/1627
f 1625/1730/1625 1627/1732/1627 1628/1733/1628 1347/1432/1347
f 1628/1733/1628 1350/1435/1350 1348/1433/1348 1347/1432/1347
f 1628/1733/1628 1627/1732/1627 1629/1734/1629 1630/1735/1630
f 1628/1733/1628 1630/1735/1630 1631/1736/1631 1350/1435/1350
f 1631/1736/1631 1353/1438/1353 1351/1436/1351 1350/1435/1350
f 1631/1736/1631 1630/1735/1630 1632/1737/1632 1633/1738/1633
f 1631/1736/1631 1633/1738/1633 1634/1739/1634 1353/1438/1353
f 1634/1739/1634 1356/1441/1356 1354/1439/1354 1353/1438/1353
f 1634/1739/1634 1633/1738/1633 1635/1740/1635 1636/1741/1636
f 1634/1739/1634 1636/1741/1636 1637/1742/1637 1356/1441/1356
f 1637/1742/1637 1359/1444/1359 1357/1442/1357 1356/1441/1356
f 1637/1742/1637 1636/1741/1636 1638/1743/1638 1639/1744/1639
f 1637/1742/1637 1639/1744/1639 1640/1745/1640 1359/1444/1359
f 1640/1745/1640 1362/1447/1362 1360/1445/1360 1359/1444/1359
f 1640/1745/1640 1639/1744/1639 1641/1746/1641 1642/1747/1642
f 1640/1745/1640 1642/1747/1642 1364/1449/1364 1362/1447/1362
f 1642/1747/1642 1641/1746/1641 1643/1748/1643 1644/1749/1644
f 1642/1747/1642 1644/1749/1644 1370/1455/1370 1364/1449/1364
f 1644/1749/1644 1643/1748/1643 1645/1750/1645 1646/1751/1646
f 1644/1749/1644 1646/1751/1646 1371/1456/1371 1370/1455/1370
f 1646/1751/1646 1645/1750/1645 1647/1752/1647 1648/1753/1648
f 1646/1751/1646 1648/1753/1648 1372/1457/1372 1371/1456/1371
f 1648/1753/1648 1647/1752/1647 1649/1754/1649 1650/1755/1650
f 1648/1753/1648 1650/1755/1650 1374/1459/1374 1372/1457/1372
f 1650/1755/1650 1649/1754/1649 1651/1756/1651 1652/1757/1652
f 1650/1755/1650 1652/1757/1652 1376/1461/1376 1374/1459/1374
f 1652/1757/1652 1651/1756/1651 1509/1608/1509 1653/1758/1653
f 1652/1757/1652 1653/1758/1653 1378/1463/1378 1376/1461/1376
f 1653/1758/1653 1509/1608/1509 1506/1605/1506 1505/1604/1505
f 1653/1758/1653 1505/1604/1505 1504/1603/1504 1378/1463/1378
f 1651/1756/1651 1649/1754/1649 1654/1759/1654 1655/1760/1655
f 1651/1756/1651 1655/1760/1655 1510/1609/1510 1509/1608/1509
f 1655/1760/1655 1654/1759/1654 1656/1761/1656 1657/1762/1657
f 1655/1760/1655 1657/1762/1657 1511/1610/1511 1510/1609/1510
f 1657/1762/1657 1656/1761/1656 1658/1763/1658 1659/1764/1659
f 1657/1762/1657 1659/1764/1659 1513/1612/1513 1511/1610/1511
f 1659/1764/1659 1658/1763/1658 1660/1765/1660 1661/1766/1661
f 1659/1764/1659 1661/1766/1661 1515/1614/1515 1513/1612/1513
f 1661/1766/1661 1660/1765/1660 1662/1767/1662 1663/1768/1663
f 1661/1766/1661 1663/1768/1663 1517/1616/1517 1515/1614/1515
f 1663/1768/1663 1662/1767/1662 1664/1769/1664 1665/1770/1665
f 1663/1768/1663 1665/1770/1665 1519/1618/1519 1517/1616/1517
f 1665/1770/1665 1664/1769/1664 1666/1771/1666 1667/1772/1667
f 1665/1770/1665 1667/1772/1667 1668/1773/1668 1519/1618/1519
f 1668/1773/1668 1667/1772/1667 1669/1774/1669 1670/1775/1670
f 1668/1773/1668 1670/1775/1670 1671/1776/1671 1522/1621/1522
f 1668/1773/1668 1522/1621/1522 1520/1619/1520 1519/1618/1519
f 1671/1776/1671 1670/1775/1670 1672/1777/1672 1673/1778/1673
f 1671/1776/1671 1673/1778/1673 1674/1779/1674 1525/1624/1525
f 1671/1776/1671 1525/1624/1525 1523/1622/1523 1522/1621/1522
f 1674/1779/1674 1673/1778/1673 1675/1780/1675 1676/1781/1676
f 1674/1779/1674 1676/1781/1676 1677/1782/1677 1678/1783/1678
f 1674/1779/1674 1678/1783/1678 1526/1625/1526 1525/1624/1525
f 1678/1783/1678 1677/1782/1677 1679/1784/1679 1680/1785/1680
f 1678/1783/1678 1680/1785/1680 1527/1626/1527 1526/1625/1526
f 1680/1785/1680 1679/1784/1679 1681/1786/1681 1682/1787/1682
f 1680/1785/1680 1682/1787/1682 1529/1628/1529 1527/1626/1527
f 1682/1787/1682 1681/1786/1681 1683/1788/1683 1684/1789/1684
f 1682/1787/1682 1684/1789/1684 1531/1630/1531 1529/1628/1529
f 1684/1789/1684 1683/1788/1683 1685/1790/1685 1686/1791/1686
f 1684/1789/1684 1686/1791/1686 1533/1632/1533 1531/1630/1531
f 1686/1792/1686 1685/1793/1685 1687/1794/1687 1688/1795/1688
f 1686/1792/1686 1688/1795/1688 1535/1636/1535 1533/1635/1533
f 1688/1795/1688 1687/1794/1687 1689/1796/1689 1690/1797/1690
f 1688/1795/1688 1690/1797/1690 1691/1798/1691 1535/1636/1535
f 1691/1798/1691 1538/1640/1538 1536/1637/1536 1535/1636/1535
f 1691/1798/1691 1690/1797/1690 1692/1799/1692 1693/1800/1693
f 1691/1798/1691 1693/1800/1693 1540/1642/1540 1538/1640/1538
f 1693/1800/1693 1692/1799/1692 1694/1801/1694 1695/1802/1695
f 1693/1800/1693 1695/1802/1695 1542/1644/1542 1540/1642/1540
f 1695/1802/1695 1694/1801/1694 1696/1803/1696 1697/1804/1697
f 1695/1802/1695 1697/1804/1697 1544/1646/1544 1542/1644/1542
f 1697/1804/1697 1696/1803/1696 1698/1805/1698 1699/1806/1699
f 1697/1804/1697 1699/1806/1699 1546/1648/1546 1544/1646/1544
f 1699/1806/1699 1698/1805/1698 1700/1807/1700 1701/1808/1701
f 1699/1806/1699 1701/1808/1701 1702/1809/1702 1546/1648/1546
f 1702/1809/1702 1549/1651/1549 1547/1649/1547 1546/1648/1546
f 1702/1809/1702 1701/1808/1701 1703/1810/1703 1704/1811/1704
f 1702/1809/1702 1704/1811/1704 1705/1812/1705 1549/1651/1549
f 1705/1812/1705 1552/1654/1552 1550/1652/1550 1549/1651/1549
f 1705/1812/1705 1704/1811/1704 1706/1813/1706 1707/1814/1707
f 1705/1812/1705 1707/1814/1707 1558/1660/1558 1552/1654/1552
f 1707/1814/1707 1706/1813/1706 1708/1815/1708 1561/1663/1561
f 1707/1814/1707 1561/1663/1561 1559/1661/1559 1558/1660/1558
f 1708/1815/1708 1706/1813/1706 1709/1816/1709 1710/1817/1710
f 1708/1815/1708 1710/1817/1710 1711/1818/1711 1564/1666/1564
f 1708/1815/1708 1564/1666/1564 1562/1664/1562 1561/1663/1561
f 1711/1818/1711 1710/1817/1710 1712/1819/1712 1713/1820/1713
f 1711/1818/1711 1713/1820/1713 1714/1821/1714 1567/1669/1567
f 1711/1818/1711 1567/1669/1567 1565/1667/1565 1564/1666/1564
f 1714/1821/1714 1713/1820/1713 1715/1822/1715 1716/1823/1716
f 1714/1821/1714 1716/1823/1716 1717/1824/1717 1718/1825/1718
f 1714/1821/1714 1718/1825/1718 1568/1670/1568 1567/1669/1567
f 1718/1825/1718 1717/1824/1717 1719/1826/1719 1720/1827/1720
f 1718/1825/1718 1720/1827/1720 1569/1671/1569 1568/1670/1568
f 1720/1827/1720 1719/1826/1719 1721/1828/1721 1722/1829/1722
f 1720/1827/1720 1722/1829/1722 1571/1673/1571 1569/1671/1569
f 1722/1829/1722 1721/1828/1721 1723/1830/1723 1724/1831/1724
f 1722/1829/1722 1724/1831/1724 1573/1675/1573 1571/1673/1571
f 1724/1831/1724 1723/1830/1723 1725/1832/1725 1726/1833/1726
f 1724/1831/1724 1726/1833/1726 1575/1677/1575 1573/1675/1573
f 1726/1833/1726 1725/1832/1725 1727/1834/1727 1728/1835/1728
f 1726/1833/1726 1728/1835/1728 1577/1679/1577 1575/1677/1575
f 1728/1835/1728 1727/1834/1727 1729/1836/1729 1730/1837/1730
f 1728/1835/1728 1730/1837/1730 1579/1681/1579 1577/1679/1577
f 1730/1837/1730 1729/1836/1729 1731/1838/1731 1732/1839/1732
f 1730/1837/1730 1732/1839/1732 1581/1683/1581 1579/1681/1579
f 1732/1839/1732 1731/1838/1731 1733/1840/1733 1734/1841/1734
f 1732/1839/1732 1734/1841/1734 1583/1685/1583 1581/1683/1581
f 1734/1841/1734 1733/1840/1733 1735/1842/1735 1588/1690/1588
f 1734/1841/1734 1588/1690/1588 1585/1687/1585 1583/1685/1583
f 1735/1842/1735 1733/1840/1733 1736/1843/1736 1737/1844/1737
f 1735/1842/1735 1737/1844/1737 1738/1845/1738 1591/1693/1591
f 1735/1842/1735 1591/1693/1591 1589/1691/1589 1588/1690/1588
f 1738/1845/1738 1737/1844/1737 1739/1846/1739 1740/1847/1740
f 1738/1845/1738 1740/1847/1740 1741/1848/1741 1742/1849/1742
f 1738/1845/1738 1742/1849/1742 1592/1694/1592 1591/1693/1591
f 1742/1849/1742 1741/1848/1741 1743/1850/1743 1744/1851/1744
f 1742/1849/1742 1744/1851/1744 1593/1695/1593 1592/1694/1592
f 1744/1851/1744 1743/1850/1743 1745/1852/1745 1746/1853/1746
f 1744/1851/1744 1746/1853/1746 1595/1697/1595 1593/1695/1593
f 1746/1853/1746 1745/1852/1745 1747/1854/1747 1748/1855/1748
f 1746/1853/1746 1748/1855/1748 1597/1699/1597 1595/1697/1595
f 1748/1855/1748 1747/1854/1747 1749/1856/1749 1750/1857/1750
f 1748/1855/1748 1750/1857/1750 1599/1701/1599 1597/1699/1597
f 1750/1857/1750 1749/1856/1749 1751/1858/1751 1752/1859/1752
f 1750/1857/1750 1752/1859/1752 1601/1703/1601 1599/1701/1599
f 1752/1859/1752 1751/1858/1751 1753/1860/1753 1754/1861/1754
f 1752/1859/1752 1754/1861/1754 1603/1705/1603 1601/1703/1601
f 1754/1862/1754 1753/1863/1753 1755/1864/1755 1756/1865/1756
f 1754/1862/1754 1756/1865/1756 1605/1709/1605 1603/1708/1603
f 1756/1865/1756 1755/1864/1755 1757/1866/1757 1758/1867/1758
f 1756/1865/1756 1758/1867/1758 1759/1868/1759 1605/1709/1605
f 1759/1868/1759 1608/1713/1608 1606/1710/1606 1605/1709/1605
f 1759/1868/1759 1758/1867/1758 1760/1869/1760 1761/1870/1761
f 1759/1868/1759 1761/1870/1761 1610/1715/1610 1608/1713/1608
f 1761/1870/1761 1760/1869/1760 1762/1871/1762 1763/1872/1763
f 1761/1870/1761 1763/1872/1763 1764/1873/1764 1610/1715/1610
f 1764/1873/1764 1613/1718/1613 1611/1716/1611 1610/1715/1610
f 1764/1873/1764 1763/1872/1763 1765/1874/1765 1766/1875/1766
f 1764/1873/1764 1766/1875/1766 1615/1720/1615 1613/1718/1613
f 1766/1875/1766 1765/1874/1765 1767/1876/1767 1768/1877/1768
f 1766/1875/1766 1768/1877/1768 1617/1722/1617 1615/1720/1615
f 1768/1877/1768 1767/1876/1767 1769/1878/1769 1770/1879/1770
f 1768/1877/1768 1770/1879/1770 1771/1880/1771 1617/1722/1617
f 1771/1880/1771 1620/1725/1620 1618/1723/1618 1617/1722/1617
f 1771/1880/1771 1770/1879/1770 1772/1881/1772 1773/1882/1773
f 1771/1880/1771 1773/1882/1773 1774/1883/1774 1620/1725/1620
f 1774/1883/1774 1623/1728/1623 1621/1726/1621 1620/1725/1620
f 1774/1883/1774 1773/1882/1773 1775/1884/1775 1776/1885/1776
f 1774/1883/1774 1776/1885/1776 1777/1886/1777 1623/1728/1623
f 1777/1886/1777 1626/1731/1626 1624/1729/1624 1623/1728/1623
f 1777/1886/1777 1776/1885/1776 1778/1887/1778 1779/1888/1779
f 1777/1886/1777 1779/1888/1779 1780/1889/1780 1626/1731/1626
f 1780/1889/1780 1629/1734/1629 1627/1732/1627 1626/1731/1626
f 1780/1889/1780 1779/1888/1779 1781/1890/1781 1782/1891/1782
f 1780/1889/1780 1782/1891/1782 1783/1892/1783 1629/1734/1629
f 1783/1892/1783 1632/1737/1632 1630/1735/1630 1629/1734/1629
f 1783/1892/1783 1782/1891/1782 1784/1893/1784 1785/1894/1785
f 1783/1892/1783 1785/1894/1785 1786/1895/1786 1632/1737/1632
f 1786/1895/1786 1635/1740/1635 1633/1738/1633 1632/1737/1632
f 1786/1895/1786 1785/1894/1785 1787/1896/1787 1788/1897/1788
f 1786/1895/1786 1788/1897/1788 1789/1898/1789 1635/1740/1635
f 1789/1898/1789 1638/1743/1638 1636/1741/1636 1635/1740/1635
f 1789/1898/1789 1788/1897/1788 1790/1899/1790 1791/1900/1791
f 1789/1898/1789 1791/1900/1791 1792/1901/1792 1638/1743/1638
f 1792/1901/1792 1641/1746/1641 1639/1744/1639 1638/1743/1638
f 1792/1901/1792 1791/1900/1791 1793/1902/1793 1794/1903/1794
f 1792/1901/1792 1794/1903/1794 1643/1748/1643 1641/1746/1641
f 1794/1903/1794 1793/1902/1793 1795/1904/1795 1796/1905/1796
f 1794/1903/1794 1796/1905/1796 1645/1750/1645 1643/1748/1643
f 1796/1905/1796 1795/1904/1795 1797/1906/1797 1798/1907/1798
f 1796/1905/1796 1798/1907/1798 1647/1752/1647 1645/1750/1645
f 1798/1907/1798 1797/1906/1797 1656/1761/1656 1654/1759/1654
f 1798/1907/1798 1654/1759/1654 1649/1754/1649 1647/1752/1647
f 1797/1906/1797 1795/1904/1795 1799/1908/1799 1800/1909/1800
f 1797/1906/1797 1800/1909/1800 1658/1763/1658 1656/1761/1656
f 1800/1909/1800 1799/1908/1799 1801/1910/1801 1802/1911/1802
f 1800/1909/1800 1802/1911/1802 1660/1765/1660 1658/1763/1658
f 1802/1911/1802 1801/1910/1801 1803/1912/1803 1804/1913/1804
f 1802/1911/1802 1804/1913/1804 1662/1767/1662 1660/1765/1660
f 1804/1913/1804 1803/1912/1803 1805/1914/1805 1806/1915/1806
f 1804/1913/1804 1806/1915/1806 1664/1769/1664 1662/1767/1662
f 1806/1915/1806 1805/1914/1805 1807/1916/1807 1808/1917/1808
f 1806/1915/1806 1808/1917/1808 1666/1771/1666 1664/1769/1664
f 1808/1917/1808 1807/1916/1807 1809/1918/1809 1810/1919/1810
f 1808/1917/1808 1810/1919/1810 1811/1920/1811 1666/1771/1666
f 1811/1920/1811 1810/1919/1810 1812/1921/1812 1813/1922/1813
f 1811/1920/1811 1813/1922/1813 1814/1923/1814 1669/1774/1669
f 1811/1920/1811 1669/1774/1669 1667/1772/1667 1666/1771/1666
f 1814/1923/1814 1813/1922/1813 1815/1924/1815 1816/1925/1816
f 1814/1923/1814 1816/1925/1816 1817/1926/1817 1672/1777/1672
f 1814/1923/1814 1672/1777/1672 1670/1775/1670 1669/1774/1669
f 1817/1926/1817 1816/1925/1816 1818/1927/1818 1819/1928/1819
f 1817/1926/1817 1819/1928/1819 1820/1929/1820 1675/1780/1675
f 1817/1926/1817 1675/1780/1675 1673/1778/1673 1672/1777/1672
f 1820/1929/1820 1819/1928/1819 1821/1930/1821 1822/1931/1822
f 1820/1929/1820 1822/1931/1822 1823/1932/1823 1824/1933/1824
f 1820/1929/1820 1824/1933/1824 1676/1781/1676 1675/1780/1675
f 1824/1933/1824 1823/1932/1823 1825/1934/1825 1826/1935/1826
f 1824/1933/1824 1826/1935/1826 1677/1782/1677 1676/1781/1676
f 1826/1935/1826 1825/1934/1825 1827/1936/1827 1828/1937/1828
f 1826/1935/1826 1828/1937/1828 1679/1784/1679 1677/1782/1677
f 1828/1937/1828 1827/1936/1827 1829/1938/1829 1830/1939/1830
f 1828/1937/1828 1830/1939/1830 1681/1786/1681 1679/1784/1679
f 1830/1939/1830 1829/1938/1829 1831/1940/1831 1832/1941/1832
f 1830/1939/1830 1832/1941/1832 1683/1788/1683 1681/1786/1681
f 1832/1941/1832 1831/1940/1831 1833/1942/1833 1834/1943/1834
f 1832/1941/1832 1834/1943/1834 1685/1790/1685 1683/1788/1683
f 1834/1944/1834 1833/1945/1833 1835/1946/1835 1836/1947/1836
f 1834/1944/1834 1836/1947/1836 1687/1794/1687 1685/1793/1685
f 1836/1947/1836 1835/1946/1835 1837/1948/1837 1838/1949/1838
f 1836/1947/1836 1838/1949/1838 1689/1796/1689 1687/1794/1687
f 1838/1949/1838 1837/1948/1837 1839/1950/1839 1840/1951/1840
f 1838/1949/1838 1840/1951/1840 1841/1952/1841 1689/1796/1689
f 1841/1952/1841 1692/1799/1692 1690/1797/1690 1689/1796/1689
f 1841/1952/1841 1840/1951/1840 1842/1953/1842 1843/1954/1843
f 1841/1952/1841 1843/1954/1843 1694/1801/1694 1692/1799/1692
f 1843/1954/1843 1842/1953/1842 1844/1955/1844 1845/1956/1845
f 1843/1954/1843 1845/1956/1845 1696/1803/1696 1694/1801/1694
f 1845/1956/1845 1844/1955/1844 1846/1957/1846 1847/1958/1847
f 1845/1956/1845 1847/1958/1847 1698/1805/1698 1696/1803/1696
f 1847/1958/1847 1846/1957/1846 1848/1959/1848 1849/1960/1849
f 1847/1958/1847 1849/1960/1849 1700/1807/1700 1698/1805/1698
f 1849/1960/1849 1848/1959/1848 1850/1961/1850 1851/1962/1851
f 1849/1960/1849 1851/1962/1851 1852/1963/1852 1700/1807/1700
f 1852/1963/1852 1703/1810/1703 1701/1808/1701 1700/1807/1700
f 1852/1963/1852 1851/1962/1851 1853/1964/1853 1854/1965/1854
f 1852/1963/1852 1854/1965/1854 1709/1816/1709 1703/1810/1703
f 1854/1965/1854 1853/1964/1853 1855/1966/1855 1712/1819/1712
f 1854/1965/1854 1712/1819/1712 1710/1817/1710 1709/1816/1709
f 1855/1966/1855 1853/1964/1853 1856/1967/1856 1857/1968/1857
f 1855/1966/1855 1857/1968/1857 1858/1969/1858 1715/1822/1715
f 1855/1966/1855 1715/1822/1715 1713/1820/1713 1712/1819/1712
f 1858/1969/1858 1857/1968/1857 1859/1970/1859 1860/1971/1860
f 1858/1969/1858 1860/1971/1860 1861/1972/1861 1862/1973/1862
f 1858/1969/1858 1862/1973/1862 1716/1823/1716 1715/1822/1715
f 1862/1973/1862 1861/1972/1861 1863/1974/1863 1864/1975/1864
f 1862/1973/1862 1864/1975/1864 1717/1824/1717 1716/1823/1716
f 1864/1975/1864 1863/1974/1863 1865/1976/1865 1866/1977/1866
f 1864/1975/1864 1866/1977/1866 1719/1826/1719 1717/1824/1717
f 1866/1977/1866 1865/1976/1865 1867/1978/1867 1868/1979/1868
f 1866/1977/1866 1868/1979/1868 1721/1828/1721 1719/1826/1719
f 1868/1979/1868 1867/1978/1867 1869/1980/1869 1870/1981/1870
f 1868/1979/1868 1870/1981/1870 1723/1830/1723 1721/1828/1721
f 1870/1981/1870 1869/1980/1869 1871/1982/1871 1872/1983/1872
f 1870/1981/1870 1872/1983/1872 1725/1832/1725 1723/1830/1723
f 1872/1983/1872 1871/1982/1871 1873/1984/1873 1874/1985/1874
f 1872/1983/1872 1874/1985/1874 1727/1834/1727 1725/1832/1725
f 1874/1985/1874 1873/1984/1873 1875/1986/1875 1876/1987/1876
f 1874/1985/1874 1876/1987/1876 1729/1836/1729 1727/1834/1727
f 1876/1987/1876 1875/1986/1875 1877/1988/1877 1878/1989/1878
f 1876/1987/1876 1878/1989/1878 1731/1838/1731 1729/1836/1729
f 1878/1989/1878 1877/1988/1877 1879/1990/1879 1736/1843/1736
f 1878/1989/1878 1736/1843/1736 1733/1840/1733 1731/1838/1731
f 1879/1990/1879 1877/1988/1877 1880/1991/1880 1881/1992/1881
f 1879/1990/1879 1881/1992/1881 1882/1993/1882 1739/1846/1739
f 1879/1990/1879 1739/1846/1739 1737/1844/1737 1736/1843/1736
f 1882/1993/1882 1881/1992/1881 1883/1994/1883 1884/1995/1884
f 1882/1993/1882 1884/1995/1884 1885/1996/1885 1886/1997/1886
f 1882/1993/1882 1886/1997/1886 1740/1847/1740 1739/1846/1739
f 1886/1997/1886 1885/1996/1885 1887/1998/1887 1888/1999/1888
f 1886/1997/1886 1888/1999/1888 1741/1848/1741 1740/1847/1740
f 1888/1999/1888 1887/1998/1887 1889/2000/1889 1890/2001/1890
f 1888/1999/1888 1890/2001/1890 1743/1850/1743 1741/1848/1741
f 1890/2001/1890 1889/2000/1889 1891/2002/1891 1892/2003/1892
f 1890/2001/1890 1892/2003/1892 1745/1852/1745 1743/1850/1743
f 1892/2003/1892 1891/2002/1891 1893/2004/1893 1894/2005/1894
f 1892/2003/1892 1894/2005/1894 1747/1854/1747 1745/1852/1745
f 1894/2005/1894 1893/2004/1893 1895/2006/1895 1896/2007/1896
f 1894/2005/1894 1896/2007/1896 1749/1856/1749 1747/1854/1747
f 1896/2007/1896 1895/2006/1895 1897/2008/1897 1898/2009/1898
f 1896/2007/1896 1898/2009/1898 1751/1858/1751 1749/1856/1749
f 1898/2009/1898 1897/2008/1897 1899/2010/1899 1900/2011/1900
f 1898/2009/1898 1900/2011/1900 1753/1860/1753 1751/1858/1751
f 1900/2012/1900 1899/2013/1899 1901/2014/1901 1902/2015/1902
f 1900/2012/1900 1902/2015/1902 1755/1864/1755 1753/1863/1753
f 1902/2015/1902 1901/2014/1901 1903/2016/1903 1904/2017/1904
f 1902/2015/1902 1904/2017/1904 1757/1866/1757 1755/1864/1755
f 1904/2017/1904 1903/2016/1903 1905/2018/1905 1906/2019/1906
f 1904/2017/1904 1906/2019/1906 1907/2020/1907 1757/1866/1757
f 1907/2020/1907 1760/1869/1760 1758/1867/1758 1757/1866/1757
f 1907/2020/1907 1906/2019/1906 1908/2021/1908 1909/2022/1909
f 1907/2020/1907 1909/2022/1909 1762/1871/1762 1760/1869/1760
f 1909/2022/1909 1908/2021/1908 1910/2023/1910 1911/2024/1911
f 1909/2022/1909 1911/2024/1911 1912/2025/1912 1762/1871/1762
f 1912/2025/1912 1765/1874/1765 1763/1872/1763 1762/1871/1762
f 1912/2025/1912 1911/2024/1911 1913/2026/1913 1914/2027/1914
f 1912/2025/1912 1914/2027/1914 1767/1876/1767 1765/1874/1765
f 1914/2027/1914 1913/2026/1913 1915/2028/1915 1916/2029/1916
f 1914/2027/1914 1916/2029/1916 1769/1878/1769 1767/1876/1767
f 1916/2029/1916 1915/2028/1915 1917/2030/1917 1918/2031/1918
f 1916/2029/1916 1918/2031/1918 1919/2032/1919 1769/1878/1769
f 1919/2032/1919 1772/1881/1772 1770/1879/1770 1769/1878/1769
f 1919/2032/1919 1918/2031/1918 1920/2033/1920 1921/2034/1921
f 1919/2032/1919 1921/2034/1921 1922/2035/1922 1772/1881/1772
f 1922/2035/1922 1775/1884/1775 1773/1882/1773 1772/1881/1772
f 1922/2035/1922 1921/2034/1921 1923/2036/1923 1924/2037/1924
f 1922/2035/1922 1924/2037/1924 1925/2038/1925 1775/1884/1775
f 1925/2038/1925 1778/1887/1778 1776/1885/1776 1775/1884/1775
f 1925/2038/1925 1924/2037/1924 1926/2039/1926 1927/2040/1927
f 1925/2038/1925 1927/2040/1927 1928/2041/1928 1778/1887/1778
f 1928/2041/1928 1781/1890/1781 1779/1888/1779 1778/1887/1778
f 1928/2041/1928 1927/2040/1927 1929/2042/1929 1930/2043/1930
f 1928/2041/1928 1930/2043/1930 1931/2044/1931 1781/1890/1781
f 1931/2044/1931 1784/1893/1784 1782/1891/1782 1781/1890/1781
f 1931/2044/1931 1930/2043/1930 1932/2045/1932 1933/2046/1933
f 1931/2044/1931 1933/2046/1933 1934/2047/1934 1784/1893/1784
f 1934/2047/1934 1787/1896/1787 1785/1894/1785 1784/1893/1784
f 1934/2047/1934 1933/2046/1933 1935/2048/1935 1936/2049/1936
f 1934/2047/1934 1936/2049/1936 1937/2050/1937 1787/1896/1787
f 1937/2050/1937 1790/1899/1790 1788/1897/1788 1787/1896/1787
f 1937/2050/1937 1936/2049/1936 1938/2051/1938 1939/2052/1939
f 1937/2050/1937 1939/2052/1939 1940/2053/1940 1790/1899/1790
f 1940/2053/1940 1793/1902/1793 1791/1900/1791 1790/1899/1790
f 1940/2053/1940 1939/2052/1939 1801/1910/1801 1799/1908/1799
f 1940/2053/1940 1799/1908/1799 1795/1904/1795 1793/1902/1793
f 1939/2052/1939 1938/2051/1938 1803/1912/1803 1801/1910/1801
f 1938/2051/1938 1936/2049/1936 1935/2048/1935 1941/2054/1941
f 1938/2051/1938 1941/2054/1941 1805/1914/1805 1803/1912/1803
f 1941/2054/1941 1935/2048/1935 1942/2055/1942 1943/2056/1943
f 1941/2054/1941 1943/2056/1943 1807/1916/1807 1805/1914/1805
f 1943/2056/1943 1942/2055/1942 1944/2057/1944 1945/2058/1945
f 1943/2056/1943 1945/2058/1945 1809/1918/1809 1807/1916/1807
f 1945/2058/1945 1944/2057/1944 1946/2059/1946 1947/2060/1947
f 1945/2058/1945 1947/2060/1947 1948/2061/1948 1809/1918/1809
f 1948/2061/1948 1947/2060/1947 1949/2062/1949 1950/2063/1950
f 1948/2061/1948 1950/2063/1950 1951/2064/1951 1812/1921/1812
f 1948/2061/1948 1812/1921/1812 1810/1919/1810 1809/1918/1809
f 1951/2064/1951 1950/2063/1950 1952/2065/1952 1953/2066/1953
f 1951/2064/1951 1953/2066/1953 1954/2067/1954 1815/1924/1815
f 1951/2064/1951 1815/1924/1815 1813/1922/1813 1812/1921/1812
f 1954/2067/1954 1953/2066/1953 1955/2068/1955 1956/2069/1956
f 1954/2067/1954 1956/2069/1956 1957/2070/1957 1818/1927/1818
f 1954/2067/1954 1818/1927/1818 1816/1925/1816 1815/1924/1815
f 1957/2070/1957 1956/2069/1956 1958/2071/1958 1959/2072/1959
f 1957/2070/1957 1959/2072/1959 1960/2073/1960 1821/1930/1821
f 1957/2070/1957 1821/1930/1821 1819/1928/1819 1818/1927/1818
f 1960/2073/1960 1959/2072/1959 1961/2074/1961 1962/2075/1962
f 1960/2073/1960 1962/2075/1962 1963/2076/1963 1964/2077/1964
f 1960/2073/1960 1964/2077/1964 1822/1931/1822 1821/1930/1821
f 1964/2077/1964 1963/2076/1963 1965/2078/1965 1966/2079/1966
f 1964/2077/1964 1966/2079/1966 1823/1932/1823 1822/1931/1822
f 1966/2079/1966 1965/2078/1965 1967/2080/1967 1968/2081/1968
f 1966/2079/1966 1968/2081/1968 1825/1934/1825 1823/1932/1823
f 1968/2081/1968 1967/2080/1967 1969/2082/1969 1970/2083/1970
f 1968/2081/1968 1970/2083/1970 1827/1936/1827 1825/1934/1825
f 1970/2083/1970 1969/2082/1969 1971/2084/1971 1972/2085/1972
f 1970/2083/1970 1972/2085/1972 1829/1938/1829 1827/1936/1827
f 1972/2085/1972 1971/2084/1971 1973/2086/1973 1974/2087/1974
f 1972/2085/1972 1974/2087/1974 1831/1940/1831 1829/1938/1829
f 1974/2087/1974 1973/2086/1973 1975/2088/1975 1976/2089/1976
f 1974/2087/1974 1976/2089/1976 1833/1942/1833 1831/1940/1831
f 1976/2090/1976 1975/2091/1975 1977/2092/1977 1978/2093/1978
f 1976/2090/1976 1978/2093/1978 1835/1946/1835 1833/1945/1833
f 1978/2093/1978 1977/2092/1977 1979/2094/1979 1980/2095/1980
f 1978/2093/1978 1980/2095/1980 1837/1948/1837 1835/1946/1835
f 1980/2095/1980 1979/2094/1979 1981/2096/1981 1982/2097/1982
f 1980/2095/1980 1982/2097/1982 1839/1950/1839 1837/1948/1837
f 1982/2097/1982 1981/2096/1981 1983/2098/1983 1984/2099/1984
f 1982/2097/1982 1984/2099/1984 1985/2100/1985 1839/1950/1839
f 1985/2100/1985 1842/1953/1842 1840/1951/1840 1839/1950/1839
f 1985/2100/1985 1984/2099/1984 1986/2101/1986 1987/2102/1987
f 1985/2100/1985 1987/2102/1987 1844/1955/1844 1842/1953/1842
f 1987/2102/1987 1986/2101/1986 1988/2103/1988 1989/2104/1989
f 1987/2102/1987 1989/2104/1989 1846/1957/1846 1844/1955/1844
f 1989/2104/1989 1988/2103/1988 1990/2105/1990 1991/2106/1991
f 1989/2104/1989 1991/2106/1991 1848/1959/1848 1846/1957/1846
f 1991/2106/1991 1990/2105/1990 1992/2107/1992 1993/2108/1993
f 1991/2106/1991 1993/2108/1993 1850/1961/1850 1848/1959/1848
f 1993/2108/1993 1992/2107/1992 1994/2109/1994 1995/2110/1995
f 1993/2108/1993 1995/2110/1995 1856/1967/1856 1850/1961/1850
f 1995/2110/1995 1994/2109/1994 1996/2111/1996 1859/1970/1859
f 1995/2110/1995 1859/1970/1859 1857/1968/1857 1856/1967/1856
f 1996/2111/1996 1994/2109/1994 1997/2112/1997 1998/2113/1998
f 1996/2111/1996 1998/2113/1998 1999/2114/1999 2000/2115/2000
f 1996/2111/1996 2000/2115/2000 1860/1971/1860 1859/1970/1859
f 2000/2115/2000 1999/2114/1999 2001/2116/2001 2002/2117/2002
f 2000/2115/2000 2002/2117/2002 1861/1972/1861 1860/1971/1860
f 2002/2117/2002 2001/2116/2001 2003/2118/2003 2004/2119/2004
f 2002/2117/2002 2004/2119/2004 1863/1974/1863 1861/1972/1861
f 2004/2119/2004 2003/2118/2003 2005/2120/2005 2006/2121/2006
f 2004/2119/2004 2006/2121/2006 1865/1976/1865 1863/1974/1863
f 2006/2121/2006 2005/2120/2005 2007/2122/2007 2008/2123/2008
f 2006/2121/2006 2008/2123/2008 1867/1978/1867 1865/1976/1865
f 2008/2123/2008 2007/2122/2007 2009/2124/2009 2010/2125/2010
f 2008/2123/2008 2010/2125/2010 1869/1980/1869 1867/1978/1867
f 2010/2125/2010 2009/2124/2009 2011/2126/2011 2012/2127/2012
f 2010/2125/2010 2012/2127/2012 1871/1982/1871 1869/1980/1869
f 2012/2127/2012 2011/2126/2011 2013/2128/2013 2014/2129/2014
f 2012/2127/2012 2014/2129/2014 1873/1984/1873 1871/1982/1871
f 2014/2129/2014 2013/2128/2013 2015/2130/2015 2016/2131/2016
f 2014/2129/2014 2016/2131/2016 1875/1986/1875 1873/1984/1873
f 2016/2131/2016 2015/2130/2015 2017/2132/2017 1880/1991/1880
f 2016/2131/2016 1880/1991/1880 1877/1988/1877 1875/1986/1875
f 2017/2132/2017 2015/2130/2015 2018/2133/2018 2019/2134/2019
f 2017/2132/2017 2019/2134/2019 2020/2135/2020 1883/1994/1883
f 2017/2132/2017 1883/1994/1883 1881/1992/1881 1880/1991/1880
f 2020/2135/2020 2019/2134/2019 2021/2136/2021 2022/2137/2022
f 2020/2135/2020 2022/2137/2022 2023/2138/2023 2024/2139/2024
f 2020/2135/2020 2024/2139/2024 1884/1995/1884 1883/1994/1883
f 2024/2139/2024 2023/2138/2023 2025/2140/2025 2026/2141/2026
f 2024/2139/2024 2026/2141/2026 1885/1996/1885 1884/1995/1884
f 2026/2141/2026 2025/2140/2025 2027/2142/2027 2028/2143/2028
f 2026/2141/2026 2028/2143/2028 1887/1998/1887 1885/1996/1885
f 2028/2143/2028 2027/2142/2027 2029/2144/2029 2030/2145/2030
f 2028/2143/2028 2030/2145/2030 1889/2000/1889 1887/1998/1887
f 2030/2145/2030 2029/2144/2029 2031/2146/2031 2032/2147/2032
f 2030/2145/2030 2032/2147/2032 1891/2002/1891 1889/2000/1889
f 2032/2147/2032 2031/2146/2031 2033/2148/2033 2034/2149/2034
f 2032/2147/2032 2034/2149/2034 1893/2004/1893 1891/2002/1891
f 2034/2149/2034 2033/2148/2033 2035/2150/2035 2036/2151/2036
f 2034/2149/2034 2036/2151/2036 1895/2006/1895 1893/2004/1893
f 2036/2151/2036 2035/2150/2035 2037/2152/2037 2038/2153/2038
f 2036/2151/2036 2038/2153/2038 1897/2008/1897 1895/2006/1895
f 2038/2153/2038 2037/2152/2037 2039/2154/2039 2040/2155/2040
f 2038/2153/2038 2040/2155/2040 1899/2010/1899 1897/2008/1897
f 2040/2156/2040 2039/2157/2039 2041/2158/2041 2042/2159/2042
f 2040/2156/2040 2042/2159/2042 1901/2014/1901 1899/2013/1899
f 2042/2159/2042 2041/2158/2041 2043/2160/2043 2044/2161/2044
f 2042/2159/2042 2044/2161/2044 1903/2016/1903 1901/2014/1901
f 2044/2161/2044 2043/2160/2043 2045/2162/2045 2046/2163/2046
f 2044/2161/2044 2046/2163/2046 1905/2018/1905 1903/2016/1903
f 2046/2163/2046 2045/2162/2045 2047/2164/2047 2048/2165/2048
f 2046/2163/2046 2048/2165/2048 2049/2166/2049 1905/2018/1905
f 2049/2166/2049 1908/2021/1908 1906/2019/1906 1905/2018/1905
f 2049/2166/2049 2048/2165/2048 2050/2167/2050 2051/2168/2051
f 2049/2166/2049 2051/2168/2051 1910/2023/1910 1908/2021/1908
f 2051/2168/2051 2050/2167/2050 2052/2169/2052 2053/2170/2053
f 2051/2168/2051 2053/2170/2053 2054/2171/2054 1910/2023/1910
f 2054/2171/2054 1913/2026/1913 1911/2024/1911 1910/2023/1910
f 2054/2171/2054 2053/2170/2053 2055/2172/2055 2056/2173/2056
f 2054/2171/2054 2056/2173/2056 1915/2028/1915 1913/2026/1913
f 2056/2173/2056 2055/2172/2055 2057/2174/2057 2058/2175/2058
f 2056/2173/2056 2058/2175/2058 1917/2030/1917 1915/2028/1915
f 2058/2175/2058 2057/2174/2057 2059/2176/2059 2060/2177/2060
f 2058/2175/2058 2060/2177/2060 2061/2178/2061 1917/2030/1917
f 2061/2178/2061 1920/2033/1920 1918/2031/1918 1917/2030/1917
f 2061/2178/2061 2060/2177/2060 2062/2179/2062 2063/2180/2063
f 2061/2178/2061 2063/2180/2063 2064/2181/2064 1920/2033/1920
f 2064/2181/2064 1923/2036/1923 1921/2034/1921 1920/2033/1920
f 2064/2181/2064 2063/2180/2063 2065/2182/2065 2066/2183/2066
f 2064/2181/2064 2066/2183/2066 2067/2184/2067 1923/2036/1923
f 2067/2184/2067 1926/2039/1926 1924/2037/1924 1923/2036/1923
f 2067/2184/2067 2066/2183/2066 2068/2185/2068 2069/2186/2069
f 2067/2184/2067 2069/2186/2069 2070/2187/2070 1926/2039/1926
f 2070/2187/2070 1929/2042/1929 1927/2040/1927 1926/2039/1926
f 2070/2187/2070 2069/2186/2069 2071/2188/2071 2072/2189/2072
f 2070/2187/2070 2072/2189/2072 2073/2190/2073 1929/2042/1929
f 2073/2190/2073 1932/2045/1932 1930/2043/1930 1929/2042/1929
f 2073/2190/2073 2072/2189/2072 1946/2059/1946 1944/2057/1944
f 2073/2190/2073 1944/2057/1944 1942/2055/1942 1932/2045/1932
f 2072/2189/2072 2071/2188/2071 2074/2191/2074 1946/2059/1946
f 2074/2191/2074 2071/2188/2071 2075/2192/2075 2076/2193/2076
f 2074/2191/2074 2076/2193/2076 2077/2194/2077 1949/2062/1949
f 2074/2191/2074 1949/2062/1949 1947/2060/1947 1946/2059/1946
f 2077/2194/2077 2076/2193/2076 2078/2195/2078 2079/2196/2079
f 2077/2194/2077 2079/2196/2079 2080/2197/2080 1952/2065/1952
f 2077/2194/2077 1952/2065/1952 1950/2063/1950 1949/2062/1949
f 2080/2197/2080 2079/2196/2079 2081/2198/2081 2082/2199/2082
f 2080/2197/2080 2082/2199/2082 2083/2200/2083 1955/2068/1955
f 2080/2197/2080 1955/2068/1955 1953/2066/1953 1952/2065/1952
f 2083/2200/2083 2082/2199/2082 2084/2201/2084 2085/2202/2085
f 2083/2200/2083 2085/2202/2085 2086/2203/2086 1958/2071/1958
f 2083/2200/2083 1958/2071/1958 1956/2069/1956 1955/2068/1955
f 2086/2203/2086 2085/2202/2085 2087/2204/2087 2088/2205/2088
f 2086/2203/2086 2088/2205/2088 2089/2206/2089 1961/2074/1961
f 2086/2203/2086 1961/2074/1961 1959/2072/1959 1958/2071/1958
f 2089/2206/2089 2088/2205/2088 2090/2207/2090 2091/2208/2091
f 2089/2206/2089 2091/2208/2091 2092/2209/2092 2093/2210/2093
f 2089/2206/2089 2093/2210/2093 1962/2075/1962 1961/2074/1961
f 2093/2210/2093 2092/2209/2092 2094/2211/2094 2095/2212/2095
f 2093/2210/2093 2095/2212/2095 1963/2076/1963 1962/2075/1962
f 2095/2212/2095 2094/2211/2094 2096/2213/2096 2097/2214/2097
f 2095/2212/2095 2097/2214/2097 1965/2078/1965 1963/2076/1963
f 2097/2214/2097 2096/2213/2096 2098/2215/2098 2099/2216/2099
f 2097/2214/2097 2099/2216/2099 1967/2080/1967 1965/2078/1965
f 2099/2216/2099 2098/2215/2098 2100/2217/2100 2101/2218/2101
f 2099/2216/2099 2101/2218/2101 1969/2082/1969 1967/2080/1967
f 2101/2218/2101 2100/2217/2100 2102/2219/2102 2103/2220/2103
f 2101/2218/2101 2103/2220/2103 1971/2084/1971 1969/2082/1969
f 2103/2220/2103 2102/2219/2102 2104/2221/2104 2105/2222/2105
f 2103/2220/2103 2105/2222/2105 1973/2086/1973 1971/2084/1971
f 2105/2222/2105 2104/2221/2104 2106/2223/2106 2107/2224/2107
f 2105/2222/2105 2107/2224/2107 1975/2088/1975 1973/2086/1973
f 2107/2225/2107 2106/2226/2106 2108/2227/2108 2109/2228/2109
f 2107/2225/2107 2109/2228/2109 1977/2092/1977 1975/2091/1975
f 2109/2228/2109 2108/2227/2108 2110/2229/2110 2111/2230/2111
f 2109/2228/2109 2111/2230/2111 1979/2094/1979 1977/2092/1977
f 2111/2230/2111 2110/2229/2110 2112/2231/2112 2113/2232/2113
f 2111/2230/2111 2113/2232/2113 1981/2096/1981 1979/2094/1979
f 2113/2232/2113 2112/2231/2112 2114/2233/2114 2115/2234/2115
f 2113/2232/2113 2115/2234/2115 1983/2098/1983 1981/2096/1981
f 2115/2234/2115 2114/2233/2114 2116/2235/2116 2117/2236/2117
f 2115/2234/2115 2117/2236/2117 2118/2237/2118 1983/2098/1983
f 2118/2237/2118 1986/2101/1986 1984/2099/1984 1983/2098/1983
f 2118/2237/2118 2117/2236/2117 2119/2238/2119 2120/2239/2120
f 2118/2237/2118 2120/2239/2120 1988/2103/1988 1986/2101/1986
f 2120/2239/2120 2119/2238/2119 2121/2240/2121 2122/2241/2122
f 2120/2239/2120 2122/2241/2122 1990/2105/1990 1988/2103/1988
f 2122/2241/2122 2121/2240/2121 2123/2242/2123 2124/2243/2124
f 2122/2241/2122 2124/2243/2124 1992/2107/1992 1990/2105/1990
f 2124/2243/2124 2123/2242/2123 2125/2244/2125 1997/2112/1997
f 2124/2243/2124 1997/2112/1997 1994/2109/1994 1992/2107/1992
f 2125/2244/2125 2123/2242/2123 2126/2245/2126 2127/2246/2127
f 2125/2244/2125 2127/2246/2127 2128/2247/2128 2129/2248/2129
f 2125/2244/2125 2129/2248/2129 1998/2113/1998 1997/2112/1997
f 2129/2248/2129 2128/2247/2128 2130/2249/2130 2131/2250/2131
f 2129/2248/2129 2131/2250/2131 1999/2114/1999 1998/2113/1998
f 2131/2250/2131 2130/2249/2130 2132/2251/2132 2133/2252/2133
f 2131/2250/2131 2133/2252/2133 2001/2116/2001 1999/2114/1999
f 2133/2252/2133 2132/2251/2132 2134/2253/2134 2135/2254/2135
f 2133/2252/2133 2135/2254/2135 2003/2118/2003 2001/2116/2001
f 2135/2254/2135 2134/2253/2134 2136/2255/2136 2137/2256/2137
f 2135/2254/2135 2137/2256/2137 2005/2120/2005 2003/2118/2003
f 2137/2256/2137 2136/2255/2136 2138/2257/2138 2139/2258/2139
f 2137/2256/2137 2139/2258/2139 2007/2122/2007 2005/2120/2005
f 2139/2258/2139 2138/2257/2138 2140/2259/2140 2141/2260/2141
f 2139/2258/2139 2141/2260/2141 2009/2124/2009 2007/2122/2007
f 2141/2260/2141 2140/2259/2140 2142/2261/2142 2143/2262/2143
f 2141/2260/2141 2143/2262/2143 2011/2126/2011 2009/2124/2009
f 2143/2262/2143 2142/2261/2142 2144/2263/2144 2145/2264/2145
f 2143/2262/2143 2145/2264/2145 2013/2128/2013 2011/2126/2011
f 2145/2264/2145 2144/2263/2144 2146/2265/2146 2018/2133/2018
f 2145/2264/2145 2018/2133/2018 2015/2130/2015 2013/2128/2013
f 2146/2265/2146 2144/2263/2144 2147/2266/2147 2148/2267/2148
f 2146/2265/2146 2148/2267/2148 2149/2268/2149 2021/2136/2021
f 2146/2265/2146 2021/2136/2021 2019/2134/2019 2018/2133/2018
f 2149/2268/2149 2148/2267/2148 2150/2269/2150 2151/2270/2151
f 2149/2268/2149 2151/2270/2151 2152/2271/2152 2153/2272/2153
f 2149/2268/2149 2153/2272/2153 2022/2137/2022 2021/2136/2021
f 2153/2272/2153 2152/2271/2152 2154/2273/2154 2155/2274/2155
f 2153/2272/2153 2155/2274/2155 2023/2138/2023 2022/2137/2022
f 2155/2274/2155 2154/2273/2154 2156/2275/2156 2157/2276/2157
f 2155/2274/2155 2157/2276/2157 2025/2140/2025 2023/2138/2023
f 2157/2276/2157 2156/2275/2156 2158/2277/2158 2159/2278/2159
f 2157/2276/2157 2159/2278/2159 2027/2142/2027 2025/2140/2025
f 2159/2278/2159 2158/2277/2158 2160/2279/2160 2161/2280/2161
f 2159/2278/2159 2161/2280/2161 2029/2144/2029 2027/2142/2027
f 2161/2280/2161 2160/2279/2160 2162/2281/2162 2163/2282/2163
f 2161/2280/2161 2163/2282/2163 2031/2146/2031 2029/2144/2029
f 2163/2282/2163 2162/2281/2162 2164/2283/2164 2165/2284/2165
f 2163/2282/2163 2165/2284/2165 2033/2148/2033 2031/2146/2031
f 2165/2284/2165 2164/2283/2164 2166/2285/2166 2167/2286/2167
f 2165/2284/2165 2167/2286/2167 2035/2150/2035 2033/2148/2033
f 2167/2286/2167 2166/2285/2166 2168/2287/2168 2169/2288/2169
f 2167/2286/2167 2169/2288/2169 2037/2152/2037 2035/2150/2035
f 2169/2288/2169 2168/2287/2168 2170/2289/2170 2171/2290/2171
f 2169/2288/2169 2171/2290/2171 2039/2154/2039 2037/2152/2037
f 2171/2291/2171 2170/2292/2170 2172/2293/2172 2173/2294/2173
f 2171/2291/2171 2173/2294/2173 2041/2158/2041 2039/2157/2039
f 2173/2294/2173 2172/2293/2172 2174/2295/2174 2175/2296/2175
f 2173/2294/2173 2175/2296/2175 2043/2160/2043 2041/2158/2041
f 2175/2296/2175 2174/2295/2174 2176/2297/2176 2177/2298/2177
f 2175/2296/2175 2177/2298/2177 2045/2162/2045 2043/2160/2043
f 2177/2298/2177 2176/2297/2176 2178/2299/2178 2179/2300/2179
f 2177/2298/2177 2179/2300/2179 2047/2164/2047 2045/2162/2045
f 2179/2300/2179 2178/2299/2178 2180/2301/2180 2181/2302/2181
f 2179/2300/2179 2181/2302/2181 2182/2303/2182 2047/2164/2047
f 2182/2303/2182 2050/2167/2050 2048/2165/2048 2047/2164/2047
f 2182/2303/2182 2181/2302/2181 2183/2304/2183 2184/2305/2184
f 2182/2303/2182 2184/2305/2184 2052/2169/2052 2050/2167/2050
f 2184/2305/2184 2183/2304/2183 2185/2306/2185 2186/2307/2186
f 2184/2305/2184 2186/2307/2186 2187/2308/2187 2052/2169/2052
f 2187/2308/2187 2055/2172/2055 2053/2170/2053 2052/2169/2052
f 2187/2308/2187 2186/2307/2186 2188/2309/2188 2189/2310/2189
f 2187/2308/2187 2189/2310/2189 2057/2174/2057 2055/2172/2055
f 2189/2310/2189 2188/2309/2188 2190/2311/2190 2191/2312/2191
f 2189/2310/2189 2191/2312/2191 2059/2176/2059 2057/2174/2057
f 2191/2312/2191 2190/2311/2190 2192/2313/2192 2193/2314/2193
f 2191/2312/2191 2193/2314/2193 2194/2315/2194 2059/2176/2059
f 2194/2315/2194 2062/2179/2062 2060/2177/2060 2059/2176/2059
f 2194/2315/2194 2193/2314/2193 2195/2316/2195 2196/2317/2196
f 2194/2315/2194 2196/2317/2196 2197/2318/2197 2062/2179/2062
f 2197/2318/2197 2065/2182/2065 2063/2180/2063 2062/2179/2062
f 2197/2318/2197 2196/2317/2196 2198/2319/2198 2199/2320/2199
f 2197/2318/2197 2199/2320/2199 2200/2321/2200 2065/2182/2065
f 2200/2321/2200 2068/2185/2068 2066/2183/2066 2065/2182/2065
f 2200/2321/2200 2199/2320/2199 2201/2322/2201 2202/2323/2202
f 2200/2321/2200 2202/2323/2202 2075/2192/2075 2068/2185/2068
f 2202/2323/2202 2201/2322/2201 2203/2324/2203 2078/2195/2078
f 2202/2323/2202 2078/2195/2078 2076/2193/2076 2075/2192/2075
f 2203/2324/2203 2201/2322/2201 2204/2325/2204 2205/2326/2205
f 2203/2324/2203 2205/2326/2205 2206/2327/2206 2081/2198/2081
f 2203/2324/2203 2081/2198/2081 2079/2196/2079 2078/2195/2078
f 2206/2327/2206 2205/2326/2205 2207/2328/2207 2208/2329/2208
f 2206/2327/2206 2208/2329/2208 2209/2330/2209 2084/2201/2084
f 2206/2327/2206 2084/2201/2084 2082/2199/2082 2081/2198/2081
f 2209/2330/2209 2208/2329/2208 2210/2331/2210 2211/2332/2211
f 2209/2330/2209 2211/2332/2211 2212/2333/2212 2087/2204/2087
f 2209/2330/2209 2087/2204/2087 2085/2202/2085 2084/2201/2084
f 2212/2333/2212 2211/2332/2211 2213/2334/2213 2214/2335/2214
f 2212/2333/2212 2214/2335/2214 2215/2336/2215 2090/2207/2090
f 2212/2333/2212 2090/2207/2090 2088/2205/2088 2087/2204/2087
f 2215/2336/2215 2214/2335/2214 2216/2337/2216 2217/2338/2217
f 2215/2336/2215 2217/2338/2217 2218/2339/2218 2219/2340/2219
f 2215/2336/2215 2219/2340/2219 2091/2208/2091 2090/2207/2090
f 2219/2340/2219 2218/2339/2218 2220/2341/2220 2221/2342/2221
f 2219/2340/2219 2221/2342/2221 2092/2209/2092 2091/2208/2091
f 2221/2342/2221 2220/2341/2220 2222/2343/2222 2223/2344/2223
f 2221/2342/2221 2223/2344/2223 2094/2211/2094 2092/2209/2092
f 2223/2344/2223 2222/2343/2222 2224/2345/2224 2225/2346/2225
f 2223/2344/2223 2225/2346/2225 2096/2213/2096 2094/2211/2094
f 2225/2346/2225 2224/2345/2224 2226/2347/2226 2227/2348/2227
f 2225/2346/2225 2227/2348/2227 2098/2215/2098 2096/2213/2096
f 2227/2348/2227 2226/2347/2226 2228/2349/2228 2229/2350/2229
f 2227/2348/2227 2229/2350/2229 2100/2217/2100 2098/2215/2098
f 2229/2350/2229 2228/2349/2228 2230/2351/2230 2231/2352/2231
f 2229/2350/2229 2231/2352/2231 2102/2219/2102 2100/2217/2100
f 2231/2352/2231 2230/2351/2230 2232/2353/2232 2233/2354/2233
f 2231/2352/2231 2233/2354/2233 2104/2221/2104 2102/2219/2102
f 2233/2354/2233 2232/2353/2232 2234/2355/2234 2235/2356/2235
f 2233/2354/2233 2235/2356/2235 2106/2223/2106 2104/2221/2104
f 2235/2357/2235 2234/2358/2234 2236/2359/2236 2237/2360/2237
f 2235/2357/2235 2237/2360/2237 2108/2227/2108 2106/2226/2106
f 2237/2360/2237 2236/2359/2236 2238/2361/2238 2239/2362/2239
f 2237/2360/2237 2239/2362/2239 2110/2229/2110 2108/2227/2108
f 2239/2362/2239 2238/2361/2238 2240/2363/2240 2241/2364/2241
f 2239/2362/2239 2241/2364/2241 2112/2231/2112 2110/2229/2110
f 2241/2364/2241 2240/2363/2240 2242/2365/2242 2243/2366/2243
f 2241/2364/2241 2243/2366/2243 2114/2233/2114 2112/2231/2112
f 2243/2366/2243 2242/2365/2242 2244/2367/2244 2245/2368/2245
f 2243/2366/2243 2245/2368/2245 2116/2235/2116 2114/2233/2114
f 2245/2368/2245 2244/2367/2244 2246/2369/2246 2247/2370/2247
f 2245/2368/2245 2247/2370/2247 2248/2371/2248 2116/2235/2116
f 2248/2371/2248 2119/2238/2119 2117/2236/2117 2116/2235/2116
f 2248/2371/2248 2247/2370/2247 2249/2372/2249 2250/2373/2250
f 2248/2371/2248 2250/2373/2250 2121/2240/2121 2119/2238/2119
f 2250/2373/2250 2249/2372/2249 2251/2374/2251 2126/2245/2126
f 2250/2373/2250 2126/2245/2126 2123/2242/2123 2121/2240/2121
f 2251/2374/2251 2249/2372/2249 2252/2375/2252 2253/2376/2253
f 2251/2374/2251 2253/2376/2253 2254/2377/2254 2255/2378/2255
f 2251/2374/2251 2255/2378/2255 2127/2246/2127 2126/2245/2126
f 2255/2378/2255 2254/2377/2254 2256/2379/2256 2257/2380/2257
f 2255/2378/2255 2257/2380/2257 2128/2247/2128 2127/2246/2127
f 2257/2380/2257 2256/2379/2256 2258/2381/2258 2259/2382/2259
f 2257/2380/2257 2259/2382/2259 2130/2249/2130 2128/2247/2128
f 2259/2382/2259 2258/2381/2258 2260/2383/2260 2261/2384/2261
f 2259/2382/2259 2261/2384/2261 2132/2251/2132 2130/2249/2130
f 2261/2384/2261 2260/2383/2260 2262/2385/2262 2263/2386/2263
f 2261/2384/2261 2263/2386/2263 2134/2253/2134 2132/2251/2132
f 2263/2386/2263 2262/2385/2262 2264/2387/2264 2265/2388/2265
f 2263/2386/2263 2265/2388/2265 2136/2255/2136 2134/2253/2134
f 2265/2388/2265 2264/2387/2264 2266/2389/2266 2267/2390/2267
f 2265/2388/2265 2267/2390/2267 2138/2257/2138 2136/2255/2136
f 2267/2390/2267 2266/2389/2266 2268/2391/2268 2269/2392/2269
f 2267/2390/2267 2269/2392/2269 2140/2259/2140 2138/2257/2138
f 2269/2392/2269 2268/2391/2268 2270/2393/2270 2271/2394/2271
f 2269/2392/2269 2271/2394/2271 2142/2261/2142 2140/2259/2140
f 2271/2394/2271 2270/2393/2270 2272/2395/2272 2147/2266/2147
f 2271/2394/2271 2147/2266/2147 2144/2263/2144 2142/2261/2142
f 2272/2395/2272 2270/2393/2270 2273/2396/2273 2274/2397/2274
f 2272/2395/2272 2274/2397/2274 2275/2398/2275 2150/2269/2150
f 2272/2395/2272 2150/2269/2150 2148/2267/2148 2147/2266/2147
f 2275/2398/2275 2274/2397/2274 2276/2399/2276 2277/2400/2277
f 2275/2398/2275 2277/2400/2277 2278/2401/2278 2279/2402/2279
f 2275/2398/2275 2279/2402/2279 2151/2270/2151 2150/2269/2150
f 2279/2402/2279 2278/2401/2278 2280/2403/2280 2281/2404/2281
f 2279/2402/2279 2281/2404/2281 2152/2271/2152 2151/2270/2151
f 2281/2404/2281 2280/2403/2280 2282/2405/2282 2283/2406/2283
f 2281/2404/2281 2283/2406/2283 2154/2273/2154 2152/2271/2152
f 2283/2406/2283 2282/2405/2282 2284/2407/2284 2285/2408/2285
f 2283/2406/2283 2285/2408/2285 2156/2275/2156 2154/2273/2154
f 2285/2408/2285 2284/2407/2284 2286/2409/2286 2287/2410/2287
f 2285/2408/2285 2287/2410/2287 2158/2277/2158 2156/2275/2156
f 2287/2410/2287 2286/2409/2286 2288/2411/2288 2289/2412/2289
f 2287/2410/2287 2289/2412/2289 2160/2279/2160 2158/2277/2158
f 2289/2412/2289 2288/2411/2288 2290/2413/2290 2291/2414/2291
f 2289/2412/2289 2291/2414/2291 2162/2281/2162 2160/2279/2160
f 2291/2414/2291 2290/2413/2290 2292/2415/2292 2293/2416/2293
f 2291/2414/2291 2293/2416/2293 2164/2283/2164 2162/2281/2162
f 2293/2416/2293 2292/2415/2292 2294/2417/2294 2295/2418/2295
f 2293/2416/2293 2295/2418/2295 2166/2285/2166 2164/2283/2164
f 2295/2418/2295 2294/2417/2294 2296/2419/2296 2297/2420/2297
f 2295/2418/2295 2297/2420/2297 2168/2287/2168 2166/2285/2166
f 2297/2420/2297 2296/2419/2296 2298/2421/2298 2299/2422/2299
f 2297/2420/2297 2299/2422/2299 2170/2289/2170 2168/2287/2168
f 2299/2423/2299 2298/2424/2298 2300/2425/2300 2301/2426/2301
f 2299/2423/2299 2301/2426/2301 2172/2293/2172 2170/2292/2170
f 2301/2426/2301 2300/2425/2300 2302/2427/2302 2303/2428/2303
f 2301/2426/2301 2303/2428/2303 2174/2295/2174 2172/2293/2172
f 2303/2428/2303 2302/2427/2302 2304/2429/2304 2305/2430/2305
f 2303/2428/2303 2305/2430/2305 2176/2297/2176 2174/2295/2174
f 2305/2430/2305 2304/2429/2304 2306/2431/2306 2307/2432/2307
f 2305/2430/2305 2307/2432/2307 2178/2299/2178 2176/2297/2176
f 2307/2432/2307 2306/2431/2306 2308/2433/2308 2309/2434/2309
f 2307/2432/2307 2309/2434/2309 2180/2301/2180 2178/2299/2178
f 2309/2434/2309 2308/2433/2308 2310/2435/2310 2311/2436/2311
f 2309/2434/2309 2311/2436/2311 2312/2437/2312 2180/2301/2180
f 2312/2437/2312 2183/2304/2183 2181/2302/2181 2180/2301/2180
f 2312/2437/2312 2311/2436/2311 2313/2438/2313 2314/2439/2314
f 2312/2437/2312 2314/2439/2314 2185/2306/2185 2183/2304/2183
f 2314/2439/2314 2313/2438/2313 2315/2440/2315 2316/2441/2316
f 2314/2439/2314 2316/2441/2316 2317/2442/2317 2185/2306/2185
f 2317/2442/2317 2188/2309/2188 2186/2307/2186 2185/2306/2185
f 2317/2442/2317 2316/2441/2316 2318/2443/2318 2319/2444/2319
f 2317/2442/2317 2319/2444/2319 2190/2311/2190 2188/2309/2188
f 2319/2444/2319 2318/2443/2318 2320/2445/2320 2321/2446/2321
f 2319/2444/2319 2321/2446/2321 2192/2313/2192 2190/2311/2190
f 2321/2446/2321 2320/2445/2320 2322/2447/2322 2323/2448/2323
f 2321/2446/2321 2323/2448/2323 2324/2449/2324 2192/2313/2192
f 2324/2449/2324 2195/2316/2195 2193/2314/2193 2192/2313/2192
f 2324/2449/2324 2323/2448/2323 2325/2450/2325 2326/2451/2326
f 2324/2449/2324 2326/2451/2326 2327/2452/2327 2195/2316/2195
f 2327/2452/2327 2198/2319/2198 2196/2317/2196 2195/2316/2195
f 2327/2452/2327 2326/2451/2326 2328/2453/2328 2329/2454/2329
f 2327/2452/2327 2329/2454/2329 2204/2325/2204 2198/2319/2198
f 2329/2454/2329 2328/2453/2328 2330/2455/2330 2207/2328/2207
f 2329/2454/2329 2207/2328/2207 2205/2326/2205 2204/2325/2204
f 2330/2455/2330 2328/2453/2328 2331/2456/2331 2332/2457/2332
f 2330/2455/2330 2332/2457/2332 2333/2458/2333 2210/2331/2210
f 2330/2455/2330 2210/2331/2210 2208/2329/2208 2207/2328/2207
f 2333/2458/2333 2332/2457/2332 2334/2459/2334 2335/2460/2335
f 2333/2458/2333 2335/2460/2335 2336/2461/2336 2213/2334/2213
f 2333/2458/2333 2213/2334/2213 2211/2332/2211 2210/2331/2210
f 2336/2461/2336 2335/2460/2335 2337/2462/2337 2338/2463/2338
f 2336/2461/2336 2338/2463/2338 2339/2464/2339 2216/2337/2216
f 2336/2461/2336 2216/2337/2216 2214/2335/2214 2213/2334/2213
f 2339/2464/2339 2338/2463/2338 2340/2465/2340 2341/2466/2341
f 2339/2464/2339 2341/2466/2341 2342/2467/2342 2343/2468/2343
f 2339/2464/2339 2343/2468/2343 2217/2338/2217 2216/2337/2216
f 2343/2468/2343 2342/2467/2342 2344/2469/2344 2345/2470/2345
f 2343/2468/2343 2345/2470/2345 2218/2339/2218 2217/2338/2217
f 2345/2470/2345 2344/2469/2344 2346/2471/2346 2347/2472/2347
f 2345/2470/2345 2347/2472/2347 2220/2341/2220 2218/2339/2218
f 2347/2472/2347 2346/2471/2346 2348/2473/2348 2349/2474/2349
f 2347/2472/2347 2349/2474/2349 2222/2343/2222 2220/2341/2220
f 2349/2474/2349 2348/2473/2348 2350/2475/2350 2351/2476/2351
f 2349/2474/2349 2351/2476/2351 2224/2345/2224 2222/2343/2222
f 2351/2476/2351 2350/2475/2350 2352/2477/2352 2353/2478/2353
f 2351/2476/2351 2353/2478/2353 2226/2347/2226 2224/2345/2224
f 2353/2478/2353 2352/2477/2352 2354/2479/2354 2355/2480/2355
f 2353/2478/2353 2355/2480/2355 2228/2349/2228 2226/2347/2226
f 2355/2480/2355 2354/2479/2354 2356/2481/2356 2357/2482/2357
f 2355/2480/2355 2357/2482/2357 2230/2351/2230 2228/2349/2228
f 2357/2482/2357 2356/2481/2356 2358/2483/2358 2359/2484/2359
f 2357/2482/2357 2359/2484/2359 2232/2353/2232 2230/2351/2230
f 2359/2484/2359 2358/2483/2358 2360/2485/2360 2361/2486/2361
f 2359/2484/2359 2361/2486/2361 2234/2355/2234 2232/2353/2232
f 2361/2487/2361 2360/2488/2360 2362/2489/2362 2363/2490/2363
f 2361/2487/2361 2363/2490/2363 2236/2359/2236 2234/2358/2234
f 2363/2490/2363 2362/2489/2362 2364/2491/2364 2365/2492/2365
f 2363/2490/2363 2365/2492/2365 2238/2361/2238 2236/2359/2236
f 2365/2492/2365 2364/2491/2364 2366/2493/2366 2367/2494/2367
f 2365/2492/2365 2367/2494/2367 2240/2363/2240 2238/2361/2238
f 2367/2494/2367 2366/2493/2366 2368/2495/2368 2369/2496/2369
f 2367/2494/2367 2369/2496/2369 2242/2365/2242 2240/2363/2240
f 2369/2496/2369 2368/2495/2368 2370/2497/2370 2371/2498/2371
f 2369/2496/2369 2371/2498/2371 2244/2367/2244 2242/2365/2242
f 2371/2498/2371 2370/2497/2370 2372/2499/2372 2373/2500/2373
f 2371/2498/2371 2373/2500/2373 2246/2369/2246 2244/2367/2244
f 2373/2500/2373 2372/2499/2372 2374/2501/2374 2375/2502/2375
f 2373/2500/2373 2375/2502/2375 2252/2375/2252 2246/2369/2246
f 2375/2502/2375 2374/2501/2374 2376/2503/2376 2377/2504/2377
f 2375/2502/2375 2377/2504/2377 2253/2376/2253 2252/2375/2252
f 2377/2504/2377 2376/2503/2376 2378/2505/2378 2379/2506/2379
f 2377/2504/2377 2379/2506/2379 2254/2377/2254 2253/2376/2253
f 2379/2506/2379 2378/2505/2378 2380/2507/2380 2381/2508/2381
f 2379/2506/2379 2381/2508/2381 2256/2379/2256 2254/2377/2254
f 2381/2508/2381 2380/2507/2380 2382/2509/2382 2383/2510/2383
f 2381/2508/2381 2383/2510/2383 2258/2381/2258 2256/2379/2256
f 2383/2510/2383 2382/2509/2382 2384/2511/2384 2385/2512/2385
f 2383/2510/2383 2385/2512/2385 2260/2383/2260 2258/2381/2258
f 2385/2512/2385 2384/2511/2384 2386/2513/2386 2387/2514/2387
f 2385/2512/2385 2387/2514/2387 2262/2385/2262 2260/2383/2260
f 2387/2514/2387 2386/2513/2386 2388/2515/2388 2389/2516/2389
f 2387/2514/2387 2389/2516/2389 2264/2387/2264 2262/2385/2262
f 2389/2516/2389 2388/2515/2388 2390/2517/2390 2391/2518/2391
f 2389/2516/2389 2391/2518/2391 2266/2389/2266 2264/2387/2264
f 2391/2518/2391 2390/2517/2390 2392/2519/2392 2393/2520/2393
f 2391/2518/2391 2393/2520/2393 2268/2391/2268 2266/2389/2266
f 2393/2520/2393 2392/2519/2392 2394/2521/2394 2273/2396/2273
f 2393/2520/2393 2273/2396/2273 2270/2393/2270 2268/2391/2268
f 2394/2521/2394 2392/2519/2392 2395/2522/2395 2396/2523/2396
f 2394/2521/2394 2396/2523/2396 2397/2524/2397 2276/2399/2276
f 2394/2521/2394 2276/2399/2276 2274/2397/2274 2273/2396/2273
f 2397/2524/2397 2396/2523/2396 2398/2525/2398 2399/2526/2399
f 2397/2524/2397 2399/2526/2399 2400/2527/2400 2401/2528/2401
f 2397/2524/2397 2401/2528/2401 2277/2400/2277 2276/2399/2276
f 2401/2528/2401 2400/2527/2400 2402/2529/2402 2403/2530/2403
f 2401/2528/2401 2403/2530/2403 2278/2401/2278 2277/2400/2277
f 2403/2530/2403 2402/2529/2402 2404/2531/2404 2405/2532/2405
f 2403/2530/2403 2405/2532/2405 2280/2403/2280 2278/2401/2278
f 2405/2532/2405 2404/2531/2404 2406/2533/2406 2407/2534/2407
f 2405/2532/2405 2407/2534/2407 2282/2405/2282 2280/2403/2280
f 2407/2534/2407 2406/2533/2406 2408/2535/2408 2409/2536/2409
f 2407/2534/2407 2409/2536/2409 2284/2407/2284 2282/2405/2282
f 2409/2536/2409 2408/2535/2408 2410/2537/2410 2411/2538/2411
f 2409/2536/2409 2411/2538/2411 2286/2409/2286 2284/2407/2284
f 2411/2538/2411 2410/2537/2410 2412/2539/2412 2413/2540/2413
f 2411/2538/2411 2413/2540/2413 2288/2411/2288 2286/2409/2286
f 2413/2540/2413 2412/2539/2412 2414/2541/2414 2415/2542/2415
f 2413/2540/2413 2415/2542/2415 2290/2413/2290 2288/2411/2288
f 2415/2542/2415 2414/2541/2414 2416/2543/2416 2417/2544/2417
f 2415/2542/2415 2417/2544/2417 2292/2415/2292 2290/2413/2290
f 2417/2544/2417 2416/2543/2416 2418/2545/2418 2419/2546/2419
f 2417/2544/2417 2419/2546/2419 2294/2417/2294 2292/2415/2292
f 2419/2546/2419 2418/2545/2418 2420/2547/2420 2421/2548/2421
f 2419/2546/2419 2421/2548/2421 2296/2419/2296 2294/2417/2294
f 2421/2548/2421 2420/2547/2420 2422/2549/2422 2423/2550/2423
f 2421/2548/2421 2423/2550/2423 2298/2421/2298 2296/2419/2296
f 2423/2551/2423 2422/2552/2422 2424/2553/2424 2425/2554/2425
f 2423/2551/2423 2425/2554/2425 2300/2425/2300 2298/2424/2298
f 2425/2554/2425 2424/2553/2424 2426/2555/2426 2427/2556/2427
f 2425/2554/2425 2427/2556/2427 2302/2427/2302 2300/2425/2300
f 2427/2556/2427 2426/2555/2426 2428/2557/2428 2429/2558/2429
f 2427/2556/2427 2429/2558/2429 2304/2429/2304 2302/2427/2302
f 2429/2558/2429 2428/2557/2428 2430/2559/2430 2431/2560/2431
f 2429/2558/2429 2431/2560/2431 2306/2431/2306 2304/2429/2304
f 2431/2560/2431 2430/2559/2430 2432/2561/2432 2433/2562/2433
f 2431/2560/2431 2433/2562/2433 2308/2433/2308 2306/2431/2306
f 2433/2562/2433 2432/2561/2432 2434/2563/2434 2435/2564/2435
f 2433/2562/2433 2435/2564/2435 2310/2435/2310 2308/2433/2308
f 2435/2564/2435 2434/2563/2434 2436/2565/2436 2437/2566/2437
f 2435/2564/2435 2437/2566/2437 2438/2567/2438 2310/2435/2310
f 2438/2567/2438 2313/2438/2313 2311/2436/2311 2310/2435/2310
f 2438/2567/2438 2437/2566/2437 2439/2568/2439 2440/2569/2440
f 2438/2567/2438 2440/2569/2440 2315/2440/2315 2313/2438/2313
f 2440/2569/2440 2439/2568/2439 2441/2570/2441 2442/2571/2442
f 2440/2569/2440 2442/2571/2442 2443/2572/2443 2315/2440/2315
f 2443/2572/2443 2318/2443/2318 2316/2441/2316 2315/2440/2315
f 2443/2572/2443 2442/2571/2442 2444/2573/2444 2445/2574/2445
f 2443/2572/2443 2445/2574/2445 2320/2445/2320 2318/2443/2318
f 2445/2574/2445 2444/2573/2444 2446/2575/2446 2447/2576/2447
f 2445/2574/2445 2447/2576/2447 2322/2447/2322 2320/2445/2320
f 2447/2576/2447 2446/2575/2446 2448/2577/2448 2449/2578/2449
f 2447/2576/2447 2449/2578/2449 2450/2579/2450 2322/2447/2322
f 2450/2579/2450 2325/2450/2325 2323/2448/2323 2322/2447/2322
f 2450/2579/2450 2449/2578/2449 2451/2580/2451 2452/2581/2452
f 2450/2579/2450 2452/2581/2452 2331/2456/2331 2325/2450/2325
f 2452/2581/2452 2451/2580/2451 2453/2582/2453 2334/2459/2334
f 2452/2581/2452 2334/2459/2334 2332/2457/2332 2331/2456/2331
f 2453/2582/2453 2451/2580/2451 2454/2583/2454 2455/2584/2455
f 2453/2582/2453 2455/2584/2455 2456/2585/2456 2337/2462/2337
f 2453/2582/2453 2337/2462/2337 2335/2460/2335 2334/2459/2334
f 2456/2585/2456 2455/2584/2455 2457/2586/2457 2458/2587/2458
f 2456/2585/2456 2458/2587/2458 2459/2588/2459 2340/2465/2340
f 2456/2585/2456 2340/2465/2340 2338/2463/2338 2337/2462/2337
f 2459/2588/2459 2458/2587/2458 2460/2589/2460 2461/2590/2461
f 2459/2588/2459 2461/2590/2461 2462/2591/2462 2463/2592/2463
f 2459/2588/2459 2463/2592/2463 2341/2466/2341 2340/2465/2340
f 2463/2592/2463 2462/2591/2462 2464/2593/2464 2465/2594/2465
f 2463/2592/2463 2465/2594/2465 2342/2467/2342 2341/2466/2341
f 2465/2594/2465 2464/2593/2464 2466/2595/2466 2467/2596/2467
f 2465/2594/2465 2467/2596/2467 2344/2469/2344 2342/2467/2342
f 2467/2596/2467 2466/2595/2466 2468/2597/2468 2469/2598/2469
f 2467/2596/2467 2469/2598/2469 2346/2471/2346 2344/2469/2344
f 2469/2598/2469 2468/2597/2468 2470/2599/2470 2471/2600/2471
f 2469/2598/2469 2471/2600/2471 2348/2473/2348 2346/2471/2346
f 2471/2600/2471 2470/2599/2470 2472/2601/2472 2473/2602/2473
f 2471/2600/2471 2473/2602/2473 2350/2475/2350 2348/2473/2348
f 2473/2602/2473 2472/2601/2472 2474/2603/2474 2475/2604/2475
f 2473/2602/2473 2475/2604/2475 2352/2477/2352 2350/2475/2350
f 2475/2604/2475 2474/2603/2474 2476/2605/2476 2477/2606/2477
f 2475/2604/2475 2477/2606/2477 2354/2479/2354 2352/2477/2352
f 2477/2606/2477 2476/2605/2476 2478/2607/2478 2479/2608/2479
f 2477/2606/2477 2479/2608/2479 2356/2481/2356 2354/2479/2354
f 2479/2608/2479 2478/2607/2478 2480/2609/2480 2481/2610/2481
f 2479/2608/2479 2481/2610/2481 2358/2483/2358 2356/2481/2356
f 2481/2610/2481 2480/2609/2480 2482/2611/2482 2483/2612/2483
f 2481/2610/2481 2483/2612/2483 2360/2485/2360 2358/2483/2358
f 2483/2613/2483 2482/2614/2482 2484/2615/2484 2485/2616/2485
f 2483/2613/2483 2485/2616/2485 2362/2489/2362 2360/2488/2360
f 2485/2616/2485 2484/2615/2484 2486/2617/2486 2487/2618/2487
f 2485/2616/2485 2487/2618/2487 2364/2491/2364 2362/2489/2362
f 2487/2618/2487 2486/2617/2486 2488/2619/2488 2489/2620/2489
f 2487/2618/2487 2489/2620/2489 2366/2493/2366 2364/2491/2364
f 2489/2620/2489 2488/2619/2488 2490/2621/2490 2491/2622/2491
f 2489/2620/2489 2491/2622/2491 2368/2495/2368 2366/2493/2366
f 2491/2622/2491 2490/2621/2490 2492/2623/2492 2493/2624/2493
f 2491/2622/2491 2493/2624/2493 2370/2497/2370 2368/2495/2368
f 2493/2624/2493 2492/2623/2492 2494/2625/2494 2495/2626/2495
f 2493/2624/2493 2495/2626/2495 2372/2499/2372 2370/2497/2370
f 2495/2626/2495 2494/2625/2494 2496/2627/2496 2497/2628/2497
f 2495/2626/2495 2497/2628/2497 2374/2501/2374 2372/2499/2372
f 2497/2628/2497 2496/2627/2496 2498/2629/2498 2499/2630/2499
f 2497/2628/2497 2499/2630/2499 2376/2503/2376 2374/2501/2374
f 2499/2630/2499 2498/2629/2498 2500/2631/2500 2501/2632/2501
f 2499/2630/2499 2501/2632/2501 2378/2505/2378 2376/2503/2376
f 2501/2632/2501 2500/2631/2500 2502/2633/2502 2503/2634/2503
f 2501/2632/2501 2503/2634/2503 2380/2507/2380 2378/2505/2378
f 2503/2634/2503 2502/2633/2502 2504/2635/2504 2505/2636/2505
f 2503/2634/2503 2505/2636/2505 2382/2509/2382 2380/2507/2380
f 2505/2636/2505 2504/2635/2504 2506/2637/2506 2507/2638/2507
f 2505/2636/2505 2507/2638/2507 2384/2511/2384 2382/2509/2382
f 2507/2638/2507 2506/2637/2506 2508/2639/2508 2509/2640/2509
f 2507/2638/2507 2509/2640/2509 2386/2513/2386 2384/2511/2384
f 2509/2640/2509 2508/2639/2508 2510/2641/2510 2511/2642/2511
f 2509/2640/2509 2511/2642/2511 2388/2515/2388 2386/2513/2386
f 2511/2642/2511 2510/2641/2510 2512/2643/2512 2513/2644/2513
f 2511/2642/2511 2513/2644/2513 2390/2517/2390 2388/2515/2388
f 2513/2644/2513 2512/2643/2512 2514/2645/2514 2395/2522/2395
f 2513/2644/2513 2395/2522/2395 2392/2519/2392 2390/2517/2390
f 2514/2645/2514 2512/2643/2512 2515/2646/2515 2516/2647/2516
f 2514/2645/2514 2516/2647/2516 2517/2648/2517 2398/2525/2398
f 2514/2645/2514 2398/2525/2398 2396/2523/2396 2395/2522/2395
f 2517/2648/2517 2516/2647/2516 2518/2649/2518 2519/2650/2519
f 2517/2648/2517 2519/2650/2519 2520/2651/2520 2521/2652/2521
f 2517/2648/2517 2521/2652/2521 2399/2526/2399 2398/2525/2398
f 2521/2652/2521 2520/2651/2520 2522/2653/2522 2523/2654/2523
f 2521/2652/2521 2523/2654/2523 2400/2527/2400 2399/2526/2399
f 2523/2654/2523 2522/2653/2522 2524/2655/2524 2525/2656/2525
f 2523/2654/2523 2525/2656/2525 2402/2529/2402 2400/2527/2400
f 2525/2656/2525 2524/2655/2524 2526/2657/2526 2527/2658/2527
f 2525/2656/2525 2527/2658/2527 2404/2531/2404 2402/2529/2402
f 2527/2658/2527 2526/2657/2526 2528/2659/2528 2529/2660/2529
f 2527/2658/2527 2529/2660/2529 2406/2533/2406 2404/2531/2404
f 2529/2660/2529 2528/2659/2528 2530/2661/2530 2531/2662/2531
f 2529/2660/2529 2531/2662/2531 2408/2535/2408 2406/2533/2406
f 2531/2662/2531 2530/2661/2530 2532/2663/2532 2533/2664/2533
f 2531/2662/2531 2533/2664/2533 2410/2537/2410 2408/2535/2408
f 2533/2664/2533 2532/2663/2532 2534/2665/2534 2535/2666/2535
f 2533/2664/2533 2535/2666/2535 2412/2539/2412 2410/2537/2410
f 2535/2666/2535 2534/2665/2534 2536/2667/2536 2537/2668/2537
f 2535/2666/2535 2537/2668/2537 2414/2541/2414 2412/2539/2412
f 2537/2668/2537 2536/2667/2536 2538/2669/2538 2539/2670/2539
f 2537/2668/2537 2539/2670/2539 2416/2543/2416 2414/2541/2414
f 2539/2670/2539 2538/2669/2538 2540/2671/2540 2541/2672/2541
f 2539/2670/2539 2541/2672/2541 2418/2545/2418 2416/2543/2416
f 2541/2672/2541 2540/2671/2540 2542/2673/2542 2543/2674/2543
f 2541/2672/2541 2543/2674/2543 2420/2547/2420 2418/2545/2418
f 2543/2674/2543 2542/2673/2542 2544/2675/2544 2545/2676/2545
f 2543/2674/2543 2545/2676/2545 2422/2549/2422 2420/2547/2420
f 2545/2677/2545 2544/2678/2544 2546/2679/2546 2547/2680/2547
f 2545/2677/2545 2547/2680/2547 2424/2553/2424 2422/2552/2422
f 2547/2680/2547 2546/2679/2546 2548/2681/2548 2549/2682/2549
f 2547/2680/2547 2549/2682/2549 2426/2555/2426 2424/2553/2424
f 2549/2682/2549 2548/2681/2548 2550/2683/2550 2551/2684/2551
f 2549/2682/2549 2551/2684/2551 2428/2557/2428 2426/2555/2426
f 2551/2684/2551 2550/2683/2550 2552/2685/2552 2553/2686/2553
f 2551/2684/2551 2553/2686/2553 2430/2559/2430 2428/2557/2428
f 2553/2686/2553 2552/2685/2552 2554/2687/2554 2555/2688/2555
f 2553/2686/2553 2555/2688/2555 2432/2561/2432 2430/2559/2430
f 2555/2688/2555 2554/2687/2554 2556/2689/2556 2557/2690/2557
f 2555/2688/2555 2557/2690/2557 2434/2563/2434 2432/2561/2432
f 2557/2690/2557 2556/2689/2556 2558/2691/2558 2559/2692/2559
f 2557/2690/2557 2559/2692/2559 2436/2565/2436 2434/2563/2434
f 2559/2692/2559 2558/2691/2558 2560/2693/2560 2561/2694/2561
f 2559/2692/2559 2561/2694/2561 2562/2695/2562 2436/2565/2436
f 2562/2695/2562 2439/2568/2439 2437/2566/2437 2436/2565/2436
f 2562/2695/2562 2561/2694/2561 2563/2696/2563 2564/2697/2564
f 2562/2695/2562 2564/2697/2564 2441/2570/2441 2439/2568/2439
f 2564/2697/2564 2563/2696/2563 2565/2698/2565 2566/2699/2566
f 2564/2697/2564 2566/2699/2566 2567/2700/2567 2441/2570/2441
f 2567/2700/2567 2444/2573/2444 2442/2571/2442 2441/2570/2441
f 2567/2700/2567 2566/2699/2566 2568/2701/2568 2569/2702/2569
f 2567/2700/2567 2569/2702/2569 2446/2575/2446 2444/2573/2444
f 2569/2702/2569 2568/2701/2568 2570/2703/2570 2571/2704/2571
f 2569/2702/2569 2571/2704/2571 2448/2577/2448 2446/2575/2446
f 2571/2704/2571 2570/2703/2570 2572/2705/2572 2573/2706/2573
f 2571/2704/2571 2573/2706/2573 2454/2583/2454 2448/2577/2448
f 2573/2706/2573 2572/2705/2572 2574/2707/2574 2457/2586/2457
f 2573/2706/2573 2457/2586/2457 2455/2584/2455 2454/2583/2454
f 2574/2707/2574 2572/2705/2572 2575/2708/2575 2576/2709/2576
f 2574/2707/2574 2576/2709/2576 2577/2710/2577 2460/2589/2460
f 2574/2707/2574 2460/2589/2460 2458/2587/2458 2457/2586/2457
f 2577/2710/2577 2576/2709/2576 2578/2711/2578 2579/2712/2579
f 2577/2710/2577 2579/2712/2579 2580/2713/2580 2581/2714/2581
f 2577/2710/2577 2581/2714/2581 2461/2590/2461 2460/2589/2460
f 2581/2714/2581 2580/2713/2580 2582/2715/2582 2583/2716/2583
f 2581/2714/2581 2583/2716/2583 2462/2591/2462 2461/2590/2461
f 2583/2716/2583 2582/2715/2582 2584/2717/2584 2585/2718/2585
f 2583/2716/2583 2585/2718/2585 2464/2593/2464 2462/2591/2462
f 2585/2718/2585 2584/2717/2584 2586/2719/2586 2587/2720/2587
f 2585/2718/2585 2587/2720/2587 2466/2595/2466 2464/2593/2464
f 2587/2720/2587 2586/2719/2586 2588/2721/2588 2589/2722/2589
f 2587/2720/2587 2589/2722/2589 2468/2597/2468 2466/2595/2466
f 2589/2722/2589 2588/2721/2588 2590/2723/2590 2591/2724/2591
f 2589/2722/2589 2591/2724/2591 2470/2599/2470 2468/2597/2468
f 2591/2724/2591 2590/2723/2590 2592/2725/2592 2593/2726/2593
f 2591/2724/2591 2593/2726/2593 2472/2601/2472 2470/2599/2470
f 2593/2726/2593 2592/2725/2592 2594/2727/2594 2595/2728/2595
f 2593/2726/2593 2595/2728/2595 2474/2603/2474 2472/2601/2472
f 2595/2728/2595 2594/2727/2594 2596/2729/2596 2597/2730/2597
f 2595/2728/2595 2597/2730/2597 2476/2605/2476 2474/2603/2474
f 2597/2730/2597 2596/2729/2596 2598/2731/2598 2599/2732/2599
f 2597/2730/2597 2599/2732/2599 2478/2607/2478 2476/2605/2476
f 2599/2732/2599 2598/2731/2598 2600/2733/2600 2601/2734/2601
f 2599/2732/2599 2601/2734/2601 2480/2609/2480 2478/2607/2478
f 2601/2734/2601 2600/2733/2600 2602/2735/2602 2603/2736/2603
f 2601/2734/2601 2603/2736/2603 2482/2611/2482 2480/2609/2480
f 2603/2737/2603 2602/2738/2602 2604/2739/2604 2605/2740/2605
f 2603/2737/2603 2605/2740/2605 2484/2615/2484 2482/2614/2482
f 2605/2740/2605 2604/2739/2604 2606/2741/2606 2607/2742/2607
f 2605/2740/2605 2607/2742/2607 2486/2617/2486 2484/2615/2484
f 2607/2742/2607 2606/2741/2606 2608/2743/2608 2609/2744/2609
f 2607/2742/2607 2609/2744/2609 2488/2619/2488 2486/2617/2486
f 2609/2744/2609 2608/2743/2608 2610/2745/2610 2611/2746/2611
f 2609/2744/2609 2611/2746/2611 2490/2621/2490 2488/2619/2488
f 2611/2746/2611 2610/2745/2610 2612/2747/2612 2613/2748/2613
f 2611/2746/2611 2613/2748/2613 2492/2623/2492 2490/2621/2490
f 2613/2748/2613 2612/2747/2612 2614/2749/2614 2615/2750/2615
f 2613/2748/2613 2615/2750/2615 2494/2625/2494 2492/2623/2492
f 2615/2750/2615 2614/2749/2614 2616/2751/2616 2617/2752/2617
f 2615/2750/2615 2617/2752/2617 2496/2627/2496 2494/2625/2494
f 2617/2752/2617 2616/2751/2616 2618/2753/2618 2619/2754/2619
f 2617/2752/2617 2619/2754/2619 2498/2629/2498 2496/2627/2496
f 2619/2754/2619 2618/2753/2618 2620/2755/2620 2621/2756/2621
f 2619/2754/2619 2621/2756/2621 2500/2631/2500 2498/2629/2498
f 2621/2756/2621 2620/2755/2620 2622/2757/2622 2623/2758/2623
f 2621/2756/2621 2623/2758/2623 2502/2633/2502 2500/2631/2500
f 2623/2758/2623 2622/2757/2622 2624/2759/2624 2625/2760/2625
f 2623/2758/2623 2625/2760/2625 2504/2635/2504 2502/2633/2502
f 2625/2760/2625 2624/2759/2624 2626/2761/2626 2627/2762/2627
f 2625/2760/2625 2627/2762/2627 2506/2637/2506 2504/2635/2504
f 2627/2762/2627 2626/2761/2626 2628/2763/2628 2629/2764/2629
f 2627/2762/2627 2629/2764/2629 2508/2639/2508 2506/2637/2506
f 2629/2764/2629 2628/2763/2628 2630/2765/2630 2631/2766/2631
f 2629/2764/2629 2631/2766/2631 2510/2641/2510 2508/2639/2508
f 2631/2766/2631 2630/2765/2630 2632/2767/2632 2515/2646/2515
f 2631/2766/2631 2515/2646/2515 2512/2643/2512 2510/2641/2510
f 2632/2767/2632 2630/2765/2630 2633/2768/2633 2634/2769/2634
f 2632/2767/2632 2634/2769/2634 2635/2770/2635 2518/2649/2518
f 2632/2767/2632 2518/2649/2518 2516/2647/2516 2515/2646/2515
f 2635/2770/2635 2634/2769/2634 2636/2771/2636 2637/2772/2637
f 2635/2770/2635 2637/2772/2637 2638/2773/2638 2639/2774/2639
f 2635/2770/2635 2639/2774/2639 2519/2650/2519 2518/2649/2518
f 2639/2774/2639 2638/2773/2638 2640/2775/2640 2641/2776/2641
f 2639/2774/2639 2641/2776/2641 2520/2651/2520 2519/2650/2519
f 2641/2776/2641 2640/2775/2640 2642/2777/2642 2643/2778/2643
f 2641/2776/2641 2643/2778/2643 2522/2653/2522 2520/2651/2520
f 2643/2778/2643 2642/2777/2642 2644/2779/2644 2645/2780/2645
f 2643/2778/2643 2645/2780/2645 2524/2655/2524 2522/2653/2522
f 2645/2780/2645 2644/2779/2644 2646/2781/2646 2647/2782/2647
f 2645/2780/2645 2647/2782/2647 2526/2657/2526 2524/2655/2524
f 2647/2782/2647 2646/2781/2646 2648/2783/2648 2649/2784/2649
f 2647/2782/2647 2649/2784/2649 2528/2659/2528 2526/2657/2526
f 2649/2784/2649 2648/2783/2648 2650/2785/2650 2651/2786/2651
f 2649/2784/2649 2651/2786/2651 2530/2661/2530 2528/2659/2528
f 2651/2786/2651 2650/2785/2650 2652/2787/2652 2653/2788/2653
f 2651/2786/2651 2653/2788/2653 2532/2663/2532 2530/2661/2530
f 2653/2788/2653 2652/2787/2652 2654/2789/2654 2655/2790/2655
f 2653/2788/2653 2655/2790/2655 2534/2665/2534 2532/2663/2532
f 2655/2790/2655 2654/2789/2654 2656/2791/2656 2657/2792/2657
f 2655/2790/2655 2657/2792/2657 2536/2667/2536 2534/2665/2534
f 2657/2792/2657 2656/2791/2656 2658/2793/2658 2659/2794/2659
f 2657/2792/2657 2659/2794/2659 2538/2669/2538 2536/2667/2536
f 2659/2794/2659 2658/2793/2658 2660/2795/2660 2661/2796/2661
f 2659/2794/2659 2661/2796/2661 2540/2671/2540 2538/2669/2538
f 2661/2796/2661 2660/2795/2660 2662/2797/2662 2663/2798/2663
f 2661/2796/2661 2663/2798/2663 2542/2673/2542 2540/2671/2540
f 2663/2798/2663 2662/2797/2662 2664/2799/2664 2665/2800/2665
f 2663/2798/2663 2665/2800/2665 2544/2675/2544 2542/2673/2542
f 2665/2801/2665 2664/2802/2664 2666/2803/2666 2667/2804/2667
f 2665/2801/2665 2667/2804/2667 2546/2679/2546 2544/2678/2544
f 2667/2804/2667 2666/2803/2666 2668/2805/2668 2669/2806/2669
f 2667/2804/2667 2669/2806/2669 2548/2681/2548 2546/2679/2546
f 2669/2806/2669 2668/2805/2668 2670/2807/2670 2671/2808/2671
f 2669/2806/2669 2671/2808/2671 2550/2683/2550 2548/2681/2548
f 2671/2808/2671 2670/2807/2670 2672/2809/2672 2673/2810/2673
f 2671/2808/2671 2673/2810/2673 2552/2685/2552 2550/2683/2550
f 2673/2810/2673 2672/2809/2672 2674/2811/2674 2675/2812/2675
f 2673/2810/2673 2675/2812/2675 2554/2687/2554 2552/2685/2552
f 2675/2812/2675 2674/2811/2674 2676/2813/2676 2677/2814/2677
f 2675/2812/2675 2677/2814/2677 2556/2689/2556 2554/2687/2554
f 2677/2814/2677 2676/2813/2676 2678/2815/2678 2679/2816/2679
f 2677/2814/2677 2679/2816/2679 2558/2691/2558 2556/2689/2556
f 2679/2816/2679 2678/2815/2678 2680/2817/2680 2681/2818/2681
f 2679/2816/2679 2681/2818/2681 2560/2693/2560 2558/2691/2558
f 2681/2818/2681 2680/2817/2680 2682/2819/2682 2683/2820/2683
f 2681/2818/2681 2683/2820/2683 2684/2821/2684 2560/2693/2560
f 2684/2821/2684 2563/2696/2563 2561/2694/2561 2560/2693/2560
f 2684/2821/2684 2683/2820/2683 2685/2822/2685 2686/2823/2686
f 2684/2821/2684 2686/2823/2686 2565/2698/2565 2563/2696/2563
f 2686/2823/2686 2685/2822/2685 2687/2824/2687 2688/2825/2688
f 2686/2823/2686 2688/2825/2688 2689/2826/2689 2565/2698/2565
f 2689/2826/2689 2568/2701/2568 2566/2699/2566 2565/2698/2565
f 2689/2826/2689 2688/2825/2688 2690/2827/2690 2691/2828/2691
f 2689/2826/2689 2691/2828/2691 2570/2703/2570 2568/2701/2568
f 2691/2828/2691 2690/2827/2690 2692/2829/2692 2575/2708/2575
f 2691/2828/2691 2575/2708/2575 2572/2705/2572 2570/2703/2570
f 2692/2829/2692 2690/2827/2690 2693/2830/2693 2694/2831/2694
f 2692/2829/2692 2694/2831/2694 2695/2832/2695 2578/2711/2578
f 2692/2829/2692 2578/2711/2578 2576/2709/2576 2575/2708/2575
f 2695/2832/2695 2694/2831/2694 2696/2833/2696 2697/2834/2697
f 2695/2832/2695 2697/2834/2697 2698/2835/2698 2699/2836/2699
f 2695/2832/2695 2699/2836/2699 2579/2712/2579 2578/2711/2578
f 2699/2836/2699 2698/2835/2698 2700/2837/2700 2701/2838/2701
f 2699/2836/2699 2701/2838/2701 2580/2713/2580 2579/2712/2579
f 2701/2838/2701 2700/2837/2700 2702/2839/2702 2703/2840/2703
f 2701/2838/2701 2703/2840/2703 2582/2715/2582 2580/2713/2580
f 2703/2840/2703 2702/2839/2702 2704/2841/2704 2705/2842/2705
f 2703/2840/2703 2705/2842/2705 2584/2717/2584 2582/2715/2582
f 2705/2842/2705 2704/2841/2704 2706/2843/2706 2707/2844/2707
f 2705/2842/2705 2707/2844/2707 2586/2719/2586 2584/2717/2584
f 2707/2844/2707 2706/2843/2706 2708/2845/2708 2709/2846/2709
f 2707/2844/2707 2709/2846/2709 2588/2721/2588 2586/2719/2586
f 2709/2846/2709 2708/2845/2708 2710/2847/2710 2711/2848/2711
f 2709/2846/2709 2711/2848/2711 2590/2723/2590 2588/2721/2588
f 2711/2848/2711 2710/2847/2710 2712/2849/2712 2713/2850/2713
f 2711/2848/2711 2713/2850/2713 2592/2725/2592 2590/2723/2590
f 2713/2850/2713 2712/2849/2712 2714/2851/2714 2715/2852/2715
f 2713/2850/2713 2715/2852/2715 2594/2727/2594 2592/2725/2592
f 2715/2852/2715 2714/2851/2714 2716/2853/2716 2717/2854/2717
f 2715/2852/2715 2717/2854/2717 2596/2729/2596 2594/2727/2594
f 2717/2854/2717 2716/2853/2716 2718/2855/2718 2719/2856/2719
f 2717/2854/2717 2719/2856/2719 2598/2731/2598 2596/2729/2596
f 2719/2856/2719 2718/2855/2718 2720/2857/2720 2721/2858/2721
f 2719/2856/2719 2721/2858/2721 2600/2733/2600 2598/2731/2598
f 2721/2858/2721 2720/2857/2720 2722/2859/2722 2723/2860/2723
f 2721/2858/2721 2723/2860/2723 2602/2735/2602 2600/2733/2600
f 2723/2861/2723 2722/2862/2722 2724/2863/2724 2725/2864/2725
f 2723/2861/2723 2725/2864/2725 2604/2739/2604 2602/2738/2602
f 2725/2864/2725 2724/2863/2724 2726/2865/2726 2727/2866/2727
f 2725/2864/2725 2727/2866/2727 2606/2741/2606 2604/2739/2604
f 2727/2866/2727 2726/2865/2726 2728/2867/2728 2729/2868/2729
f 2727/2866/2727 2729/2868/2729 2608/2743/2608 2606/2741/2606
f 2729/2868/2729 2728/2867/2728 2730/2869/2730 2731/2870/2731
f 2729/2868/2729 2731/2870/2731 2610/2745/2610 2608/2743/2608
f 2731/2870/2731 2730/2869/2730 2732/2871/2732 2733/2872/2733
f 2731/2870/2731 2733/2872/2733 2612/2747/2612 2610/2745/2610
f 2733/2872/2733 2732/2871/2732 2734/2873/2734 2735/2874/2735
f 2733/2872/2733 2735/2874/2735 2614/2749/2614 2612/2747/2612
f 2735/2874/2735 2734/2873/2734 2736/2875/2736 2737/2876/2737
f 2735/2874/2735 2737/2876/2737 2616/2751/2616 2614/2749/2614
f 2737/2876/2737 2736/2875/2736 2738/2877/2738 2739/2878/2739
f 2737/2876/2737 2739/2878/2739 2618/2753/2618 2616/2751/2616
f 2739/2878/2739 2738/2877/2738 2740/2879/2740 2741/2880/2741
f 2739/2878/2739 2741/2880/2741 2620/2755/2620 2618/2753/2618
f 2741/2880/2741 2740/2879/2740 2742/2881/2742 2743/2882/2743
f 2741/2880/2741 2743/2882/2743 2622/2757/2622 2620/2755/2620
f 2743/2882/2743 2742/2881/2742 2744/2883/2744 2745/2884/2745
f 2743/2882/2743 2745/2884/2745 2624/2759/2624 2622/2757/2622
f 2745/2884/2745 2744/2883/2744 2746/2885/2746 2747/2886/2747
f 2745/2884/2745 2747/2886/2747 2626/2761/2626 2624/2759/2624
f 2747/2886/2747 2746/2885/2746 2748/2887/2748 2749/2888/2749
f 2747/2886/2747 2749/2888/2749 2628/2763/2628 2626/2761/2626
f 2749/2888/2749 2748/2887/2748 2750/2889/2750 2633/2768/2633
f 2749/2888/2749 2633/2768/2633 2630/2765/2630 2628/2763/2628
f 2750/2889/2750 2636/2771/2636 2634/2769/2634 2633/2768/2633
f 2696/2833/2696 2694/2831/2694 2693/2830/2693 2751/2890/2751
f 2751/2890/2751 2693/2830/2693 2687/2824/2687 2752/2891/2752
f 2752/2891/2752 2687/2824/2687 2685/2822/2685 2753/2892/2753
f 2753/2892/2753 2685/2822/2685 2683/2820/2683 2682/2819/2682
f 2693/2830/2693 2690/2827/2690 2688/2825/2688 2687/2824/2687
f 2454/2583/2454 2451/2580/2451 2449/2578/2449 2448/2577/2448
f 2331/2456/2331 2328/2453/2328 2326/2451/2326 2325/2450/2325
f 2252/2375/2252 2249/2372/2249 2247/2370/2247 2246/2369/2246
f 2204/2325/2204 2201/2322/2201 2199/2320/2199 2198/2319/2198
f 2075/2192/2075 2071/2188/2071 2069/2186/2069 2068/2185/2068
f 1942/2055/1942 1935/2048/1935 1933/2046/1933 1932/2045/1932
f 1856/1967/1856 1853/1964/1853 1851/1962/1851 1850/1961/1850
f 1709/1816/1709 1706/1813/1706 1704/1811/1704 1703/1810/1703
f 1558/1660/1558 1555/1657/1555 1553/1655/1553 1552/1654/1552
f 1504/1603/1504 1381/1466/1381 1379/1464/1379 1378/1463/1378
f 1504/1603/1504 1502/1601/1502 1501/1600/1501 1381/1466/1381
f 1501/1600/1501 1384/1469/1384 1382/1467/1382 1381/1466/1381
f 1501/1600/1501 1499/1598/1499 1498/1597/1498 1384/1469/1384
f 1498/1597/1498 1387/1472/1387 1385/1470/1385 1384/1469/1384
f 1498/1597/1498 1496/1595/1496 1495/1594/1495 1387/1472/1387
f 1495/1594/1495 1390/1475/1390 1388/1473/1388 1387/1472/1387
f 1495/1594/1495 1493/1591/1493 1492/1590/1492 1390/1475/1390
f 1492/1590/1492 1393/1479/1393 1391/1476/1391 1390/1475/1390
f 1492/1590/1492 1490/1589/1490 1489/2893/1489 1393/1479/1393
f 1489/2893/1489 1396/1483/1396 1394/1480/1394 1393/1479/1393
f 1489/1585/1489 1487/1583/1487 1486/1582/1486 1396/2894/1396
f 1486/1582/1486 1399/1489/1399 1397/1488/1397 1396/2894/1396
f 1486/1582/1486 1484/1580/1484 1483/1579/1483 1399/1489/1399
f 1483/1579/1483 1402/1493/1402 1400/1490/1400 1399/1489/1399
f 1483/1579/1483 1481/1577/1481 1480/1576/1480 1402/1493/1402
f 1480/1576/1480 1405/1496/1405 1403/1494/1403 1402/1493/1402
f 1480/1576/1480 1478/1574/1478 1477/1573/1477 1405/1496/1405
f 1477/1573/1477 1408/1499/1408 1406/1497/1406 1405/1496/1405
f 1477/1573/1477 1475/1571/1475 1474/1570/1474 1408/1499/1408
f 1474/1570/1474 1411/1502/1411 1409/1500/1409 1408/1499/1408
f 1474/1570/1474 1472/1568/1472 1471/1567/1471 1411/1502/1411
f 1471/1567/1471 1414/1505/1414 1412/1503/1412 1411/1502/1411
f 1471/1567/1471 1469/1565/1469 1468/1564/1468 1414/1505/1414
f 1468/1564/1468 1417/1508/1417 1415/1506/1415 1414/1505/1414
f 1468/1564/1468 1466/1562/1466 1465/1561/1465 1417/1508/1417
f 1465/1561/1465 1420/1511/1420 1418/1509/1418 1417/1508/1417
f 1465/1561/1465 1463/1559/1463 1462/1558/1462 1420/1511/1420
f 1462/1558/1462 1423/1514/1423 1421/1512/1421 1420/1511/1420
f 1462/1558/1462 1460/1556/1460 1459/1555/1459 1423/1514/1423
f 1459/1555/1459 1426/1517/1426 1424/1515/1424 1423/1514/1423
f 1459/1555/1459 1457/1553/1457 1456/1552/1456 1426/1517/1426
f 1456/1552/1456 1429/1521/1429 1427/1518/1427 1426/1517/1426
f 1456/1552/1456 1454/1550/1454 1453/1549/1453 1429/1521/1429
f 1453/1549/1453 1432/1525/1432 1430/1522/1430 1429/1521/1429
f 1453/1549/1453 1451/1547/1451 1450/1546/1450 1432/1525/1432
f 1450/1546/1450 1435/2895/1435 1433/1526/1433 1432/1525/1432
f 1450/1546/1450 1447/1543/1447 1445/1542/1445 1435/2895/1435
f 1445/1539/1445 1438/1532/1438 1436/1530/1436 1435/1529/1435
f 1370/1455/1370 1367/1452/1367 1365/1450/1365 1364/1449/1364
f 1278/1361/1278 1275/1358/1275 1272/1355/1272 1271/1354/1271
f 1274/1357/1274 25/16/25 31/22/31 2754/2896/2754
f 1274/1357/1274 2754/2896/2754 1270/1353/1270 1269/1352/1269
f 1274/1357/1274 38/30/38 26/17/26 25/16/25
f 2754/2896/2754 31/22/31 2755/2897/2755 2756/2898/2756
f 2754/2896/2754 2756/2898/2756 2757/2899/2757 1270/1353/1270
f 2757/2899/2757 2756/2898/2756 2758/2900/2758 2759/2901/2759
f 2757/2899/2757 2759/2901/2759 20/7/20 1265/1348/1265
f 2757/2899/2757 1265/1348/1265 1264/1347/1264 1270/1353/1270
f 2759/2901/2759 2758/2900/2758 576/2902/576 2760/2903/2760
f 2759/2901/2759 2760/2903/2760 21/8/21 20/7/20
f 2760/2904/2760 576/651/576 575/650/575 581/656/581
f 2760/2904/2760 581/656/581 22/11/22 21/10/21
f 2758/2900/2758 571/643/571 570/642/570 576/2902/576
f 2758/2900/2758 2756/2898/2756 2755/2897/2755 571/643/571
f 2755/2897/2755 566/638/566 565/637/565 571/643/571
f 2755/2897/2755 31/22/31 30/21/30 566/638/566
f 1265/1348/1265 20/7/20 19/6/19 1260/1343/1260
f 1247/1325/1247 850/2905/850 110/111/110 106/107/106
f 1153/1226/1153 647/725/647 643/721/643 642/720/642
f 1148/1221/1148 662/740/662 658/736/658 657/735/657
f 971/1034/971 672/750/672 668/746/668 667/745/667
f 966/1029/966 687/765/687 683/761/683 682/760/682
f 854/912/854 110/1127/110 850/2906/850 849/913/849
f 735/786/735 697/775/697 693/771/693 692/770/692
f 586/661/586 22/11/22 581/656/581 580/655/580
f 566/638/566 30/21/30 33/24/33 561/633/561
f 557/629/557 32/23/32 34/25/34 2761/2907/2761
f 557/629/557 2761/2907/2761 552/622/552 551/621/551
f 557/629/557 556/628/556 33/24/33 32/23/32
f 2761/2907/2761 34/25/34 2762/2908/2762 2763/2909/2763
f 2761/2907/2761 2763/2909/2763 2764/2910/2764 552/622/552
f 2764/2910/2764 2763/2909/2763 2765/2911/2765 2766/2912/2766
f 2764/2910/2764 2766/2912/2766 2767/2913/2767 547/2914/547
f 2764/2910/2764 547/2914/547 546/623/546 552/622/552
f 2767/2913/2767 2766/2912/2766 2768/2915/2768 2769/2916/2769
f 2767/2917/2767 2769/2918/2769 99/99/99 542/611/542
f 2767/2917/2767 542/611/542 541/610/541 547/616/547
f 2769/2916/2769 2768/2915/2768 396/2919/396 394/2920/394
f 2769/2918/2769 394/2921/394 100/100/100 99/99/99
f 2768/2915/2768 2770/2922/2770 398/2923/398 396/2919/396
f 2768/2915/2768 2766/2912/2766 2765/2911/2765 2770/2922/2770
f 2770/2922/2770 2771/2924/2771 400/2925/400 398/2923/398
f 2770/2922/2770 2765/2911/2765 2772/2926/2772 2771/2924/2771
f 2772/2926/2772 2773/2927/2773 2774/2928/2774 2771/2924/2771
f 2772/2926/2772 2765/2911/2765 2763/2909/2763 2762/2908/2762
f 2772/2926/2772 2762/2908/2762 2775/2929/2775 2773/2927/2773
f 2775/2929/2775 2776/2930/2776 2777/2931/2777 2773/2927/2773
f 2775/2929/2775 2762/2908/2762 34/25/34 29/20/29
f 2775/2929/2775 29/20/29 28/19/28 2776/2930/2776
f 2777/2931/2777 2778/2932/2778 2779/2933/2779 2780/2934/2780
f 2777/2931/2777 2780/2934/2780 2774/2928/2774 2773/2927/2773
f 2777/2931/2777 2776/2930/2776 46/39/46 2778/2932/2778
f 2780/2934/2780 2779/2933/2779 406/2935/406 404/2936/404
f 2780/2934/2780 404/2936/404 402/2937/402 2774/2928/2774
f 2779/2933/2779 2781/2938/2781 408/2939/408 406/2935/406
f 2779/2933/2779 2778/2932/2778 2782/2940/2782 2781/2938/2781
f 2782/2940/2782 416/478/416 414/476/414 2781/2938/2781
f 2782/2940/2782 2778/2932/2778 46/39/46 44/37/44
f 2782/2940/2782 44/37/44 43/36/43 416/478/416
f 2781/2938/2781 414/476/414 410/475/410 408/2939/408
f 2776/2930/2776 28/19/28 45/38/45 46/39/46
f 2774/2928/2774 402/2937/402 400/2925/400 2771/2924/2771
f 542/611/542 99/99/99 11/93/11 537/606/537
f 527/596/527 523/590/523 521/586/521 520/585/520
f 519/584/519 383/589/383 93/92/93 92/91/92
f 513/578/513 359/402/359 355/398/355 354/397/354
f 513/578/513 354/397/354 509/574/509 508/573/508
f 513/578/513 90/89/90 10/85/10 359/402/359
f 509/574/509 354/397/354 350/393/350 349/392/349
f 509/574/509 349/392/349 504/569/504 503/568/503
f 504/569/504 349/392/349 345/388/345 344/387/344
f 504/569/504 344/387/344 499/564/499 498/563/498
f 499/564/499 344/387/344 340/383/340 339/382/339
f 499/564/499 339/382/339 494/559/494 493/558/493
f 494/559/494 339/382/339 335/378/335 334/377/334
f 494/559/494 334/377/334 489/554/489 488/553/488
f 489/554/489 334/377/334 330/373/330 329/372/329
f 489/554/489 329/372/329 484/549/484 483/548/483
f 484/549/484 329/372/329 326/367/326 85/83/85
f 484/549/484 85/83/85 84/82/84 479/544/479
f 372/418/372 177/188/177 174/185/174 173/184/173
f 372/418/372 173/184/173 367/413/367 366/412/366
f 368/2941/368 364/409/364 89/88/89 88/87/88
f 367/413/367 173/184/173 169/180/169 168/179/168
f 367/413/367 168/179/168 363/407/363 362/406/362
f 363/407/363 168/179/168 164/175/164 163/174/163
f 363/407/363 163/174/163 358/2942/358 357/408/357
f 360/403/360 359/402/359 10/85/10 89/88/89
f 358/2942/358 163/174/163 159/170/159 158/169/158
f 358/401/358 158/2943/158 353/396/353 352/395/352
f 353/396/353 158/2943/158 154/164/154 153/163/153
f 353/396/353 153/163/153 348/391/348 347/390/347
f 348/391/348 153/163/153 149/157/149 148/156/148
f 348/391/348 148/156/148 343/386/343 342/385/342
f 343/386/343 148/156/148 144/152/144 143/151/143
f 343/386/343 143/151/143 338/381/338 337/380/337
f 338/381/338 143/151/143 139/146/139 138/145/138
f 338/381/338 138/145/138 333/376/333 332/375/332
f 333/376/333 138/145/138 134/144/134 120/2944/120
f 333/376/333 120/2944/120 119/371/119 328/370/328
f 323/362/323 322/361/322 255/282/255 254/281/254
f 323/362/323 254/281/254 2783/2945/2783 86/364/86
f 322/361/322 321/360/321 2784/2946/2784 255/282/255
f 2784/2946/2784 321/360/321 2785/2947/2785 2786/2948/2786
f 2784/2946/2784 2786/2948/2786 2787/2949/2787 258/285/258
f 2784/2946/2784 258/285/258 256/283/256 255/282/255
f 2787/2949/2787 2786/2948/2786 2788/2950/2788 2789/2951/2789
f 2787/2949/2787 2789/2951/2789 2790/2952/2790 2791/2953/2791
f 2787/2949/2787 2791/2953/2791 259/286/259 258/285/258
f 2791/2954/2791 2790/2955/2790 2792/2956/2792 263/292/263
f 2791/2954/2791 263/292/263 260/289/260 259/288/259
f 2792/2956/2792 2790/2955/2790 2793/2957/2793 2794/2958/2794
f 2792/2956/2792 2794/2958/2794 2795/2959/2795 2796/2960/2796
f 2792/2956/2792 2796/2960/2796 264/293/264 263/292/263
f 2796/2960/2796 2795/2959/2795 2797/2961/2797 2798/2962/2798
f 2796/2960/2796 2798/2962/2798 265/294/265 264/293/264
f 2798/2962/2798 2797/2961/2797 2799/2963/2799 2800/2964/2800
f 2798/2962/2798 2800/2964/2800 267/296/267 265/294/265
f 2800/2964/2800 2799/2963/2799 2801/2965/2801 2802/2966/2802
f 2800/2964/2800 2802/2966/2802 269/298/269 267/296/267
f 2802/2966/2802 2801/2965/2801 2803/2967/2803 2804/2968/2804
f 2802/2966/2802 2804/2968/2804 2805/2969/2805 269/298/269
f 2805/2969/2805 2804/2968/2804 2806/2970/2806 2807/2971/2807
f 2805/2969/2805 2807/2971/2807 2808/2972/2808 272/301/272
f 2805/2969/2805 272/301/272 270/299/270 269/298/269
f 2808/2972/2808 2807/2971/2807 2809/2973/2809 2810/2974/2810
f 2808/2972/2808 2810/2974/2810 277/308/277 275/304/275
f 2808/2972/2808 275/304/275 273/302/273 272/301/272
f 2810/2974/2810 2809/2973/2809 2811/2975/2811 2812/2976/2812
f 2810/2974/2810 2812/2976/2812 279/311/279 277/308/277
f 2812/2976/2812 2811/2975/2811 2813/2977/2813 2814/2978/2814
f 2812/2976/2812 2814/2978/2814 2815/2979/2815 279/311/279
f 2815/2979/2815 2814/2978/2814 2816/2980/2816 2817/2981/2817
f 2815/2979/2815 2817/2981/2817 297/334/297 282/314/282
f 2815/2979/2815 282/314/282 280/312/280 279/311/279
f 2817/2981/2817 2816/2980/2816 2818/2982/2818 300/339/300
f 2817/2981/2817 300/339/300 298/335/298 297/334/297
f 2818/2982/2818 2816/2980/2816 2819/2983/2819 2820/2984/2820
f 2818/2982/2818 2820/2984/2820 2821/2985/2821 303/342/303
f 2818/2982/2818 303/342/303 301/340/301 300/339/300
f 2821/2985/2821 2820/2984/2820 2822/2986/2822 2823/2987/2823
f 2821/2985/2821 2823/2987/2823 2824/2988/2824 306/345/306
f 2821/2985/2821 306/345/306 304/343/304 303/342/303
f 2824/2988/2824 2823/2987/2823 2825/2989/2825 2826/2990/2826
f 2824/2988/2824 2826/2990/2826 2827/2991/2827 309/348/309
f 2824/2988/2824 309/348/309 307/346/307 306/345/306
f 2827/2991/2827 2826/2990/2826 2828/2992/2828 2829/2993/2829
f 2827/2991/2827 2829/2993/2829 2830/2994/2830 2831/2995/2831
f 2827/2991/2827 2831/2995/2831 310/349/310 309/348/309
f 2831/2995/2831 2830/2994/2830 2832/2996/2832 2833/2997/2833
f 2831/2995/2831 2833/2997/2833 311/350/311 310/349/310
f 2833/2997/2833 2832/2996/2832 2834/2998/2834 2835/2999/2835
f 2833/2997/2833 2835/2999/2835 313/352/313 311/350/311
f 2835/2999/2835 2834/2998/2834 2836/3000/2836 2837/3001/2837
f 2835/2999/2835 2837/3001/2837 315/354/315 313/352/313
f 2837/3001/2837 2836/3000/2836 2838/3002/2838 2839/3003/2839
f 2837/3001/2837 2839/3003/2839 2840/3004/2840 315/354/315
f 2840/3004/2840 2839/3003/2839 2841/3005/2841 2842/3006/2842
f 2840/3004/2840 2842/3006/2842 2785/2947/2785 318/357/318
f 2840/3004/2840 318/357/318 316/355/316 315/354/315
f 2842/3006/2842 2841/3005/2841 2843/3007/2843 2788/2950/2788
f 2842/3006/2842 2788/2950/2788 2786/2948/2786 2785/2947/2785
f 2843/3007/2843 2841/3005/2841 2844/3008/2844 2845/3009/2845
f 2843/3007/2843 2845/3009/2845 2846/3010/2846 2847/3011/2847
f 2843/3007/2843 2847/3011/2847 2789/2951/2789 2788/2950/2788
f 2847/3011/2847 2846/3010/2846 2848/3012/2848 2793/3013/2793
f 2847/3011/2847 2793/3013/2793 2790/2952/2790 2789/2951/2789
f 2848/3012/2848 2846/3010/2846 2849/3014/2849 2850/3015/2850
f 2848/3016/2848 2850/3017/2850 2851/3018/2851 2852/3019/2852
f 2848/3016/2848 2852/3019/2852 2794/2958/2794 2793/2957/2793
f 2852/3019/2852 2851/3018/2851 2853/3020/2853 2854/3021/2854
f 2852/3019/2852 2854/3021/2854 2795/2959/2795 2794/2958/2794
f 2854/3021/2854 2853/3020/2853 2855/3022/2855 2856/3023/2856
f 2854/3021/2854 2856/3023/2856 2797/2961/2797 2795/2959/2795
f 2856/3023/2856 2855/3022/2855 2857/3024/2857 2858/3025/2858
f 2856/3023/2856 2858/3025/2858 2799/2963/2799 2797/2961/2797
f 2858/3025/2858 2857/3024/2857 2859/3026/2859 2860/3027/2860
f 2858/3025/2858 2860/3027/2860 2801/2965/2801 2799/2963/2799
f 2860/3027/2860 2859/3026/2859 2861/3028/2861 2862/3029/2862
f 2860/3027/2860 2862/3029/2862 2803/2967/2803 2801/2965/2801
f 2862/3029/2862 2861/3028/2861 2863/3030/2863 2864/3031/2864
f 2862/3029/2862 2864/3031/2864 2865/3032/2865 2803/2967/2803
f 2865/3032/2865 2864/3031/2864 2866/3033/2866 2867/3034/2867
f 2865/3032/2865 2867/3034/2867 2868/3035/2868 2806/2970/2806
f 2865/3032/2865 2806/2970/2806 2804/2968/2804 2803/2967/2803
f 2868/3035/2868 2867/3034/2867 2869/3036/2869 2870/3037/2870
f 2868/3035/2868 2870/3037/2870 2811/2975/2811 2809/2973/2809
f 2868/3035/2868 2809/2973/2809 2807/2971/2807 2806/2970/2806
f 2870/3037/2870 2869/3036/2869 2871/3038/2871 2872/3039/2872
f 2870/3037/2870 2872/3039/2872 2813/2977/2813 2811/2975/2811
f 2872/3039/2872 2871/3038/2871 2873/3040/2873 2874/3041/2874
f 2872/3039/2872 2874/3041/2874 2819/2983/2819 2813/2977/2813
f 2874/3041/2874 2873/3040/2873 2875/3042/2875 2822/2986/2822
f 2874/3041/2874 2822/2986/2822 2820/2984/2820 2819/2983/2819
f 2875/3042/2875 2873/3040/2873 2876/3043/2876 2877/3044/2877
f 2875/3042/2875 2877/3044/2877 2878/3045/2878 2825/2989/2825
f 2875/3042/2875 2825/2989/2825 2823/2987/2823 2822/2986/2822
f 2878/3045/2878 2877/3044/2877 2879/3046/2879 2880/3047/2880
f 2878/3045/2878 2880/3047/2880 2881/3048/2881 2828/2992/2828
f 2878/3045/2878 2828/2992/2828 2826/2990/2826 2825/2989/2825
f 2881/3048/2881 2880/3047/2880 2882/3049/2882 2883/3050/2883
f 2881/3048/2881 2883/3050/2883 2884/3051/2884 2885/3052/2885
f 2881/3048/2881 2885/3052/2885 2829/2993/2829 2828/2992/2828
f 2885/3052/2885 2884/3051/2884 2886/3053/2886 2887/3054/2887
f 2885/3052/2885 2887/3054/2887 2830/2994/2830 2829/2993/2829
f 2887/3054/2887 2886/3053/2886 2888/3055/2888 2889/3056/2889
f 2887/3054/2887 2889/3056/2889 2832/2996/2832 2830/2994/2830
f 2889/3056/2889 2888/3055/2888 2890/3057/2890 2891/3058/2891
f 2889/3056/2889 2891/3058/2891 2834/2998/2834 2832/2996/2832
f 2891/3058/2891 2890/3057/2890 2892/3059/2892 2893/3060/2893
f 2891/3058/2891 2893/3060/2893 2836/3000/2836 2834/2998/2834
f 2893/3060/2893 2892/3059/2892 2894/3061/2894 2895/3062/2895
f 2893/3060/2893 2895/3062/2895 2838/3002/2838 2836/3000/2836
f 2895/3062/2895 2894/3061/2894 2896/3063/2896 2897/3064/2897
f 2895/3062/2895 2897/3064/2897 2844/3008/2844 2838/3002/2838
f 2897/3064/2897 2896/3063/2896 2898/3065/2898 2899/3066/2899
f 2897/3064/2897 2899/3066/2899 2845/3009/2845 2844/3008/2844
f 2899/3066/2899 2898/3065/2898 2900/3067/2900 2849/3014/2849
f 2899/3066/2899 2849/3014/2849 2846/3010/2846 2845/3009/2845
f 2900/3067/2900 2898/3065/2898 2901/3068/2901 2902/3069/2902
f 2900/3067/2900 2902/3069/2902 2903/3070/2903 2904/3071/2904
f 2900/3067/2900 2904/3071/2904 2850/3015/2850 2849/3014/2849
f 2904/3072/2904 2903/3073/2903 2905/3074/2905 2906/3075/2906
f 2904/3072/2904 2906/3075/2906 2851/3018/2851 2850/3017/2850
f 2906/3075/2906 2905/3074/2905 2907/3076/2907 2908/3077/2908
f 2906/3075/2906 2908/3077/2908 2853/3020/2853 2851/3018/2851
f 2908/3077/2908 2907/3076/2907 2909/3078/2909 2910/3079/2910
f 2908/3077/2908 2910/3079/2910 2855/3022/2855 2853/3020/2853
f 2910/3079/2910 2909/3078/2909 2911/3080/2911 2912/3081/2912
f 2910/3079/2910 2912/3081/2912 2857/3024/2857 2855/3022/2855
f 2912/3081/2912 2911/3080/2911 2913/3082/2913 2914/3083/2914
f 2912/3081/2912 2914/3083/2914 2859/3026/2859 2857/3024/2857
f 2914/3083/2914 2913/3082/2913 2915/3084/2915 2916/3085/2916
f 2914/3083/2914 2916/3085/2916 2861/3028/2861 2859/3026/2859
f 2916/3085/2916 2915/3084/2915 2917/3086/2917 2918/3087/2918
f 2916/3085/2916 2918/3087/2918 2863/3030/2863 2861/3028/2861
f 2918/3087/2918 2917/3086/2917 2919/3088/2919 2920/3089/2920
f 2918/3087/2918 2920/3089/2920 2921/3090/2921 2863/3030/2863
f 2921/3090/2921 2920/3089/2920 2922/3091/2922 2923/3092/2923
f 2921/3090/2921 2923/3092/2923 2924/3093/2924 2866/3033/2866
f 2921/3090/2921 2866/3033/2866 2864/3031/2864 2863/3030/2863
f 2924/3093/2924 2923/3092/2923 2925/3094/2925 2926/3095/2926
f 2924/3093/2924 2926/3095/2926 2871/3038/2871 2869/3036/2869
f 2924/3093/2924 2869/3036/2869 2867/3034/2867 2866/3033/2866
f 2926/3095/2926 2925/3094/2925 2927/3096/2927 2876/3043/2876
f 2926/3095/2926 2876/3043/2876 2873/3040/2873 2871/3038/2871
f 2927/3096/2927 2925/3094/2925 2928/3097/2928 2929/3098/2929
f 2927/3096/2927 2929/3098/2929 2930/3099/2930 2879/3046/2879
f 2927/3096/2927 2879/3046/2879 2877/3044/2877 2876/3043/2876
f 2930/3099/2930 2929/3098/2929 2931/3100/2931 2932/3101/2932
f 2930/3099/2930 2932/3101/2932 2933/3102/2933 2882/3049/2882
f 2930/3099/2930 2882/3049/2882 2880/3047/2880 2879/3046/2879
f 2933/3102/2933 2932/3101/2932 2934/3103/2934 2935/3104/2935
f 2933/3102/2933 2935/3104/2935 2936/3105/2936 2937/3106/2937
f 2933/3102/2933 2937/3106/2937 2883/3050/2883 2882/3049/2882
f 2937/3106/2937 2936/3105/2936 2938/3107/2938 2939/3108/2939
f 2937/3106/2937 2939/3108/2939 2884/3051/2884 2883/3050/2883
f 2939/3108/2939 2938/3107/2938 2940/3109/2940 2941/3110/2941
f 2939/3108/2939 2941/3110/2941 2886/3053/2886 2884/3051/2884
f 2941/3110/2941 2940/3109/2940 2942/3111/2942 2943/3112/2943
f 2941/3110/2941 2943/3112/2943 2888/3055/2888 2886/3053/2886
f 2943/3112/2943 2942/3111/2942 2944/3113/2944 2945/3114/2945
f 2943/3112/2943 2945/3114/2945 2890/3057/2890 2888/3055/2888
f 2945/3114/2945 2944/3113/2944 2946/3115/2946 2947/3116/2947
f 2945/3114/2945 2947/3116/2947 2892/3059/2892 2890/3057/2890
f 2947/3116/2947 2946/3115/2946 2948/3117/2948 2949/3118/2949
f 2947/3116/2947 2949/3118/2949 2894/3061/2894 2892/3059/2892
f 2949/3118/2949 2948/3117/2948 2950/3119/2950 2951/3120/2951
f 2949/3118/2949 2951/3120/2951 2896/3063/2896 2894/3061/2894
f 2951/3120/2951 2950/3119/2950 2952/3121/2952 2901/3068/2901
f 2951/3120/2951 2901/3068/2901 2898/3065/2898 2896/3063/2896
f 2952/3121/2952 2950/3119/2950 2953/3122/2953 2954/3123/2954
f 2952/3121/2952 2954/3123/2954 2955/3124/2955 2956/3125/2956
f 2952/3121/2952 2956/3125/2956 2902/3069/2902 2901/3068/2901
f 2956/3125/2956 2955/3124/2955 2957/3126/2957 2958/3127/2958
f 2956/3125/2956 2958/3127/2958 2903/3070/2903 2902/3069/2902
f 2958/3128/2958 2957/3129/2957 2959/3130/2959 2960/3131/2960
f 2958/3128/2958 2960/3131/2960 2905/3074/2905 2903/3073/2903
f 2960/3131/2960 2959/3130/2959 2961/3132/2961 2962/3133/2962
f 2960/3131/2960 2962/3133/2962 2907/3076/2907 2905/3074/2905
f 2962/3133/2962 2961/3132/2961 2963/3134/2963 2964/3135/2964
f 2962/3133/2962 2964/3135/2964 2909/3078/2909 2907/3076/2907
f 2964/3135/2964 2963/3134/2963 2965/3136/2965 2966/3137/2966
f 2964/3135/2964 2966/3137/2966 2911/3080/2911 2909/3078/2909
f 2966/3137/2966 2965/3136/2965 2967/3138/2967 2968/3139/2968
f 2966/3137/2966 2968/3139/2968 2913/3082/2913 2911/3080/2911
f 2968/3139/2968 2967/3138/2967 2969/3140/2969 2970/3141/2970
f 2968/3139/2968 2970/3141/2970 2915/3084/2915 2913/3082/2913
f 2970/3141/2970 2969/3140/2969 2971/3142/2971 2972/3143/2972
f 2970/3141/2970 2972/3143/2972 2917/3086/2917 2915/3084/2915
f 2972/3143/2972 2971/3142/2971 2973/3144/2973 2974/3145/2974
f 2972/3143/2972 2974/3145/2974 2919/3088/2919 2917/3086/2917
f 2974/3145/2974 2973/3144/2973 2975/3146/2975 2976/3147/2976
f 2974/3145/2974 2976/3147/2976 2977/3148/2977 2919/3088/2919
f 2977/3148/2977 2976/3147/2976 2978/3149/2978 2979/3150/2979
f 2977/3148/2977 2979/3150/2979 2928/3097/2928 2922/3091/2922
f 2977/3148/2977 2922/3091/2922 2920/3089/2920 2919/3088/2919
f 2979/3150/2979 2978/3149/2978 2980/3151/2980 2931/3100/2931
f 2979/3150/2979 2931/3100/2931 2929/3098/2929 2928/3097/2928
f 2980/3151/2980 2978/3149/2978 2981/3152/2981 2982/3153/2982
f 2980/3151/2980 2982/3153/2982 2983/3154/2983 2934/3103/2934
f 2980/3151/2980 2934/3103/2934 2932/3101/2932 2931/3100/2931
f 2983/3154/2983 2982/3153/2982 2984/3155/2984 2985/3156/2985
f 2983/3154/2983 2985/3156/2985 2986/3157/2986 2987/3158/2987
f 2983/3154/2983 2987/3158/2987 2935/3104/2935 2934/3103/2934
f 2987/3158/2987 2986/3157/2986 2988/3159/2988 2989/3160/2989
f 2987/3158/2987 2989/3160/2989 2936/3105/2936 2935/3104/2935
f 2989/3160/2989 2988/3159/2988 2990/3161/2990 2991/3162/2991
f 2989/3160/2989 2991/3162/2991 2938/3107/2938 2936/3105/2936
f 2991/3162/2991 2990/3161/2990 2992/3163/2992 2993/3164/2993
f 2991/3162/2991 2993/3164/2993 2940/3109/2940 2938/3107/2938
f 2993/3164/2993 2992/3163/2992 2994/3165/2994 2995/3166/2995
f 2993/3164/2993 2995/3166/2995 2942/3111/2942 2940/3109/2940
f 2995/3166/2995 2994/3165/2994 2996/3167/2996 2997/3168/2997
f 2995/3166/2995 2997/3168/2997 2944/3113/2944 2942/3111/2942
f 2997/3168/2997 2996/3167/2996 2998/3169/2998 2999/3170/2999
f 2997/3168/2997 2999/3170/2999 2946/3115/2946 2944/3113/2944
f 2999/3170/2999 2998/3169/2998 3000/3171/3000 3001/3172/3001
f 2999/3170/2999 3001/3172/3001 2948/3117/2948 2946/3115/2946
f 3001/3172/3001 3000/3171/3000 3002/3173/3002 2953/3122/2953
f 3001/3172/3001 2953/3122/2953 2950/3119/2950 2948/3117/2948
f 3002/3173/3002 3000/3171/3000 3003/3174/3003 3004/3175/3004
f 3002/3173/3002 3004/3175/3004 3005/3176/3005 3006/3177/3006
f 3002/3173/3002 3006/3177/3006 2954/3123/2954 2953/3122/2953
f 3006/3177/3006 3005/3176/3005 3007/3178/3007 3008/3179/3008
f 3006/3177/3006 3008/3179/3008 2955/3124/2955 2954/3123/2954
f 3008/3179/3008 3007/3178/3007 3009/3180/3009 3010/3181/3010
f 3008/3179/3008 3010/3181/3010 2957/3126/2957 2955/3124/2955
f 3010/3182/3010 3009/3183/3009 3011/3184/3011 3012/3185/3012
f 3010/3182/3010 3012/3185/3012 2959/3130/2959 2957/3129/2957
f 3012/3185/3012 3011/3184/3011 3013/3186/3013 3014/3187/3014
f 3012/3185/3012 3014/3187/3014 2961/3132/2961 2959/3130/2959
f 3014/3187/3014 3013/3186/3013 3015/3188/3015 3016/3189/3016
f 3014/3187/3014 3016/3189/3016 2963/3134/2963 2961/3132/2961
f 3016/3189/3016 3015/3188/3015 3017/3190/3017 3018/3191/3018
f 3016/3189/3016 3018/3191/3018 2965/3136/2965 2963/3134/2963
f 3018/3191/3018 3017/3190/3017 3019/3192/3019 3020/3193/3020
f 3018/3191/3018 3020/3193/3020 2967/3138/2967 2965/3136/2965
f 3020/3193/3020 3019/3192/3019 3021/3194/3021 3022/3195/3022
f 3020/3193/3020 3022/3195/3022 2969/3140/2969 2967/3138/2967
f 3022/3195/3022 3021/3194/3021 3023/3196/3023 3024/3197/3024
f 3022/3195/3022 3024/3197/3024 2971/3142/2971 2969/3140/2969
f 3024/3197/3024 3023/3196/3023 3025/3198/3025 3026/3199/3026
f 3024/3197/3024 3026/3199/3026 2973/3144/2973 2971/3142/2971
f 3026/3199/3026 3025/3198/3025 3027/3200/3027 3028/3201/3028
f 3026/3199/3026 3028/3201/3028 2975/3146/2975 2973/3144/2973
f 3028/3201/3028 3027/3200/3027 3029/3202/3029 3030/3203/3030
f 3028/3201/3028 3030/3203/3030 2981/3152/2981 2975/3146/2975
f 3030/3203/3030 3029/3202/3029 3031/3204/3031 2984/3155/2984
f 3030/3203/3030 2984/3155/2984 2982/3153/2982 2981/3152/2981
f 3031/3204/3031 3029/3202/3029 3032/3205/3032 3033/3206/3033
f 3031/3204/3031 3033/3206/3033 3034/3207/3034 3035/3208/3035
f 3031/3204/3031 3035/3208/3035 2985/3156/2985 2984/3155/2984
f 3035/3208/3035 3034/3207/3034 3036/3209/3036 3037/3210/3037
f 3035/3208/3035 3037/3210/3037 2986/3157/2986 2985/3156/2985
f 3037/3210/3037 3036/3209/3036 3038/3211/3038 3039/3212/3039
f 3037/3210/3037 3039/3212/3039 2988/3159/2988 2986/3157/2986
f 3039/3212/3039 3038/3211/3038 3040/3213/3040 3041/3214/3041
f 3039/3212/3039 3041/3214/3041 2990/3161/2990 2988/3159/2988
f 3041/3214/3041 3040/3213/3040 3042/3215/3042 3043/3216/3043
f 3041/3214/3041 3043/3216/3043 2992/3163/2992 2990/3161/2990
f 3043/3216/3043 3042/3215/3042 3044/3217/3044 3045/3218/3045
f 3043/3216/3043 3045/3218/3045 2994/3165/2994 2992/3163/2992
f 3045/3218/3045 3044/3217/3044 3046/3219/3046 3047/3220/3047
f 3045/3218/3045 3047/3220/3047 2996/3167/2996 2994/3165/2994
f 3047/3220/3047 3046/3219/3046 3048/3221/3048 3049/3222/3049
f 3047/3220/3047 3049/3222/3049 2998/3169/2998 2996/3167/2996
f 3049/3222/3049 3048/3221/3048 3050/3223/3050 3003/3174/3003
f 3049/3222/3049 3003/3174/3003 3000/3171/3000 2998/3169/2998
f 3050/3223/3050 3048/3221/3048 3051/3224/3051 3052/3225/3052
f 3050/3223/3050 3052/3225/3052 3053/3226/3053 3054/3227/3054
f 3050/3223/3050 3054/3227/3054 3004/3175/3004 3003/3174/3003
f 3054/3227/3054 3053/3226/3053 3055/3228/3055 3056/3229/3056
f 3054/3227/3054 3056/3229/3056 3005/3176/3005 3004/3175/3004
f 3056/3229/3056 3055/3228/3055 3057/3230/3057 3058/3231/3058
f 3056/3229/3056 3058/3231/3058 3007/3178/3007 3005/3176/3005
f 3058/3231/3058 3057/3230/3057 3059/3232/3059 3060/3233/3060
f 3058/3231/3058 3060/3233/3060 3009/3180/3009 3007/3178/3007
f 3060/3234/3060 3059/3235/3059 3061/3236/3061 3062/3237/3062
f 3060/3234/3060 3062/3237/3062 3011/3184/3011 3009/3183/3009
f 3062/3237/3062 3061/3236/3061 3063/3238/3063 3064/3239/3064
f 3062/3237/3062 3064/3239/3064 3013/3186/3013 3011/3184/3011
f 3064/3239/3064 3063/3238/3063 3065/3240/3065 3066/3241/3066
f 3064/3239/3064 3066/3241/3066 3015/3188/3015 3013/3186/3013
f 3066/3241/3066 3065/3240/3065 3067/3242/3067 3068/3243/3068
f 3066/3241/3066 3068/3243/3068 3017/3190/3017 3015/3188/3015
f 3068/3243/3068 3067/3242/3067 3069/3244/3069 3070/3245/3070
f 3068/3243/3068 3070/3245/3070 3019/3192/3019 3017/3190/3017
f 3070/3245/3070 3069/3244/3069 3071/3246/3071 3072/3247/3072
f 3070/3245/3070 3072/3247/3072 3021/3194/3021 3019/3192/3019
f 3072/3247/3072 3071/3246/3071 3073/3248/3073 3074/3249/3074
f 3072/3247/3072 3074/3249/3074 3023/3196/3023 3021/3194/3021
f 3074/3249/3074 3073/3248/3073 3075/3250/3075 3076/3251/3076
f 3074/3249/3074 3076/3251/3076 3025/3198/3025 3023/3196/3023
f 3076/3251/3076 3075/3250/3075 3077/3252/3077 3078/3253/3078
f 3076/3251/3076 3078/3253/3078 3027/3200/3027 3025/3198/3025
f 3078/3253/3078 3077/3252/3077 3079/3254/3079 3032/3205/3032
f 3078/3253/3078 3032/3205/3032 3029/3202/3029 3027/3200/3027
f 3079/3254/3079 3077/3252/3077 3080/3255/3080 3081/3256/3081
f 3079/3254/3079 3081/3256/3081 3082/3257/3082 3083/3258/3083
f 3079/3254/3079 3083/3258/3083 3033/3206/3033 3032/3205/3032
f 3083/3258/3083 3082/3257/3082 3084/3259/3084 3085/3260/3085
f 3083/3258/3083 3085/3260/3085 3034/3207/3034 3033/3206/3033
f 3085/3260/3085 3084/3259/3084 3086/3261/3086 3087/3262/3087
f 3085/3260/3085 3087/3262/3087 3036/3209/3036 3034/3207/3034
f 3087/3262/3087 3086/3261/3086 3088/3263/3088 3089/3264/3089
f 3087/3262/3087 3089/3264/3089 3038/3211/3038 3036/3209/3036
f 3089/3264/3089 3088/3263/3088 3090/3265/3090 3091/3266/3091
f 3089/3264/3089 3091/3266/3091 3040/3213/3040 3038/3211/3038
f 3091/3266/3091 3090/3265/3090 3092/3267/3092 3093/3268/3093
f 3091/3266/3091 3093/3268/3093 3042/3215/3042 3040/3213/3040
f 3093/3268/3093 3092/3267/3092 3094/3269/3094 3095/3270/3095
f 3093/3268/3093 3095/3270/3095 3044/3217/3044 3042/3215/3042
f 3095/3270/3095 3094/3269/3094 3096/3271/3096 3097/3272/3097
f 3095/3270/3095 3097/3272/3097 3046/3219/3046 3044/3217/3044
f 3097/3272/3097 3096/3271/3096 3098/3273/3098 3051/3224/3051
f 3097/3272/3097 3051/3224/3051 3048/3221/3048 3046/3219/3046
f 3098/3273/3098 3096/3271/3096 3099/3274/3099 3100/3275/3100
f 3098/3273/3098 3100/3275/3100 3101/3276/3101 3102/3277/3102
f 3098/3273/3098 3102/3277/3102 3052/3225/3052 3051/3224/3051
f 3102/3277/3102 3101/3276/3101 3103/3278/3103 3104/3279/3104
f 3102/3277/3102 3104/3279/3104 3053/3226/3053 3052/3225/3052
f 3104/3279/3104 3103/3278/3103 3105/3280/3105 3106/3281/3106
f 3104/3279/3104 3106/3281/3106 3055/3228/3055 3053/3226/3053
f 3106/3281/3106 3105/3280/3105 3107/3282/3107 3108/3283/3108
f 3106/3281/3106 3108/3283/3108 3057/3230/3057 3055/3228/3055
f 3108/3283/3108 3107/3282/3107 3109/3284/3109 3110/3285/3110
f 3108/3283/3108 3110/3285/3110 3059/3232/3059 3057/3230/3057
f 3110/3286/3110 3109/3287/3109 3111/3288/3111 3112/3289/3112
f 3110/3286/3110 3112/3289/3112 3061/3236/3061 3059/3235/3059
f 3112/3289/3112 3111/3288/3111 3113/3290/3113 3114/3291/3114
f 3112/3289/3112 3114/3291/3114 3063/3238/3063 3061/3236/3061
f 3114/3291/3114 3113/3290/3113 3115/3292/3115 3116/3293/3116
f 3114/3291/3114 3116/3293/3116 3065/3240/3065 3063/3238/3063
f 3116/3293/3116 3115/3292/3115 3117/3294/3117 3118/3295/3118
f 3116/3293/3116 3118/3295/3118 3067/3242/3067 3065/3240/3065
f 3118/3295/3118 3117/3294/3117 3119/3296/3119 3120/3297/3120
f 3118/3295/3118 3120/3297/3120 3069/3244/3069 3067/3242/3067
f 3120/3297/3120 3119/3296/3119 3121/3298/3121 3122/3299/3122
f 3120/3297/3120 3122/3299/3122 3071/3246/3071 3069/3244/3069
f 3122/3299/3122 3121/3298/3121 3123/3300/3123 3124/3301/3124
f 3122/3299/3122 3124/3301/3124 3073/3248/3073 3071/3246/3071
f 3124/3301/3124 3123/3300/3123 3125/3302/3125 3126/3303/3126
f 3124/3301/3124 3126/3303/3126 3075/3250/3075 3073/3248/3073
f 3126/3303/3126 3125/3302/3125 3127/3304/3127 3080/3255/3080
f 3126/3303/3126 3080/3255/3080 3077/3252/3077 3075/3250/3075
f 3127/3304/3127 3125/3302/3125 3128/3305/3128 3129/3306/3129
f 3127/3304/3127 3129/3306/3129 3130/3307/3130 3131/3308/3131
f 3127/3304/3127 3131/3308/3131 3081/3256/3081 3080/3255/3080
f 3131/3308/3131 3130/3307/3130 3132/3309/3132 3133/3310/3133
f 3131/3308/3131 3133/3310/3133 3082/3257/3082 3081/3256/3081
f 3133/3310/3133 3132/3309/3132 3134/3311/3134 3135/3312/3135
f 3133/3310/3133 3135/3312/3135 3084/3259/3084 3082/3257/3082
f 3135/3312/3135 3134/3311/3134 3136/3313/3136 3137/3314/3137
f 3135/3312/3135 3137/3314/3137 3086/3261/3086 3084/3259/3084
f 3137/3314/3137 3136/3313/3136 3138/3315/3138 3139/3316/3139
f 3137/3314/3137 3139/3316/3139 3088/3263/3088 3086/3261/3086
f 3139/3316/3139 3138/3315/3138 3140/3317/3140 3141/3318/3141
f 3139/3316/3139 3141/3318/3141 3090/3265/3090 3088/3263/3088
f 3141/3318/3141 3140/3317/3140 3142/3319/3142 3143/3320/3143
f 3141/3318/3141 3143/3320/3143 3092/3267/3092 3090/3265/3090
f 3143/3320/3143 3142/3319/3142 3144/3321/3144 3145/3322/3145
f 3143/3320/3143 3145/3322/3145 3094/3269/3094 3092/3267/3092
f 3145/3322/3145 3144/3321/3144 3146/3323/3146 3099/3274/3099
f 3145/3322/3145 3099/3274/3099 3096/3271/3096 3094/3269/3094
f 3146/3323/3146 3144/3321/3144 3147/3324/3147 3148/3325/3148
f 3146/3323/3146 3148/3325/3148 3149/3326/3149 3150/3327/3150
f 3146/3323/3146 3150/3327/3150 3100/3275/3100 3099/3274/3099
f 3150/3327/3150 3149/3326/3149 3151/3328/3151 3152/3329/3152
f 3150/3327/3150 3152/3329/3152 3101/3276/3101 3100/3275/3100
f 3152/3329/3152 3151/3328/3151 3153/3330/3153 3154/3331/3154
f 3152/3329/3152 3154/3331/3154 3103/3278/3103 3101/3276/3101
f 3154/3331/3154 3153/3330/3153 3155/3332/3155 3156/3333/3156
f 3154/3331/3154 3156/3333/3156 3105/3280/3105 3103/3278/3103
f 3156/3333/3156 3155/3332/3155 3157/3334/3157 3158/3335/3158
f 3156/3333/3156 3158/3335/3158 3107/3282/3107 3105/3280/3105
f 3158/3335/3158 3157/3334/3157 3159/3336/3159 3160/3337/3160
f 3158/3335/3158 3160/3337/3160 3109/3284/3109 3107/3282/3107
f 3160/3338/3160 3159/3339/3159 3161/3340/3161 3162/3341/3162
f 3160/3338/3160 3162/3341/3162 3111/3288/3111 3109/3287/3109
f 3162/3341/3162 3161/3340/3161 3163/3342/3163 3164/3343/3164
f 3162/3341/3162 3164/3343/3164 3113/3290/3113 3111/3288/3111
f 3164/3343/3164 3163/3342/3163 3165/3344/3165 3166/3345/3166
f 3164/3343/3164 3166/3345/3166 3115/3292/3115 3113/3290/3113
f 3166/3345/3166 3165/3344/3165 3167/3346/3167 3168/3347/3168
f 3166/3345/3166 3168/3347/3168 3117/3294/3117 3115/3292/3115
f 3168/3347/3168 3167/3346/3167 3169/3348/3169 3170/3349/3170
f 3168/3347/3168 3170/3349/3170 3119/3296/3119 3117/3294/3117
f 3170/3349/3170 3169/3348/3169 3171/3350/3171 3172/3351/3172
f 3170/3349/3170 3172/3351/3172 3121/3298/3121 3119/3296/3119
f 3172/3351/3172 3171/3350/3171 3173/3352/3173 3174/3353/3174
f 3172/3351/3172 3174/3353/3174 3123/3300/3123 3121/3298/3121
f 3174/3353/3174 3173/3352/3173 3175/3354/3175 3128/3305/3128
f 3174/3353/3174 3128/3305/3128 3125/3302/3125 3123/3300/3123
f 3175/3354/3175 3173/3352/3173 3176/3355/3176 3177/3356/3177
f 3175/3354/3175 3177/3356/3177 3178/3357/3178 3179/3358/3179
f 3175/3354/3175 3179/3358/3179 3129/3306/3129 3128/3305/3128
f 3179/3358/3179 3178/3357/3178 3180/3359/3180 3181/3360/3181
f 3179/3358/3179 3181/3360/3181 3130/3307/3130 3129/3306/3129
f 3181/3360/3181 3180/3359/3180 3182/3361/3182 3183/3362/3183
f 3181/3360/3181 3183/3362/3183 3132/3309/3132 3130/3307/3130
f 3183/3362/3183 3182/3361/3182 3184/3363/3184 3185/3364/3185
f 3183/3362/3183 3185/3364/3185 3134/3311/3134 3132/3309/3132
f 3185/3364/3185 3184/3363/3184 3186/3365/3186 3187/3366/3187
f 3185/3364/3185 3187/3366/3187 3136/3313/3136 3134/3311/3134
f 3187/3366/3187 3186/3365/3186 3188/3367/3188 3189/3368/3189
f 3187/3366/3187 3189/3368/3189 3138/3315/3138 3136/3313/3136
f 3189/3368/3189 3188/3367/3188 3190/3369/3190 3191/3370/3191
f 3189/3368/3189 3191/3370/3191 3140/3317/3140 3138/3315/3138
f 3191/3370/3191 3190/3369/3190 3192/3371/3192 3193/3372/3193
f 3191/3370/3191 3193/3372/3193 3142/3319/3142 3140/3317/3140
f 3193/3372/3193 3192/3371/3192 3194/3373/3194 3147/3324/3147
f 3193/3372/3193 3147/3324/3147 3144/3321/3144 3142/3319/3142
f 3194/3373/3194 3192/3371/3192 3195/3374/3195 3196/3375/3196
f 3194/3373/3194 3196/3375/3196 3197/3376/3197 3198/3377/3198
f 3194/3373/3194 3198/3377/3198 3148/3325/3148 3147/3324/3147
f 3198/3377/3198 3197/3376/3197 3199/3378/3199 3200/3379/3200
f 3198/3377/3198 3200/3379/3200 3149/3326/3149 3148/3325/3148
f 3200/3379/3200 3199/3378/3199 3201/3380/3201 3202/3381/3202
f 3200/3379/3200 3202/3381/3202 3151/3328/3151 3149/3326/3149
f 3202/3381/3202 3201/3380/3201 3203/3382/3203 3204/3383/3204
f 3202/3381/3202 3204/3383/3204 3153/3330/3153 3151/3328/3151
f 3204/3383/3204 3203/3382/3203 3205/3384/3205 3206/3385/3206
f 3204/3383/3204 3206/3385/3206 3155/3332/3155 3153/3330/3153
f 3206/3385/3206 3205/3384/3205 3207/3386/3207 3208/3387/3208
f 3206/3385/3206 3208/3387/3208 3157/3334/3157 3155/3332/3155
f 3208/3387/3208 3207/3386/3207 3209/3388/3209 3210/3389/3210
f 3208/3387/3208 3210/3389/3210 3159/3336/3159 3157/3334/3157
f 3210/3390/3210 3209/3391/3209 3211/3392/3211 3212/3393/3212
f 3210/3390/3210 3212/3393/3212 3161/3340/3161 3159/3339/3159
f 3212/3393/3212 3211/3392/3211 3213/3394/3213 3214/3395/3214
f 3212/3393/3212 3214/3395/3214 3163/3342/3163 3161/3340/3161
f 3214/3395/3214 3213/3394/3213 3215/3396/3215 3216/3397/3216
f 3214/3395/3214 3216/3397/3216 3165/3344/3165 3163/3342/3163
f 3216/3397/3216 3215/3396/3215 3217/3398/3217 3218/3399/3218
f 3216/3397/3216 3218/3399/3218 3167/3346/3167 3165/3344/3165
f 3218/3399/3218 3217/3398/3217 3219/3400/3219 3220/3401/3220
f 3218/3399/3218 3220/3401/3220 3169/3348/3169 3167/3346/3167
f 3220/3401/3220 3219/3400/3219 3221/3402/3221 3222/3403/3222
f 3220/3401/3220 3222/3403/3222 3171/3350/3171 3169/3348/3169
f 3222/3403/3222 3221/3402/3221 3223/3404/3223 3176/3355/3176
f 3222/3403/3222 3176/3355/3176 3173/3352/3173 3171/3350/3171
f 3223/3404/3223 3221/3402/3221 3224/3405/3224 3225/3406/3225
f 3223/3404/3223 3225/3406/3225 3226/3407/3226 3227/3408/3227
f 3223/3404/3223 3227/3408/3227 3177/3356/3177 3176/3355/3176
f 3227/3408/3227 3226/3407/3226 3228/3409/3228 3229/3410/3229
f 3227/3408/3227 3229/3410/3229 3178/3357/3178 3177/3356/3177
f 3229/3410/3229 3228/3409/3228 3230/3411/3230 3231/3412/3231
f 3229/3410/3229 3231/3412/3231 3180/3359/3180 3178/3357/3178
f 3231/3412/3231 3230/3411/3230 3232/3413/3232 3233/3414/3233
f 3231/3412/3231 3233/3414/3233 3182/3361/3182 3180/3359/3180
f 3233/3414/3233 3232/3413/3232 3234/3415/3234 3235/3416/3235
f 3233/3414/3233 3235/3416/3235 3184/3363/3184 3182/3361/3182
f 3235/3416/3235 3234/3415/3234 3236/3417/3236 3237/3418/3237
f 3235/3416/3235 3237/3418/3237 3186/3365/3186 3184/3363/3184
f 3237/3418/3237 3236/3417/3236 3238/3419/3238 3239/3420/3239
f 3237/3418/3237 3239/3420/3239 3188/3367/3188 3186/3365/3186
f 3239/3420/3239 3238/3419/3238 3240/3421/3240 3241/3422/3241
f 3239/3420/3239 3241/3422/3241 3190/3369/3190 3188/3367/3188
f 3241/3422/3241 3240/3421/3240 3242/3423/3242 3195/3374/3195
f 3241/3422/3241 3195/3374/3195 3192/3371/3192 3190/3369/3190
f 3242/3423/3242 3240/3421/3240 3243/3424/3243 3244/3425/3244
f 3242/3423/3242 3244/3425/3244 3245/3426/3245 3246/3427/3246
f 3242/3423/3242 3246/3427/3246 3196/3375/3196 3195/3374/3195
f 3246/3427/3246 3245/3426/3245 3247/3428/3247 3248/3429/3248
f 3246/3427/3246 3248/3429/3248 3197/3376/3197 3196/3375/3196
f 3248/3429/3248 3247/3428/3247 3249/3430/3249 3250/3431/3250
f 3248/3429/3248 3250/3431/3250 3199/3378/3199 3197/3376/3197
f 3250/3431/3250 3249/3430/3249 3251/3432/3251 3252/3433/3252
f 3250/3431/3250 3252/3433/3252 3201/3380/3201 3199/3378/3199
f 3252/3433/3252 3251/3432/3251 3253/3434/3253 3254/3435/3254
f 3252/3433/3252 3254/3435/3254 3203/3382/3203 3201/3380/3201
f 3254/3435/3254 3253/3434/3253 3255/3436/3255 3256/3437/3256
f 3254/3435/3254 3256/3437/3256 3205/3384/3205 3203/3382/3203
f 3256/3437/3256 3255/3436/3255 118/118/118 3257/3438/3257
f 3256/3437/3256 3257/3438/3257 3207/3386/3207 3205/3384/3205
f 3257/3438/3257 118/118/118 117/117/117 3258/3439/3258
f 3257/3438/3257 3258/3439/3258 3209/3388/3209 3207/3386/3207
f 3258/3440/3258 117/115/117 116/114/116 3259/3441/3259
f 3258/3440/3258 3259/3441/3259 3211/3392/3211 3209/3391/3209
f 3259/3441/3259 116/114/116 3260/3442/3260 3261/3443/3261
f 3259/3441/3259 3261/3443/3261 3213/3394/3213 3211/3392/3211
f 3261/3443/3261 3260/3442/3260 3262/3444/3262 3263/3445/3263
f 3261/3443/3261 3263/3445/3263 3215/3396/3215 3213/3394/3213
f 3263/3445/3263 3262/3444/3262 3264/3446/3264 3265/3447/3265
f 3263/3445/3263 3265/3447/3265 3217/3398/3217 3215/3396/3215
f 3265/3447/3265 3264/3446/3264 3266/3448/3266 3267/3449/3267
f 3265/3447/3265 3267/3449/3267 3219/3400/3219 3217/3398/3217
f 3267/3449/3267 3266/3448/3266 3268/3450/3268 3224/3405/3224
f 3267/3449/3267 3224/3405/3224 3221/3402/3221 3219/3400/3219
f 3268/3450/3268 3266/3448/3266 3269/3451/3269 3270/3452/3270
f 3268/3450/3268 3270/3452/3270 3271/3453/3271 3272/3454/3272
f 3268/3450/3268 3272/3454/3272 3225/3406/3225 3224/3405/3224
f 3272/3454/3272 3271/3453/3271 3273/3455/3273 3274/3456/3274
f 3272/3454/3272 3274/3456/3274 3226/3407/3226 3225/3406/3225
f 3274/3456/3274 3273/3455/3273 3275/3457/3275 3276/3458/3276
f 3274/3456/3274 3276/3458/3276 3228/3409/3228 3226/3407/3226
f 3276/3458/3276 3275/3457/3275 3277/3459/3277 3278/3460/3278
f 3276/3458/3276 3278/3460/3278 3230/3411/3230 3228/3409/3228
f 3278/3460/3278 3277/3459/3277 3279/3461/3279 3280/3462/3280
f 3278/3460/3278 3280/3462/3280 3232/3413/3232 3230/3411/3230
f 3280/3462/3280 3279/3461/3279 3281/3463/3281 3282/3464/3282
f 3280/3462/3280 3282/3464/3282 3234/3415/3234 3232/3413/3232
f 3282/3464/3282 3281/3463/3281 3283/3465/3283 3284/3466/3284
f 3282/3464/3282 3284/3466/3284 3236/3417/3236 3234/3415/3234
f 3284/3466/3284 3283/3465/3283 3285/3467/3285 3286/3468/3286
f 3284/3466/3284 3286/3468/3286 3238/3419/3238 3236/3417/3236
f 3286/3468/3286 3285/3467/3285 3287/3469/3287 3243/3424/3243
f 3286/3468/3286 3243/3424/3243 3240/3421/3240 3238/3419/3238
f 3287/3469/3287 3285/3467/3285 3288/3470/3288 3289/3471/3289
f 3287/3469/3287 3289/3471/3289 3290/3472/3290 3291/3473/3291
f 3287/3469/3287 3291/3473/3291 3244/3425/3244 3243/3424/3243
f 3291/3473/3291 3290/3472/3290 3292/3474/3292 3293/3475/3293
f 3291/3473/3291 3293/3475/3293 3245/3426/3245 3244/3425/3244
f 3293/3475/3293 3292/3474/3292 3294/3476/3294 3295/3477/3295
f 3293/3475/3293 3295/3477/3295 3247/3428/3247 3245/3426/3245
f 3295/3477/3295 3294/3476/3294 3296/3478/3296 3297/3479/3297
f 3295/3477/3295 3297/3479/3297 3249/3430/3249 3247/3428/3247
f 3297/3479/3297 3296/3478/3296 3298/3480/3298 3299/3481/3299
f 3297/3479/3297 3299/3481/3299 3251/3432/3251 3249/3430/3249
f 3299/3481/3299 3298/3480/3298 3300/3482/3300 3301/3483/3301
f 3299/3481/3299 3301/3483/3301 3253/3434/3253 3251/3432/3251
f 3301/3483/3301 3300/3482/3300 3359/3484/3359 3363/3485/3363
f 3301/3483/3301 3363/3485/3363 3255/3436/3255 3253/3434/3253
f 3300/3482/3300 3298/3480/3298 3302/3486/3302 3303/3487/3303
f 3300/3482/3300 3303/3487/3303 3357/3488/3357 3359/3484/3359
f 3304/3489/3304 3305/3490/3305 3306/3491/3306 3307/3492/3307
f 3304/3489/3304 3307/3492/3307 111/120/111 3356/3493/3356
f 3307/3492/3307 3306/3491/3306 3308/3494/3308 3309/3495/3309
f 3307/3492/3307 3309/3495/3309 3362/121/3362 111/120/111
f 3309/3495/3309 3308/3494/3308 3264/3446/3264 3262/3444/3262
f 3309/3495/3309 3262/3444/3262 3260/3442/3260 3362/121/3362
f 3308/3494/3308 3306/3491/3306 3310/3496/3310 3269/3451/3269
f 3308/3494/3308 3269/3451/3269 3266/3448/3266 3264/3446/3264
f 3310/3496/3310 3306/3491/3306 3305/3490/3305 3311/3497/3311
f 3310/3496/3310 3311/3497/3311 3312/3498/3312 3313/3499/3313
f 3310/3496/3310 3313/3499/3313 3270/3452/3270 3269/3451/3269
f 3313/3499/3313 3312/3498/3312 3314/3500/3314 3315/3501/3315
f 3313/3499/3313 3315/3501/3315 3271/3453/3271 3270/3452/3270
f 3315/3501/3315 3314/3500/3314 3316/3502/3316 3317/3503/3317
f 3315/3501/3315 3317/3503/3317 3273/3455/3273 3271/3453/3271
f 3317/3503/3317 3316/3502/3316 3318/3504/3318 3319/3505/3319
f 3317/3503/3317 3319/3505/3319 3275/3457/3275 3273/3455/3273
f 3319/3505/3319 3318/3504/3318 3320/3506/3320 3321/3507/3321
f 3319/3505/3319 3321/3507/3321 3277/3459/3277 3275/3457/3275
f 3321/3507/3321 3320/3506/3320 3322/3508/3322 3323/3509/3323
f 3321/3507/3321 3323/3509/3323 3279/3461/3279 3277/3459/3277
f 3323/3509/3323 3322/3508/3322 3324/3510/3324 3325/3511/3325
f 3323/3509/3323 3325/3511/3325 3281/3463/3281 3279/3461/3279
f 3325/3511/3325 3324/3510/3324 3326/3512/3326 3327/3513/3327
f 3325/3511/3325 3327/3513/3327 3283/3465/3283 3281/3463/3281
f 3327/3513/3327 3326/3512/3326 3328/3514/3328 3288/3470/3288
f 3327/3513/3327 3288/3470/3288 3285/3467/3285 3283/3465/3283
f 3328/3514/3328 3329/3515/3329 3289/3471/3289 3288/3470/3288
f 3329/3515/3329 3330/3516/3330 3290/3472/3290 3289/3471/3289
f 3330/3516/3330 3331/3517/3331 3292/3474/3292 3290/3472/3290
f 3331/3517/3331 3332/3518/3332 3294/3476/3294 3292/3474/3292
f 3332/3518/3332 3333/3519/3333 3296/3478/3296 3294/3476/3294
f 3333/3519/3333 3302/3486/3302 3298/3480/3298 3296/3478/3296
f 3260/3442/3260 116/114/116 3360/113/3360 3362/121/3362
f 3255/3436/3255 3363/3485/3363 3361/119/3361 118/118/118
f 2981/3152/2981 2978/3149/2978 2976/3147/2976 2975/3146/2975
f 2928/3097/2928 2925/3094/2925 2923/3092/2923 2922/3091/2922
f 2844/3008/2844 2841/3005/2841 2839/3003/2839 2838/3002/2838
f 2819/2983/2819 2816/2980/2816 2814/2978/2814 2813/2977/2813
f 2785/2947/2785 321/360/321 319/358/319 318/357/318
f 297/334/297 295/333/295 283/315/283 282/314/282
f 234/250/234 63/59/63 7/58/7 229/245/229
f 231/247/231 230/246/230 74/71/74 73/70/73
f 230/246/230 227/243/227 62/57/62 59/54/59
f 230/246/230 59/54/59 58/53/58 74/71/74
f 222/238/222 54/48/54 49/43/49 217/233/217
f 181/192/181 52/46/52 56/50/56 176/187/176
f 172/183/172 171/182/171 56/50/56 55/49/55
f 45/38/45 28/19/28 27/18/27 37/29/37
f 86/84/86 2783/3520/2783 80/78/80 9/77/9
f 2783/2945/2783 254/281/254 253/279/253 80/278/80
f 3364/122/3364 3360/113/3360 112/112/112 3365/3521/3365
f 3365/3522/3365 112/116/112 3361/119/3361 3366/3523/3366
f 3366/3523/3366 3361/119/3361 3363/3485/3363 3359/3484/3359
f 3356/3493/3356 111/120/111 3364/122/3364 13/3524/13
f 13/3524/13 3364/122/3364 3365/3521/3365 3355/3525/3355
f 3355/3526/3355 3365/3522/3365 3366/3523/3366 3358/3527/3358
f 3358/3527/3358 3366/3523/3366 3359/3484/3359 3357/3488/3357
f 3381/3528/3381 3367/3529/3367 3402/3530/3402
f 3381/3528/3381 3368/3531/3368 3367/3529/3367
f 3368/3531/3368 3381/3528/3381 3384/3532/3384
f 3368/3533/3368 3385/3534/3385 3369/3535/3369 3367/3536/3367
f 3368/3533/3368 3384/3537/3384 3394/3538/3394 3385/3534/3385
f 3394/3538/3394 3384/3537/3384 3370/3539/3370 3416/3540/3416
f 3409/3541/3409 3371/3542/3371 3417/3543/3417 3413/3544/3413
f 3409/3541/3409 3416/3540/3416 3370/3539/3370 3371/3542/3371
f 3395/3545/3395 3403/3546/3403 3410/3547/3410 3404/3548/3404
f 3395/3545/3395 3413/3544/3413 3417/3543/3417 3403/3546/3403
f 3372/3549/3372 3386/3550/3386 3396/3551/3396 3387/3552/3387
f 3372/3549/3372 3404/3553/3404 3410/3554/3410 3386/3550/3386
f 3397/3555/3397 3388/3556/3388 3374/3557/3374 3373/3558/3373
f 3397/3555/3397 3387/3552/3387 3396/3551/3396 3388/3556/3388
f 3375/3559/3375 3383/3560/3383 3418/3561/3418 3414/3562/3414
f 3375/3559/3375 3373/3558/3373 3374/3557/3374 3383/3560/3383
f 3398/3563/3398 3405/3564/3405 3411/3565/3411 3406/3566/3406
f 3398/3563/3398 3414/3562/3414 3418/3561/3418 3405/3564/3405
f 3376/3567/3376 3389/3568/3389 3399/3569/3399 3390/3570/3390
f 3376/3567/3376 3406/3566/3406 3411/3565/3411 3389/3568/3389
f 3400/3571/3400 3391/3572/3391 3378/3573/3378 3377/3574/3377
f 3400/3571/3400 3390/3570/3390 3399/3569/3399 3391/3572/3391
f 3379/3575/3379 3382/3576/3382 3419/3577/3419 3415/3578/3415
f 3379/3575/3379 3377/3574/3377 3378/3573/3378 3382/3576/3382
f 3401/3579/3401 3407/3580/3407 3412/3581/3412 3408/3582/3408
f 3401/3579/3401 3415/3578/3415 3419/3577/3419 3407/3580/3407
f 3380/3583/3380 3392/3584/3392 3402/3585/3402 3393/3586/3393
f 3380/3583/3380 3408/3582/3408 3412/3581/3412 3392/3584/3392
f 3392/3587/3392 3381/3528/3381 3402/3530/3402
f 3392/3587/3392 3412/3588/3412 3381/3528/3381
f 3381/3528/3381 3412/3588/3412 3407/3589/3407
f 3381/3528/3381 3407/3589/3407 3419/3590/3419
f 3381/3528/3381 3419/3590/3419 3382/3591/3382
f 3381/3528/3381 3382/3591/3382 3378/3592/3378
f 3381/3528/3381 3378/3592/3378 3391/3593/3391
f 3381/3528/3381 3391/3593/3391 3399/3594/3399
f 3381/3528/3381 3399/3594/3399 3389/3595/3389
f 3381/3528/3381 3389/3595/3389 3411/3596/3411
f 3381/3528/3381 3411/3596/3411 3405/3597/3405
f 3381/3528/3381 3405/3597/3405 3418/3598/3418
f 3381/3528/3381 3418/3598/3418 3383/3599/3383
f 3381/3528/3381 3383/3599/3383 3374/3600/3374
f 3381/3528/3381 3374/3600/3374 3388/3601/3388
f 3381/3528/3381 3388/3601/3388 3396/3602/3396
f 3381/3528/3381 3396/3602/3396 3386/3603/3386
f 3381/3528/3381 3386/3603/3386 3410/3604/3410
f 3381/3528/3381 3410/3605/3410 3403/3606/3403
f 3381/3528/3381 3403/3606/3403 3417/3607/3417
f 3381/3528/3381 3417/3607/3417 3371/3608/3371
f 3381/3528/3381 3371/3608/3371 3370/3609/3370
f 3381/3528/3381 3370/3609/3370 3384/3532/3384
f 3393/3586/3393 3402/3585/3402 3367/3536/3367 3369/3535/3369
f 3420/3610/3420 730/3611/730 731/3612/731 3423/3613/3423
f 3423/3613/3423 731/3612/731 732/3614/732 3425/3615/3425
f 3425/3615/3425 732/3614/732 733/3616/733 3427/3617/3427
f 3427/3617/3427 733/3616/733 708/3618/708 3429/3619/3429
f 3429/3619/3429 708/3618/708 709/3620/709 3431/3621/3431
f 3431/3621/3431 709/3620/709 710/3622/710 3433/3623/3433
f 3433/3623/3433 710/3622/710 711/3624/711 3435/3625/3435
f 3435/3625/3435 711/3624/711 712/3626/712 3437/3627/3437
f 3437/3627/3437 712/3626/712 713/3628/713 3439/3629/3439
f 3439/3629/3439 713/3628/713 714/3630/714 3441/3631/3441
f 3441/3632/3441 714/3633/714 715/3634/715 3443/3635/3443
f 3443/3635/3443 715/3634/715 716/3636/716 3445/3637/3445
f 3445/3637/3445 716/3636/716 717/3638/717 3447/3639/3447
f 3447/3639/3447 717/3638/717 718/3640/718 3449/3641/3449
f 3449/3641/3449 718/3640/718 719/3642/719 3451/3643/3451
f 3451/3643/3451 719/3642/719 720/3644/720 3453/3645/3453
f 3453/3645/3453 720/3644/720 721/3646/721 3455/3647/3455
f 3455/3647/3455 721/3646/721 722/3648/722 3457/3649/3457
f 3457/3649/3457 722/3648/722 723/3650/723 3459/3651/3459
f 3459/3651/3459 723/3650/723 724/3652/724 3461/3653/3461
f 3461/3653/3461 724/3652/724 725/3654/725 3463/3655/3463
f 3463/3655/3463 725/3654/725 726/3656/726 3465/3657/3465
f 3465/3657/3465 726/3656/726 727/3658/727 3467/3659/3467
f 3467/3659/3467 727/3658/727 728/3660/728 3469/3661/3469
f 3469/3661/3469 728/3660/728 729/3662/729 3471/3663/3471
f 3471/3663/3471 729/3662/729 730/3611/730 3420/3610/3420
f 736/3664/736 3470/3665/3470 3421/3666/3421 734/3667/734
f 3470/3665/3470 3471/3663/3471 3420/3610/3420 3421/3666/3421
f 738/3668/738 3468/3669/3468 3470/3665/3470 736/3664/736
f 3468/3669/3468 3469/3661/3469 3471/3663/3471 3470/3665/3470
f 740/3670/740 3466/3671/3466 3468/3669/3468 738/3668/738
f 3466/3671/3466 3467/3659/3467 3469/3661/3469 3468/3669/3468
f 742/3672/742 3464/3673/3464 3466/3671/3466 740/3670/740
f 3464/3673/3464 3465/3657/3465 3467/3659/3467 3466/3671/3466
f 744/3674/744 3462/3675/3462 3464/3673/3464 742/3672/742
f 3462/3675/3462 3463/3655/3463 3465/3657/3465 3464/3673/3464
f 746/3676/746 3460/3677/3460 3462/3675/3462 744/3674/744
f 3460/3677/3460 3461/3653/3461 3463/3655/3463 3462/3675/3462
f 748/3678/748 3458/3679/3458 3460/3677/3460 746/3676/746
f 3458/3679/3458 3459/3651/3459 3461/3653/3461 3460/3677/3460
f 750/3680/750 3456/3681/3456 3458/3679/3458 748/3678/748
f 3456/3681/3456 3457/3649/3457 3459/3651/3459 3458/3679/3458
f 752/3682/752 3454/3683/3454 3456/3681/3456 750/3680/750
f 3454/3683/3454 3455/3647/3455 3457/3649/3457 3456/3681/3456
f 754/3684/754 3452/3685/3452 3454/3683/3454 752/3682/752
f 3452/3685/3452 3453/3645/3453 3455/3647/3455 3454/3683/3454
f 756/3686/756 3450/3687/3450 3452/3685/3452 754/3684/754
f 3450/3687/3450 3451/3643/3451 3453/3645/3453 3452/3685/3452
f 758/3688/758 3448/3689/3448 3450/3687/3450 756/3686/756
f 3448/3689/3448 3449/3641/3449 3451/3643/3451 3450/3687/3450
f 760/3690/760 3446/3691/3446 3448/3689/3448 758/3688/758
f 3446/3691/3446 3447/3639/3447 3449/3641/3449 3448/3689/3448
f 762/3692/762 3444/3693/3444 3446/3691/3446 760/3690/760
f 3444/3693/3444 3445/3637/3445 3447/3639/3447 3446/3691/3446
f 764/3694/764 3442/3695/3442 3444/3693/3444 762/3692/762
f 3442/3695/3442 3443/3635/3443 3445/3637/3445 3444/3693/3444
f 766/3696/766 3440/3697/3440 3442/3695/3442 764/3694/764
f 3440/3697/3440 3441/3632/3441 3443/3635/3443 3442/3695/3442
f 768/3698/768 3438/3699/3438 3440/3700/3440 766/3701/766
f 3438/3699/3438 3439/3629/3439 3441/3631/3441 3440/3700/3440
f 770/3702/770 3436/3703/3436 3438/3699/3438 768/3698/768
f 3436/3703/3436 3437/3627/3437 3439/3629/3439 3438/3699/3438
f 772/3704/772 3434/3705/3434 3436/3703/3436 770/3702/770
f 3434/3705/3434 3435/3625/3435 3437/3627/3437 3436/3703/3436
f 774/3706/774 3432/3707/3432 3434/3705/3434 772/3704/772
f 3432/3707/3432 3433/3623/3433 3435/3625/3435 3434/3705/3434
f 707/3708/707 3430/3709/3430 3432/3707/3432 774/3706/774
f 3430/3709/3430 3431/3621/3431 3433/3623/3433 3432/3707/3432
f 705/3710/705 3428/3711/3428 3430/3709/3430 707/3708/707
f 3428/3711/3428 3429/3619/3429 3431/3621/3431 3430/3709/3430
f 704/3712/704 3426/3713/3426 3428/3711/3428 705/3710/705
f 3426/3713/3426 3427/3617/3427 3429/3619/3429 3428/3711/3428
f 703/3714/703 3424/3715/3424 3426/3713/3426 704/3712/704
f 3424/3715/3424 3425/3615/3425 3427/3617/3427 3426/3713/3426
f 702/3716/702 3422/3717/3422 3424/3715/3424 703/3714/703
f 3422/3717/3422 3423/3613/3423 3425/3615/3425 3424/3715/3424
f 734/3667/734 3421/3666/3421 3422/3717/3422 702/3716/702
f 3421/3666/3421 3420/3610/3420 3423/3613/3423 3422/3717/3422
f 3473/3718/3473 3474/3719/3474 3475/3720/3475 3472/3721/3472
f 3479/3722/3479 3480/3723/3480 3481/3724/3481 3478/3725/3478
f 3485/3726/3485 3486/3727/3486 3487/3728/3487 3484/3729/3484
f 3489/3730/3489 3490/3731/3490 3491/3732/3491 3488/3733/3488
f 3493/3734/3493 3494/3735/3494 3495/3736/3495 3492/3737/3492
f 3497/3738/3497 3498/3739/3498 3499/3740/3499 3496/3741/3496
f 3501/3742/3501 3502/3743/3502 3503/3744/3503 3500/3745/3500
f 3488/3733/3488 3504/3746/3504 3505/3747/3505 3489/3730/3489
f 3490/3731/3490 3506/3748/3506 3507/3749/3507 3491/3732/3491
f 3494/3735/3494 3508/3750/3508 3509/3751/3509 3495/3736/3495
f 3498/3739/3498 3510/3752/3510 3511/3753/3511 3499/3740/3499
f 3502/3743/3502 3512/3754/3512 3513/3755/3513 3503/3744/3503
f 3506/3748/3506 3514/3756/3514 3515/3757/3515 3507/3749/3507
f 3477/3758/3477 3516/3759/3516 3517/3760/3517 3476/3761/3476
f 3483/3762/3483 3518/3763/3518 3519/3764/3519 3482/3765/3482
f 3514/3756/3514 3493/3734/3493 3492/3737/3492 3515/3757/3515
f 3516/3759/3516 3497/3738/3497 3496/3741/3496 3517/3760/3517
f 3518/3763/3518 3501/3742/3501 3500/3745/3500 3519/3764/3519
f 3486/3727/3486 3505/3747/3505 3504/3746/3504 3487/3728/3487
f 3474/3719/3474 3520/3766/3520 3521/3767/3521 3475/3720/3475
f 3480/3723/3480 3522/3768/3522 3523/3769/3523 3481/3724/3481
f 3520/3766/3520 3477/3758/3477 3476/3761/3476 3521/3767/3521
f 3522/3768/3522 3483/3762/3483 3482/3765/3482 3523/3769/3523
f 3508/3770/3508 3473/3718/3473 3472/3721/3472 3509/3771/3509
f 3510/3752/3510 3479/3722/3479 3478/3725/3478 3511/3753/3511
f 3512/3754/3512 3485/3726/3485 3484/3729/3484 3513/3755/3513
f 715/3634/715 3472/3721/3472 3475/3720/3475 716/3636/716
f 3508/3772/3508 3404/3553/3404 3372/3549/3372 3473/3773/3473
f 714/3633/714 3509/3771/3509 3472/3721/3472 715/3634/715
f 3372/3549/3372 3387/3552/3387 3474/3774/3474 3473/3773/3473
f 3474/3774/3474 3387/3552/3387 3397/3555/3397 3520/3775/3520
f 716/3636/716 3475/3720/3475 3521/3767/3521 717/3638/717
f 718/3640/718 3476/3761/3476 3517/3760/3517 719/3642/719
f 3397/3555/3397 3373/3558/3373 3477/3776/3477 3520/3775/3520
f 717/3638/717 3521/3767/3521 3476/3761/3476 718/3640/718
f 3477/3776/3477 3373/3558/3373 3375/3559/3375 3516/3777/3516
f 723/3650/723 3478/3725/3478 3481/3724/3481 724/3652/724
f 3510/3778/3510 3406/3566/3406 3376/3567/3376 3479/3779/3479
f 722/3648/722 3511/3753/3511 3478/3725/3478 723/3650/723
f 3376/3567/3376 3390/3570/3390 3480/3780/3480 3479/3779/3479
f 3480/3780/3480 3390/3570/3390 3400/3571/3400 3522/3781/3522
f 724/3652/724 3481/3724/3481 3523/3769/3523 725/3654/725
f 726/3656/726 3482/3765/3482 3519/3764/3519 727/3658/727
f 3400/3571/3400 3377/3574/3377 3483/3782/3483 3522/3781/3522
f 725/3654/725 3523/3769/3523 3482/3765/3482 726/3656/726
f 3483/3782/3483 3377/3574/3377 3379/3575/3379 3518/3783/3518
f 731/3612/731 3484/3729/3484 3487/3728/3487 732/3614/732
f 3512/3784/3512 3408/3582/3408 3380/3583/3380 3485/3785/3485
f 730/3611/730 3513/3755/3513 3484/3729/3484 731/3612/731
f 3380/3583/3380 3393/3586/3393 3486/3786/3486 3485/3785/3485
f 3486/3786/3486 3393/3586/3393 3369/3535/3369 3505/3787/3505
f 732/3614/732 3487/3728/3487 3504/3746/3504 733/3616/733
f 733/3616/733 3504/3746/3504 3488/3733/3488 708/3618/708
f 708/3618/708 3488/3733/3488 3491/3732/3491 709/3620/709
f 3505/3787/3505 3369/3535/3369 3385/3534/3385 3489/3788/3489
f 3394/3538/3394 3490/3789/3490 3489/3788/3489 3385/3534/3385
f 709/3620/709 3491/3732/3491 3507/3749/3507 710/3622/710
f 3394/3538/3394 3416/3540/3416 3506/3790/3506 3490/3789/3490
f 711/3624/711 3515/3757/3515 3492/3737/3492 712/3626/712
f 712/3626/712 3492/3737/3492 3495/3736/3495 713/3628/713
f 3409/3541/3409 3413/3544/3413 3493/3791/3493 3514/3792/3514
f 3493/3791/3493 3413/3544/3413 3395/3545/3395 3494/3793/3494
f 3395/3545/3395 3404/3548/3404 3508/3794/3508 3494/3793/3494
f 713/3628/713 3495/3736/3495 3509/3751/3509 714/3630/714
f 719/3642/719 3517/3760/3517 3496/3741/3496 720/3644/720
f 720/3644/720 3496/3741/3496 3499/3740/3499 721/3646/721
f 3375/3559/3375 3414/3562/3414 3497/3795/3497 3516/3777/3516
f 3497/3795/3497 3414/3562/3414 3398/3563/3398 3498/3796/3498
f 3398/3563/3398 3406/3566/3406 3510/3778/3510 3498/3796/3498
f 721/3646/721 3499/3740/3499 3511/3753/3511 722/3648/722
f 727/3658/727 3519/3764/3519 3500/3745/3500 728/3660/728
f 728/3660/728 3500/3745/3500 3503/3744/3503 729/3662/729
f 3379/3575/3379 3415/3578/3415 3501/3797/3501 3518/3783/3518
f 3501/3797/3501 3415/3578/3415 3401/3579/3401 3502/3798/3502
f 729/3662/729 3503/3744/3503 3513/3755/3513 730/3611/730
f 3401/3579/3401 3408/3582/3408 3512/3784/3512 3502/3798/3502
f 710/3622/710 3507/3749/3507 3515/3757/3515 711/3624/711
f 3506/3790/3506 3416/3540/3416 3409/3541/3409 3514/3792/3514
f 3566/3799/3566 3525/3800/3525 3563/3801/3563
f 3524/3802/3524 3566/3803/3566 3563/3804/3563 3562/3805/3562
f 3539/3806/3539 3553/3807/3553 3571/3808/3571 3540/3809/3540
f 3525/3800/3525 3527/3810/3527 3526/3811/3526
f 3525/3800/3525 3566/3799/3566 3527/3810/3527
f 3566/3803/3566 3524/3802/3524 3538/3812/3538 3527/3813/3527
f 3553/3814/3553 3525/3800/3525 3571/3815/3571
f 3561/3816/3561 3525/3800/3525 3553/3814/3553
f 3562/3817/3562 3563/3818/3563 3561/3819/3561 3560/3820/3560
f 3571/3808/3571 3542/3821/3542 3541/3822/3541 3540/3809/3540
f 3571/3815/3571 3525/3800/3525 3542/3823/3542
f 3525/3800/3525 3554/3824/3554 3542/3823/3542
f 3525/3800/3525 3567/3825/3567 3555/3826/3555
f 3525/3800/3525 3572/3827/3572 3567/3825/3567
f 3525/3800/3525 3543/3828/3543 3572/3827/3572
f 3525/3800/3525 3544/3829/3544 3543/3828/3543
f 3525/3800/3525 3564/3830/3564 3544/3829/3544
f 3525/3800/3525 3528/3831/3528 3564/3830/3564
f 3525/3800/3525 3526/3811/3526 3528/3831/3528
f 3528/3832/3528 3546/3833/3546 3545/3834/3545 3564/3835/3564
f 3528/3832/3528 3526/3836/3526 3529/3837/3529 3546/3833/3546
f 3529/3837/3529 3526/3836/3526 3527/3813/3527 3538/3812/3538
f 3563/3838/3563 3525/3800/3525 3561/3816/3561
f 3547/3839/3547 3554/3840/3554 3565/3841/3565 3568/3842/3568
f 3547/3839/3547 3541/3822/3541 3542/3821/3542 3554/3840/3554
f 3565/3841/3565 3531/3843/3531 3530/3844/3530 3568/3842/3568
f 3565/3845/3565 3525/3800/3525 3531/3846/3531
f 3565/3845/3565 3554/3824/3554 3525/3800/3525
f 3531/3843/3531 3548/3847/3548 3532/3848/3532 3530/3844/3530
f 3531/3846/3531 3525/3800/3525 3548/3849/3548
f 3548/3847/3548 3533/3850/3533 3556/3851/3556 3532/3848/3532
f 3548/3849/3548 3525/3800/3525 3533/3852/3533
f 3533/3850/3533 3557/3853/3557 3569/3854/3569 3556/3851/3556
f 3533/3852/3533 3525/3800/3525 3557/3855/3557
f 3557/3853/3557 3535/3856/3535 3534/3857/3534 3569/3854/3569
f 3557/3855/3557 3525/3800/3525 3535/3858/3535
f 3535/3856/3535 3549/3859/3549 3536/3860/3536 3534/3857/3534
f 3535/3858/3535 3525/3800/3525 3549/3861/3549
f 3549/3859/3549 3537/3862/3537 3558/3863/3558 3536/3860/3536
f 3549/3861/3549 3525/3800/3525 3537/3864/3537
f 3537/3862/3537 3555/3865/3555 3570/3866/3570 3558/3863/3558
f 3537/3864/3537 3525/3800/3525 3555/3826/3555
f 3570/3866/3570 3555/3865/3555 3567/3867/3567 3550/3868/3550
f 3550/3868/3550 3567/3867/3567 3572/3869/3572 3559/3870/3559
f 3559/3870/3559 3572/3869/3572 3543/3871/3543 3551/3872/3551
f 3551/3872/3551 3543/3871/3543 3544/3873/3544 3552/3874/3552
f 3552/3874/3552 3544/3873/3544 3564/3835/3564 3545/3834/3545
f 3560/3820/3560 3561/3819/3561 3553/3807/3553 3539/3806/3539
f 3573/3875/3573 3326/3876/3326 3324/3877/3324 3576/3878/3576
f 3576/3878/3576 3324/3877/3324 3322/3879/3322 3578/3880/3578
f 3578/3880/3578 3322/3879/3322 3320/3881/3320 3580/3882/3580
f 3580/3882/3580 3320/3881/3320 3318/3883/3318 3582/3884/3582
f 3582/3884/3582 3318/3883/3318 3316/3885/3316 3584/3886/3584
f 3584/3886/3584 3316/3885/3316 3314/3887/3314 3586/3888/3586
f 3586/3888/3586 3314/3887/3314 3312/3889/3312 3588/3890/3588
f 3588/3890/3588 3312/3889/3312 3311/3891/3311 3590/3892/3590
f 3590/3892/3590 3311/3891/3311 3305/3893/3305 3592/3894/3592
f 3592/3894/3592 3305/3893/3305 3304/3895/3304 3594/3896/3594
f 3594/3896/3594 3304/3895/3304 3356/3897/3356 3596/3898/3596
f 3596/3898/3596 3356/3897/3356 13/3899/13 3598/3900/3598
f 3598/3900/3598 13/3899/13 3355/3901/3355 3600/3902/3600
f 3600/3903/3600 3355/3904/3355 3358/3905/3358 3602/3906/3602
f 3602/3906/3602 3358/3905/3358 3357/3907/3357 3604/3908/3604
f 3604/3908/3604 3357/3907/3357 3303/3909/3303 3606/3910/3606
f 3606/3910/3606 3303/3909/3303 3302/3911/3302 3608/3912/3608
f 3608/3912/3608 3302/3911/3302 3333/3913/3333 3610/3914/3610
f 3610/3914/3610 3333/3913/3333 3332/3915/3332 3612/3916/3612
f 3612/3916/3612 3332/3915/3332 3331/3917/3331 3614/3918/3614
f 3614/3918/3614 3331/3917/3331 3330/3919/3330 3616/3920/3616
f 3616/3920/3616 3330/3919/3330 3329/3921/3329 3618/3922/3618
f 3618/3922/3618 3329/3921/3329 3328/3923/3328 3620/3924/3620
f 3620/3924/3620 3328/3923/3328 3326/3876/3326 3573/3875/3573
f 3341/3925/3341 3619/3926/3619 3574/3927/3574 3340/3928/3340
f 3619/3926/3619 3620/3924/3620 3573/3875/3573 3574/3927/3574
f 3342/3929/3342 3617/3930/3617 3619/3926/3619 3341/3925/3341
f 3617/3930/3617 3618/3922/3618 3620/3924/3620 3619/3926/3619
f 3343/3931/3343 3615/3932/3615 3617/3930/3617 3342/3929/3342
f 3615/3932/3615 3616/3920/3616 3618/3922/3618 3617/3930/3617
f 3344/3933/3344 3613/3934/3613 3615/3932/3615 3343/3931/3343
f 3613/3934/3613 3614/3918/3614 3616/3920/3616 3615/3932/3615
f 3345/3935/3345 3611/3936/3611 3613/3934/3613 3344/3933/3344
f 3611/3936/3611 3612/3916/3612 3614/3918/3614 3613/3934/3613
f 3346/3937/3346 3609/3938/3609 3611/3936/3611 3345/3935/3345
f 3609/3938/3609 3610/3914/3610 3612/3916/3612 3611/3936/3611
f 3334/3939/3334 3607/3940/3607 3609/3938/3609 3346/3937/3346
f 3607/3940/3607 3608/3912/3608 3610/3914/3610 3609/3938/3609
f 3335/3941/3335 3605/3942/3605 3607/3940/3607 3334/3939/3334
f 3605/3942/3605 3606/3910/3606 3608/3912/3608 3607/3940/3607
f 3336/3943/3336 3603/3944/3603 3605/3942/3605 3335/3941/3335
f 3603/3944/3603 3604/3908/3604 3606/3910/3606 3605/3942/3605
f 3353/3945/3353 3601/3946/3601 3603/3944/3603 3336/3943/3336
f 3601/3946/3601 3602/3906/3602 3604/3908/3604 3603/3944/3603
f 115/3947/115 3599/3948/3599 3601/3946/3601 3353/3945/3353
f 3599/3948/3599 3600/3903/3600 3602/3906/3602 3601/3946/3601
f 114/3949/114 3597/3950/3597 3599/3951/3599 115/3952/115
f 3597/3950/3597 3598/3900/3598 3600/3902/3600 3599/3951/3599
f 113/3953/113 3595/3954/3595 3597/3950/3597 114/3949/114
f 3595/3954/3595 3596/3898/3596 3598/3900/3598 3597/3950/3597
f 3354/3955/3354 3593/3956/3593 3595/3954/3595 113/3953/113
f 3593/3956/3593 3594/3896/3594 3596/3898/3596 3595/3954/3595
f 3337/3957/3337 3591/3958/3591 3593/3956/3593 3354/3955/3354
f 3591/3958/3591 3592/3894/3592 3594/3896/3594 3593/3956/3593
f 3338/3959/3338 3589/3960/3589 3591/3958/3591 3337/3957/3337
f 3589/3960/3589 3590/3892/3590 3592/3894/3592 3591/3958/3591
f 3339/3961/3339 3587/3962/3587 3589/3960/3589 3338/3959/3338
f 3587/3962/3587 3588/3890/3588 3590/3892/3590 3589/3960/3589
f 3352/3963/3352 3585/3964/3585 3587/3962/3587 3339/3961/3339
f 3585/3964/3585 3586/3888/3586 3588/3890/3588 3587/3962/3587
f 3351/3965/3351 3583/3966/3583 3585/3964/3585 3352/3963/3352
f 3583/3966/3583 3584/3886/3584 3586/3888/3586 3585/3964/3585
f 3350/3967/3350 3581/3968/3581 3583/3966/3583 3351/3965/3351
f 3581/3968/3581 3582/3884/3582 3584/3886/3584 3583/3966/3583
f 3349/3969/3349 3579/3970/3579 3581/3968/3581 3350/3967/3350
f 3579/3970/3579 3580/3882/3580 3582/3884/3582 3581/3968/3581
f 3348/3971/3348 3577/3972/3577 3579/3970/3579 3349/3969/3349
f 3577/3972/3577 3578/3880/3578 3580/3882/3580 3579/3970/3579
f 3347/3973/3347 3575/3974/3575 3577/3972/3577 3348/3971/3348
f 3575/3974/3575 3576/3878/3576 3578/3880/3578 3577/3972/3577
f 3340/3928/3340 3574/3927/3574 3575/3974/3575 3347/3973/3347
f 3574/3927/3574 3573/3875/3573 3576/3878/3576 3575/3974/3575
f 3624/3975/3624 3625/3976/3625 3626/3977/3626 3623/3978/3623
f 3632/3979/3632 3633/3980/3633 3634/3981/3634 3631/3982/3631
f 3625/3976/3625 3635/3983/3635 3636/3984/3636 3626/3977/3626
f 3633/3980/3633 3641/3985/3641 3642/3986/3642 3634/3981/3634
f 3644/3987/3644 3627/3988/3627 3628/3989/3628 3643/3990/3643
f 3641/3985/3641 3651/3991/3651 3652/3992/3652 3642/3986/3642
f 3635/3983/3635 3653/3993/3653 3654/3994/3654 3636/3984/3636
f 3627/3988/3627 3655/3995/3655 3656/3996/3656 3628/3989/3628
f 3640/3997/3640 3647/3998/3647 3648/3999/3648 3639/4000/3639
f 3639/4000/3639 3637/4001/3637 3638/4002/3638 3640/3997/3640
f 3655/3995/3655 3661/4003/3661 3662/4004/3662 3656/3996/3656
f 3664/4005/3664 3665/4006/3665 3666/4007/3666 3663/4008/3663
f 3658/4009/3658 3664/4005/3664 3663/4008/3663 3657/4010/3657
f 3622/4011/3622 3658/4012/3658 3657/4013/3657 3621/4014/3621
f 3647/3998/3647 3649/4015/3649 3650/4016/3650 3648/3999/3648
f 3653/3993/3653 3667/4017/3667 3668/4018/3668 3654/3994/3654
f 3661/4003/3661 3645/4019/3645 3646/4020/3646 3662/4004/3662
f 3651/3991/3651 3629/4021/3629 3630/4022/3630 3652/3992/3652
f 3645/4019/3645 3630/4022/3630 3629/4021/3629 3646/4020/3646
f 3660/4023/3660 3624/3975/3624 3623/3978/3623 3659/4024/3659
f 3667/4017/3667 3638/4002/3638 3637/4001/3637 3668/4018/3668
f 3659/4024/3659 3644/3987/3644 3643/3990/3643 3660/4023/3660
f 3665/4006/3665 3632/3979/3632 3631/3982/3631 3666/4007/3666
f 3649/4015/3649 3622/4011/3622 3621/4014/3621 3650/4016/3650
f 3353/3945/3353 3621/4014/3621 3657/4013/3657 115/3947/115
f 3649/4025/3649 3538/3812/3538 3524/3802/3524 3622/4026/3622
f 3336/3943/3336 3650/4016/3650 3621/4014/3621 3353/3945/3353
f 3658/4027/3658 3622/4026/3622 3524/3802/3524 3562/3805/3562
f 3340/3928/3340 3659/4024/3659 3623/3978/3623 3341/3925/3341
f 3341/3925/3341 3623/3978/3623 3626/3977/3626 3342/3929/3342
f 3570/3866/3570 3550/3868/3550 3625/4028/3625 3624/4029/3624
f 3570/3866/3570 3624/4029/3624 3660/4030/3660 3558/3863/3558
f 3342/3929/3342 3626/3977/3626 3636/3984/3636 3343/3931/3343
f 3550/3868/3550 3559/3870/3559 3635/4031/3635 3625/4028/3625
f 3349/3969/3349 3655/3995/3655 3627/3988/3627 3348/3971/3348
f 3643/4032/3643 3628/4033/3628 3534/3857/3534 3536/3860/3536
f 3348/3971/3348 3627/3988/3627 3644/3987/3644 3347/3973/3347
f 3628/4033/3628 3656/4034/3656 3569/3854/3569 3534/3857/3534
f 3339/3961/3339 3652/3992/3652 3630/4022/3630 3352/3963/3352
f 3646/4035/3646 3629/4036/3629 3530/3844/3530 3532/3848/3532
f 3629/4036/3629 3651/4037/3651 3568/3842/3568 3530/3844/3530
f 3352/3963/3352 3630/4022/3630 3645/4019/3645 3351/3965/3351
f 113/3953/113 3666/4007/3666 3631/3982/3631 3354/3955/3354
f 3354/3955/3354 3631/3982/3631 3634/3981/3634 3337/3957/3337
f 3632/4038/3632 3665/4039/3665 3539/3806/3539 3540/3809/3540
f 3632/4038/3632 3540/3809/3540 3541/3822/3541 3633/4040/3633
f 3337/3957/3337 3634/3981/3634 3642/3986/3642 3338/3959/3338
f 3633/4040/3633 3541/3822/3541 3547/3839/3547 3641/4041/3641
f 3343/3931/3343 3636/3984/3636 3654/3994/3654 3344/3933/3344
f 3559/3870/3559 3551/3872/3551 3653/4042/3653 3635/4031/3635
f 3345/3935/3345 3668/4018/3668 3637/4001/3637 3346/3937/3346
f 3638/4043/3638 3545/3834/3545 3546/3833/3546 3640/4044/3640
f 3346/3937/3346 3637/4001/3637 3639/4000/3639 3334/3939/3334
f 3552/3874/3552 3545/3834/3545 3638/4043/3638 3667/4045/3667
f 3529/3837/3529 3647/4046/3647 3640/4044/3640 3546/3833/3546
f 3334/3939/3334 3639/4000/3639 3648/3999/3648 3335/3941/3335
f 3547/3839/3547 3568/3842/3568 3651/4037/3651 3641/4041/3641
f 3338/3959/3338 3642/3986/3642 3652/3992/3652 3339/3961/3339
f 3347/3973/3347 3644/3987/3644 3659/4024/3659 3340/3928/3340
f 3660/4030/3660 3643/4032/3643 3536/3860/3536 3558/3863/3558
f 3351/3965/3351 3645/4019/3645 3661/4003/3661 3350/3967/3350
f 3662/4047/3662 3646/4035/3646 3532/3848/3532 3556/3851/3556
f 3529/3837/3529 3538/3812/3538 3649/4025/3649 3647/4046/3647
f 3335/3941/3335 3648/3999/3648 3650/4016/3650 3336/3943/3336
f 3551/3872/3551 3552/3874/3552 3667/4045/3667 3653/4042/3653
f 3344/3933/3344 3654/3994/3654 3668/4018/3668 3345/3935/3345
f 3656/4034/3656 3662/4047/3662 3556/3851/3556 3569/3854/3569
f 3350/3967/3350 3661/4003/3661 3655/3995/3655 3349/3969/3349
f 3664/4048/3664 3658/4049/3658 3562/3817/3562 3560/3820/3560
f 115/3952/115 3657/4010/3657 3663/4008/3663 114/3949/114
f 114/3949/114 3663/4008/3663 3666/4007/3666 113/3953/113
f 3665/4039/3665 3664/4048/3664 3560/3820/3560 3539/3806/3539
f 189/4050/189 188/4051/188 3670/4052/3670 3671/4053/3671
f 380/4054/380 381/4055/381 3681/4056/3681 3680/4057/3680
f 388/4058/388 390/4059/390 3686/4060/3686 3685/4061/3685
f 2642/4062/2642 2640/4063/2640 3703/4064/3703 3704/4065/3704
f 2650/4066/2650 2648/4067/2648 3707/4068/3707 3708/4069/3708
f 2658/4070/2658 2656/4071/2656 3711/4072/3711 3712/4073/3712
f 2666/4074/2666 2664/4075/2664 3715/4076/3715 3716/4077/3716
f 2674/4078/2674 2672/4079/2672 3719/4080/3719 3720/4081/3720
f 2682/4082/2682 2680/4083/2680 3723/4084/3723 3724/4085/3724
f 2697/4086/2697 2696/4087/2696 3725/4088/3725 3726/4089/3726
f 2706/4090/2706 2704/4091/2704 3730/4092/3730 3731/4093/3731
f 2714/4094/2714 2712/4095/2712 3734/4096/3734 3735/4097/3735
f 2722/4098/2722 2720/4099/2720 3738/4100/3738 3739/4101/3739
f 2730/4102/2730 2728/4103/2728 3742/4104/3742 3743/4105/3743
f 2738/4106/2738 2736/4107/2736 3746/4108/3746 3747/4109/3747
f 2746/4110/2746 2744/4111/2744 3750/4112/3750 3751/4113/3751
f 2696/4087/2696 2751/4114/2751 3754/4115/3754 3725/4088/3725
f 2752/4116/2752 2753/4117/2753 3756/4118/3756 3755/4119/3755
f 190/4120/190 189/4050/189 3671/4053/3671 3672/4121/3672
f 374/4122/374 373/4123/373 3674/4124/3674 3675/4125/3675
f 373/4123/373 379/4126/379 3679/4127/3679 3674/4124/3674
f 381/4128/381 382/4129/382 3682/4130/3682 3681/4131/3681
f 397/4132/397 399/4133/399 3692/4134/3692 3691/4135/3691
f 405/4136/405 407/4137/407 3696/4138/3696 3695/4139/3695
f 2698/4140/2698 2697/4086/2697 3726/4089/3726 3727/4141/3727
f 192/4142/192 190/4120/190 3672/4121/3672 3673/4143/3673
f 375/4144/375 374/4122/374 3675/4125/3675 3676/4145/3676
f 382/4129/382 384/4146/384 3683/4147/3683 3682/4130/3682
f 390/4059/390 391/4148/391 3687/4149/3687 3686/4060/3686
f 2644/4150/2644 2642/4062/2642 3704/4065/3704 3705/4151/3705
f 2652/4152/2652 2650/4066/2650 3708/4069/3708 3709/4153/3709
f 2660/4154/2660 2658/4070/2658 3712/4073/3712 3713/4155/3713
f 2668/4156/2668 2666/4074/2666 3716/4077/3716 3717/4157/3717
f 2676/4158/2676 2674/4078/2674 3720/4081/3720 3721/4159/3721
f 2700/4160/2700 2698/4140/2698 3727/4141/3727 3728/4161/3728
f 2708/4162/2708 2706/4090/2706 3731/4093/3731 3732/4163/3732
f 2716/4164/2716 2714/4094/2714 3735/4097/3735 3736/4165/3736
f 2724/4166/2724 2722/4167/2722 3739/4168/3739 3740/4169/3740
f 2732/4170/2732 2730/4102/2730 3743/4105/3743 3744/4171/3744
f 2740/4172/2740 2738/4106/2738 3747/4109/3747 3748/4173/3748
f 2748/4174/2748 2746/4110/2746 3751/4113/3751 3752/4175/3752
f 2753/4117/2753 2682/4082/2682 3724/4085/3724 3756/4118/3756
f 376/4176/376 375/4144/375 3676/4145/3676 3677/4177/3677
f 391/4148/391 392/4178/392 3688/4179/3688 3687/4149/3687
f 399/4133/399 401/4180/401 3693/4181/3693 3692/4134/3692
f 407/4137/407 409/4182/409 3697/4183/3697 3696/4138/3696
f 378/4184/378 376/4176/376 3677/4177/3677 3678/4185/3678
f 384/4146/384 386/4186/386 3684/4187/3684 3683/4147/3683
f 392/4178/392 393/4188/393 3689/4189/3689 3688/4179/3688
f 413/4190/413 192/4142/192 3673/4143/3673 3699/4191/3699
f 2637/4192/2637 2636/4193/2636 3700/4194/3700 3701/4195/3701
f 2646/4196/2646 2644/4150/2644 3705/4151/3705 3706/4197/3706
f 2654/4198/2654 2652/4152/2652 3709/4153/3709 3710/4199/3710
f 2662/4200/2662 2660/4154/2660 3713/4155/3713 3714/4201/3714
f 2670/4202/2670 2668/4156/2668 3717/4157/3717 3718/4203/3718
f 2678/4204/2678 2676/4158/2676 3721/4159/3721 3722/4205/3722
f 2702/4206/2702 2700/4160/2700 3728/4161/3728 3729/4207/3729
f 2710/4208/2710 2708/4162/2708 3732/4163/3732 3733/4209/3733
f 2718/4210/2718 2716/4164/2716 3736/4165/3736 3737/4211/3737
f 2726/4212/2726 2724/4166/2724 3740/4169/3740 3741/4213/3741
f 2734/4214/2734 2732/4170/2732 3744/4171/3744 3745/4215/3745
f 2742/4216/2742 2740/4172/2740 3748/4173/3748 3749/4217/3749
f 2750/4218/2750 2748/4174/2748 3752/4175/3752 3753/4219/3753
f 2636/4193/2636 2750/4218/2750 3753/4219/3753 3700/4194/3700
f 393/4188/393 395/4220/395 3690/4221/3690 3689/4189/3689
f 401/4180/401 403/4222/403 3694/4223/3694 3693/4181/3693
f 409/4182/409 411/4224/411 3698/4225/3698 3697/4183/3697
f 2638/4226/2638 2637/4192/2637 3701/4195/3701 3702/4227/3702
f 386/4186/386 388/4058/388 3685/4061/3685 3684/4187/3684
f 2640/4063/2640 2638/4226/2638 3702/4227/3702 3703/4064/3703
f 2648/4067/2648 2646/4196/2646 3706/4197/3706 3707/4068/3707
f 2656/4071/2656 2654/4198/2654 3710/4199/3710 3711/4072/3711
f 2664/4228/2664 2662/4200/2662 3714/4201/3714 3715/4229/3715
f 2672/4079/2672 2670/4202/2670 3718/4203/3718 3719/4080/3719
f 2680/4083/2680 2678/4204/2678 3722/4205/3722 3723/4084/3723
f 2704/4091/2704 2702/4206/2702 3729/4207/3729 3730/4092/3730
f 2712/4095/2712 2710/4208/2710 3733/4209/3733 3734/4096/3734
f 2720/4099/2720 2718/4210/2718 3737/4211/3737 3738/4100/3738
f 2728/4103/2728 2726/4212/2726 3741/4213/3741 3742/4104/3742
f 2736/4107/2736 2734/4214/2734 3745/4215/3745 3746/4108/3746
f 2744/4111/2744 2742/4216/2742 3749/4217/3749 3750/4112/3750
f 188/4051/188 187/4230/187 3669/4231/3669 3670/4052/3670
f 187/4230/187 378/4184/378 3678/4185/3678 3669/4231/3669
f 379/4126/379 380/4054/380 3680/4057/3680 3679/4127/3679
f 395/4220/395 397/4132/397 3691/4135/3691 3690/4221/3690
f 403/4222/403 405/4136/405 3695/4139/3695 3694/4223/3694
f 411/4224/411 413/4190/413 3699/4191/3699 3698/4225/3698
f 2751/4114/2751 2752/4116/2752 3755/4119/3755 3754/4115/3754
